date,Same as yesterday,Same day last week,Ridge (same features),LightGBM (current model),"Chronos-Bolt small (zero-shot, demand only)","Chronos-2 (zero-shot, with weather)",N-HiTS (with weather)
2016-01-01,4.1734,2.2472,1.5367,4.4142,1.4206,3.9704,4.3872
2016-01-02,6.1329,7.1550,2.3484,2.4350,3.2776,3.4721,2.9618
2016-01-03,-2.4917,-1.8272,-6.7550,-5.7674,-1.6397,-5.0717,-4.2065
2016-01-04,-2.1138,0.9756,3.0503,3.4933,-0.6502,3.1471,0.6475
2016-01-05,-0.1623,1.4610,4.2880,1.7412,3.7848,2.0215,1.0927
2016-01-06,0.3257,3.5831,2.9966,1.5977,2.7655,1.7484,0.7680
2016-01-07,1.1532,6.9193,2.3814,2.5450,2.8133,2.7411,1.6849
2016-01-08,-13.9007,-11.6312,-15.8056,-13.1303,-13.4609,-13.5871,-13.8835
2016-01-09,15.9539,-3.4539,4.5135,10.9531,5.5520,3.7308,13.2774
2016-01-10,5.7391,4.6957,0.2148,0.9680,5.8305,3.1995,2.3291
2016-01-11,-5.1155,1.4851,2.4566,1.2112,-1.0509,3.3273,-0.6757
2016-01-12,-1.7828,-0.1621,1.4812,-0.5964,1.8049,0.9777,-1.3935
2016-01-13,-0.1618,-0.6472,-0.2429,0.1043,1.6276,1.1495,-0.3780
2016-01-14,-0.1616,-1.9386,-0.7502,0.1854,1.4469,0.4410,1.2049
2016-01-15,-4.6225,8.6287,-1.7006,-1.1561,-5.5990,-3.2159,-3.2324
2016-01-16,2.0440,-4.4025,-2.1131,0.8511,-2.8936,-3.5405,-1.1535
2016-01-17,4.7776,-5.2718,1.4393,1.0312,1.0432,-0.7658,-0.2609
2016-01-18,-4.4094,-4.5669,5.4821,1.0129,-3.5157,0.4907,-0.3271
2016-01-19,-5.3651,-8.0477,0.4644,-3.8500,-5.0477,-4.1359,-4.5679
2016-01-20,-0.5926,-8.4444,1.3639,0.3024,-2.6402,-2.0551,-0.6015
2016-01-21,0.5961,-7.7496,2.6503,1.2717,-0.5443,-0.9483,1.1053
2016-01-22,-1.6129,-4.8387,0.8954,-0.7725,-3.7467,-1.0944,-0.3171
2016-01-23,5.5728,-1.5480,4.3634,0.4716,-0.1917,0.4856,2.2937
2016-01-24,-0.7680,-6.7588,-2.3682,-5.4145,-3.3616,-4.2572,-3.9988
2016-01-25,-3.6982,-6.0651,5.0047,2.1398,-3.6166,0.3925,-0.1783
2016-01-26,19.8582,18.9716,17.1742,11.9144,21.0419,20.0841,18.1375
2016-01-27,-14.6747,2.1180,-5.9108,-6.0450,-8.7285,-5.2191,-11.2397
2016-01-28,2.6398,4.1925,2.9851,2.6849,1.9926,1.4627,3.8102
2016-01-29,-0.6173,5.2469,-0.4925,0.9696,-1.3873,-1.3703,1.5147
2016-01-30,7.4627,7.1310,5.9262,3.5437,3.9082,1.0780,4.6114
2016-01-31,4.5061,12.8250,-0.2510,0.3805,4.5329,1.9075,3.3607
2016-02-01,-7.5321,8.3333,-0.5483,1.5467,-2.5901,-0.3682,-3.2972
2016-02-02,0.4831,-9.1787,-1.6146,0.8672,1.5056,-0.0025,0.6862
2016-02-03,-1.1146,5.2548,0.6332,-0.1920,-0.2848,-1.8581,-1.7266
2016-02-04,-0.6329,1.8987,-3.5550,-1.0736,-0.4679,-1.8802,-1.2950
2016-02-05,-1.4041,1.0920,-5.0958,-1.9582,-2.8277,-2.4721,-1.4448
2016-02-06,6.6556,0.3328,-2.5504,0.7047,2.0763,0.2617,3.3487
2016-02-07,3.2646,-0.8591,-5.0816,-2.4895,2.8630,-0.4714,-5.9414
2016-02-08,22.7848,31.6456,33.4142,29.1421,26.4975,30.3116,30.1071
2016-02-09,-23.9165,-0.3210,-15.8538,-16.3536,-13.5141,-5.8369,-21.4941
2016-02-10,0.6462,1.4540,-0.1816,0.1047,-1.1682,-1.3331,1.6244
2016-02-11,1.3093,3.4370,-1.3476,1.0788,0.1467,-0.4866,1.1148
2016-02-12,-3.9308,0.7862,-7.4642,-4.3213,-5.1265,-4.5148,-5.3726
2016-02-13,10.0346,3.9792,-0.5398,5.1225,4.8559,2.6293,8.4115
2016-02-14,2.3009,3.0088,-4.0001,-2.6112,1.8134,-1.2239,-0.0838
2016-02-15,-5.2013,-20.4698,-5.5767,-0.2325,-3.0724,-1.1564,-2.2487
2016-02-16,1.0169,5.5932,5.5567,1.4919,3.1002,0.6484,2.2569
2016-02-17,-3.4370,1.3093,-3.0157,-3.8783,-1.2308,-3.3451,-2.8009
2016-02-18,3.0354,3.0354,2.4486,3.5017,1.3032,1.0146,2.3137
2016-02-19,-2.9460,4.0917,-1.4857,-1.7146,-3.7068,-2.2869,-3.3075
2016-02-20,8.7189,2.8470,0.6248,3.0498,2.9499,2.3253,4.7587
2016-02-21,7.4570,8.0306,1.3843,2.6075,7.8352,4.4978,4.9291
2016-02-22,-5.0817,8.1670,1.6938,2.8200,1.6084,2.2399,-2.0419
2016-02-23,-3.1634,3.6907,-0.2698,-0.3185,1.0661,-0.4381,-3.2784
2016-02-24,7.3585,15.2830,8.2441,7.6032,8.9672,8.3244,8.3601
2016-02-25,-12.6853,-2.3064,-11.8951,-7.1050,-9.6866,-8.7568,-12.6775
2016-02-26,1.3356,2.0033,-1.0483,0.4719,-4.8053,-2.2224,1.8515
2016-02-27,6.7736,0.1783,-0.2750,0.6448,-0.4780,-1.8260,3.9515
2016-02-28,3.3149,-3.6832,-1.0662,-1.6874,1.1633,-0.7014,0.9175
2016-02-29,-6.2176,-4.8359,2.3542,-1.3151,-3.9962,-1.8095,-3.0666
2016-03-01,-4.6129,-6.2603,-0.0313,-4.1570,-4.3395,-4.6218,-3.1534
2016-03-02,0.9983,-11.8136,1.6668,1.1528,-1.5529,-1.1253,1.3310
2016-03-03,-1.7974,-0.8170,0.3545,0.2968,-3.9996,-2.9604,-1.2926
2016-03-04,-2.8571,-4.9206,-6.1918,-2.6522,-6.1792,-3.3973,-1.6556
2016-03-05,10.1399,-1.9231,-1.4424,3.0761,1.9255,-0.4382,7.8121
2016-03-06,8.7452,3.2319,-0.6295,-1.7069,6.9615,3.1968,2.5093
2016-03-09,-2.9316,-2.1173,-2.9520,-3.8863,-4.3965,-5.6271,-1.5667
2016-03-10,-2.2293,-2.5478,-1.0294,-1.4383,-4.6677,-3.7451,-1.6176
2016-03-11,-0.3175,0.0000,-2.0958,-0.1694,-4.3906,-0.0557,1.7899
2016-03-12,10.7206,0.5272,0.0748,5.0034,4.2221,2.4125,7.3115
2016-03-13,2.7076,-5.0542,-3.4628,-2.1645,2.1155,0.0896,-1.9220
2016-03-14,-7.0470,,-2.6420,-2.9129,-4.2571,-0.6665,-2.1454
2016-03-15,-1.3245,-1.3245,1.3368,2.1673,-1.4341,-0.2170,1.3638
2016-03-16,-1.6287,0.0000,-2.2011,-1.7209,-0.9247,-1.3079,-0.5214
2016-03-17,3.0201,5.3691,3.0615,3.8372,2.4320,3.8228,4.8075
2016-03-18,-7.8825,-2.6275,-7.2972,-6.6455,-8.2446,-4.8958,-4.7572
2016-03-19,3.8523,-8.6677,-2.2001,-1.0315,-4.6239,-4.4106,0.0234
2016-03-20,5.0590,-6.5767,1.1527,1.2980,-0.0953,-0.5783,2.8420
2016-03-21,-5.5732,-5.0955,0.7424,0.9705,-4.1910,-0.7791,0.2159
2016-03-22,2.7823,-1.1457,1.5636,3.4267,4.7519,2.8173,5.4808
2016-03-27,2.3891,1.1945,-1.4859,-2.1654,-2.7930,-1.3371,-2.0481
2016-03-28,-7.4250,-0.7899,1.7097,-0.8077,-7.0173,-3.4726,-1.0299
2016-03-29,-3.5061,-6.8598,0.1508,-1.4262,-4.5311,-4.1498,-1.3535
2016-03-30,-2.9586,,1.1239,-1.1895,-4.0432,-0.9576,-0.5143
2016-03-31,-7.0151,-34.1128,-1.5389,-1.1693,-7.5771,-3.3890,-4.9418
2016-04-01,-1.2228,,-1.8349,-0.3972,-3.4858,4.9394,-1.6680
2016-04-02,0.4093,-18.1446,2.8086,0.4701,-4.0099,1.4724,-1.9855
2016-04-03,-1.3459,-21.1306,0.5941,-2.1344,-3.8383,2.5457,-4.7702
2016-04-04,-9.0575,-22.5214,-2.7928,-0.8366,-8.1342,-2.5976,0.9095
2016-04-05,1.3648,-18.6104,0.1352,1.2341,1.9220,2.6228,2.8406
2016-04-06,-1.9465,-17.7616,-3.6767,-1.8770,-0.5304,-2.4290,-0.2732
2016-04-07,0.6120,-11.0159,-4.7422,1.8849,3.4515,-1.8285,1.7157
2016-04-08,7.2178,-3.4121,1.3159,8.4262,9.9586,4.7298,10.7459
2016-04-09,-1.4230,-5.1746,-4.0861,-3.8943,-0.5681,-2.2705,-5.2498
2016-04-10,4.4595,0.4054,1.6830,1.1950,4.9581,3.4970,3.1014
2016-04-11,-6.8010,2.8967,-1.5301,-0.0847,-1.4919,-2.7134,5.1768
2016-04-12,0.5063,2.0253,0.7371,1.3463,4.8672,0.2899,5.6816
2016-04-13,3.5387,7.7326,7.3042,5.2330,7.8638,6.2972,5.3223
2016-04-14,-6.1501,0.4920,-7.1570,-9.1117,-1.6943,-2.3598,-8.3803
2016-04-15,-2.9833,-9.0692,-5.5602,-5.1529,-1.8174,1.2481,1.2988
2016-04-16,-1.4118,-9.0588,1.6765,-0.0381,-4.7929,-0.9939,-4.3288
2016-04-17,-2.1864,-14.8446,-1.4552,-4.4063,-4.6849,-3.1336,-8.8426
2016-04-18,-8.7185,-16.5966,-1.5151,-0.0314,-7.7884,-3.6290,6.5152
2016-04-19,-2.9562,-19.4699,-2.4434,-2.0693,-2.0355,-3.2610,1.2486
2016-04-20,5.9395,-17.6026,-1.4916,-0.7829,6.1899,3.5955,4.2874
2016-04-21,-2.5263,-14.4211,-2.0283,-1.9504,0.0999,-1.2470,2.6553
2016-04-22,-1.1446,-12.7992,-2.7267,-1.0916,-0.4179,-0.3525,0.0900
2016-04-23,10.0802,-2.6346,1.9774,4.5283,7.3690,2.7336,2.8786
2016-04-24,11.2102,10.7006,4.0321,6.9322,12.5373,3.9133,1.3139
2016-04-25,-11.1991,7.6923,-3.8980,-1.4915,-3.5853,-4.6894,6.4965
2016-04-26,-2.8571,7.8022,0.0099,-0.1395,2.2578,-2.1120,2.8816
2016-04-27,-2.7778,-1.0684,-2.1423,0.1959,0.0239,-3.3402,0.3744
2016-04-28,-5.5499,-4.1372,-6.0373,-4.8186,-3.5911,-5.1830,-1.2896
2016-04-29,6.9040,3.6677,3.3203,6.8876,5.8463,6.9077,13.3633
2016-04-30,0.9804,-4.9020,-2.7308,-2.0802,-1.4174,-3.3159,-4.8789
2016-05-01,4.5558,-10.5923,2.1102,2.1595,1.7998,2.5171,-1.6782
2016-05-02,-8.3507,-7.7244,1.3930,0.4706,-4.2878,-0.0325,10.5949
2016-05-03,-8.6749,-13.2507,-7.9527,-11.0840,-7.5107,-6.9160,-4.2643
2016-05-04,2.8431,-8.2353,0.7244,2.3375,0.9239,0.4577,3.4117
2016-05-05,5.5901,2.5880,0.6642,-1.9144,3.8552,5.0979,6.4315
2016-05-06,2.0063,-2.1119,-1.9119,1.0725,1.9500,1.3362,3.7315
2016-05-07,5.6920,2.4554,3.6308,2.7630,4.1366,1.9492,-2.3803
2016-05-08,-3.2397,-5.1836,-4.7945,-5.7835,-3.7365,-6.1934,-6.9661
2016-05-09,-8.7685,-5.6158,-1.9532,0.0780,-5.2981,-1.9457,0.4523
2016-05-10,-2.7778,0.4789,-0.0476,-0.5986,-1.9049,-0.2971,-3.9231
2016-05-11,3.4688,1.0902,3.3114,2.6632,2.8237,3.4387,1.4916
2016-05-12,-4.9906,-9.0395,-3.2617,-2.5589,-5.1882,-2.2361,-4.7307
2016-05-13,-2.4793,-13.0395,-1.7426,-0.6058,-4.8202,0.4383,-1.5588
2016-05-14,1.8709,-16.1833,-0.1803,-0.1031,-5.0963,-0.6253,0.2863
2016-05-15,1.9066,-11.7255,-0.1028,-1.0892,-3.1742,1.8147,0.1234
2016-05-16,-5.4103,-8.4761,-0.2000,1.5678,-4.9071,1.6306,0.2928
2016-05-17,-3.0594,-8.7413,-1.4902,-1.6146,-3.8840,0.3599,-1.2471
2016-05-18,-2.0548,-13.6130,-2.7829,-2.1687,-3.6623,-1.3148,-1.5752
2016-05-19,-4.4971,-13.1643,-5.8962,-5.9918,-6.8151,-3.5365,-3.1976
2016-05-20,-3.0903,-13.7084,-5.8979,-5.1862,-6.9053,-2.4247,-3.7632
2016-05-21,4.7303,-11.2863,-4.4036,-2.2027,-2.1589,-0.4364,2.0918
2016-05-22,7.3975,-6.5062,4.9153,3.7301,2.6518,4.7122,4.4572
2016-05-23,6.9590,5.7197,11.4219,10.8237,9.4312,13.5123,8.3573
2016-05-24,6.4975,16.1421,8.8481,5.4577,12.1549,7.8490,2.8105
2016-05-25,-4.4617,13.2881,-0.8800,-0.2717,0.1332,-2.3900,-7.4307
2016-05-26,-4.0930,13.7674,-0.9070,0.1780,-0.6180,-0.1959,-3.1016
2016-05-27,-5.5360,10.8963,-2.7777,-1.7454,-4.1741,-2.5034,-1.8388
2016-05-28,2.0628,8.0717,0.4497,-0.7896,-2.2728,-1.8795,-3.7971
2016-05-29,18.8699,19.6162,10.7751,5.2540,14.6737,10.1964,5.2117
2016-05-30,5.5118,17.9978,7.4000,8.3763,11.5695,8.7786,12.9166
2016-05-31,-1.0022,9.6882,7.3905,5.5835,9.2726,11.1695,6.3670
2016-06-01,-13.1528,-0.2901,-5.9046,-7.7291,-5.7688,-5.0377,-8.4919
2016-06-02,-8.2520,-4.6140,-5.5686,-5.5001,-4.9960,-1.5362,-4.4780
2016-06-03,-3.6752,-2.7350,-4.3191,-4.5033,-4.1862,-2.9871,-2.0968
2016-06-04,-2.5812,-7.1607,-3.7847,-6.9765,-7.6638,-6.0645,-1.7774
2016-06-05,1.2648,-20.9106,-3.8782,-6.2637,-3.6141,-3.5292,0.4308
2016-06-06,-1.4950,-26.1628,-1.6071,0.2185,-3.7692,-0.9429,4.4299
2016-06-07,0.7531,-24.8536,-1.1363,-1.1097,-0.2261,-0.1015,1.6880
2016-06-08,2.9285,-10.9388,1.7311,3.4065,2.7352,3.9611,3.1166
2016-06-09,-1.6935,-4.5724,-2.1291,-1.6488,-1.7609,-0.8227,-1.8513
2016-06-10,3.5965,2.6316,2.2763,2.9995,2.1557,5.0916,3.5810
2016-06-11,15.1515,21.3131,12.5852,6.8270,10.0333,11.3080,7.0673
2016-06-12,-0.5025,19.1960,-1.1033,-4.0027,-1.2596,-2.6909,-10.1935
2016-06-13,-12.1801,6.2665,-5.3084,-4.5753,-8.2050,-2.5052,-6.7106
2016-06-14,4.4240,10.1382,2.4751,2.4588,7.0780,2.9170,7.4478
2016-06-15,-6.1419,0.4325,-6.9676,-7.2360,-4.4633,-7.1480,-2.3997
2016-06-16,5.3783,7.6572,4.0058,4.3386,6.1804,3.8443,6.7308
2016-06-17,-4.0245,-0.2625,-4.4170,-2.8401,-3.4388,-4.1307,-4.0011
2016-06-18,-2.3077,-15.3846,-8.3842,-9.6965,-6.2195,-10.6776,-21.6214
2016-06-19,5.6911,-10.1174,0.0930,-1.6919,1.2035,-1.3017,2.2761
2016-06-20,-3.8228,-1.5639,0.1484,1.1726,-3.8926,-1.4275,4.8242
2016-06-21,3.6937,-2.2523,2.3059,1.7398,4.3919,1.6726,7.2190
2016-06-22,-2.5461,1.4925,-3.3079,-4.7957,-2.0985,-4.3157,2.2436
2016-06-23,0.8857,-2.8344,1.1135,-0.0784,1.0688,2.2064,0.2807
2016-06-24,-3.6689,-2.4744,-3.2730,-4.2786,-3.9869,0.1936,-2.2059
2016-06-25,-2.4958,-2.6622,-3.9788,-6.3055,-5.5111,-3.5511,-2.4627
2016-06-26,3.6207,-4.5690,-3.1321,-4.4719,-0.9731,-2.1541,3.2924
2016-06-27,-5.7677,-6.4988,-4.6786,-1.6362,-6.8071,-5.4056,-3.4014
2016-06-28,-0.6457,-10.4116,-5.7930,-5.7673,-0.4750,-3.8388,0.2244
2016-06-29,3.0782,-5.2413,0.6378,2.1644,2.5627,4.2388,-1.5959
2016-06-30,-7.1815,-12.8185,-7.4419,-7.0255,-6.7653,-5.5224,-5.1334
2016-07-01,2.5337,-7.2051,-4.8647,-1.6799,-1.5632,0.9833,1.6018
2016-07-02,28.4842,22.2787,10.7547,15.4108,23.3591,15.3656,1.4728
2016-07-03,5.1337,24.0642,0.1251,-0.9792,7.9871,0.1034,0.7481
2016-07-04,-8.3333,20.6863,-0.0133,3.0054,-1.8398,1.2939,5.4477
2016-07-05,-9.8143,9.5491,-4.1233,-2.7779,-4.7015,-3.9457,-1.9568
2016-07-06,-2.0779,4.0693,-6.7440,-8.0190,-0.3050,-3.2087,1.4154
2016-07-07,2.5755,15.0089,3.6639,7.9676,3.4592,3.1156,2.5479
2016-07-08,-0.4421,11.6711,1.3425,1.6600,-1.7526,0.2680,-1.5750
2016-07-09,4.1436,-9.4843,1.9843,3.2606,0.1094,-0.0403,5.7248
2016-07-10,3.5272,-10.8675,1.7720,-0.2167,1.1775,2.1250,4.7060
2016-07-11,-6.4228,-9.0098,-3.4538,0.3014,-4.1083,-4.0374,-0.1509
2016-07-12,4.0854,5.0139,3.1320,2.1059,5.8873,3.4874,2.7987
2016-07-13,-0.1854,7.0436,1.5673,2.6728,1.4907,1.8633,-3.4292
2016-07-14,0.2788,4.6468,-0.8834,0.3248,1.4781,2.8741,1.0871
2016-07-15,0.3731,5.5037,-3.7975,-1.0930,-0.9009,0.4035,0.1193
2016-07-16,14.1640,15.6550,-0.6339,-0.3967,9.1544,4.3878,2.1292
2016-07-17,11.1243,24.1420,0.8919,2.7334,10.8883,5.5049,4.0305
2016-07-18,-8.3514,21.5835,3.4830,5.3982,-0.8466,6.3692,1.5075
2016-07-19,-9.2520,6.0039,-2.0532,-0.5184,-0.0322,-0.6449,-6.4491
2016-07-20,-8.9606,-3.3154,-4.7441,-4.0874,-5.1224,-3.7478,-7.3548
2016-07-21,-4.9404,-8.3475,-3.9478,-3.7135,-5.2626,-2.3816,-3.9216
2016-07-22,-3.2949,-11.6969,-5.1103,-3.7033,-6.4248,-3.0105,-5.1885
2016-07-23,9.1727,-15.5576,0.8942,0.3577,2.8355,-0.6678,7.7121
2016-07-24,6.0057,-19.4471,-0.7201,-1.5837,-0.3990,-1.2350,5.9408
2016-07-25,-5.5806,-17.0117,-2.5587,1.6120,-5.2457,-0.8616,-2.7532
2016-07-26,-3.3913,-11.6522,-5.5136,-5.7277,-2.1483,-4.7671,-2.2359
2016-07-27,13.3005,9.9507,7.8647,6.6516,12.6911,8.0859,11.6661
2016-07-28,1.9076,17.8715,-0.6241,0.3843,4.5610,0.8017,0.9635
2016-07-29,2.8926,25.4132,-1.6169,-2.0390,5.1153,0.6091,3.2737
2016-07-30,6.0241,21.7963,3.0580,2.3934,2.8727,1.0489,2.5987
2016-07-31,7.0340,22.9777,4.2082,3.9708,3.0153,3.8718,2.7666
2016-08-01,-7.9827,19.8490,-0.9959,-0.1337,-3.6847,0.9598,1.3765
2016-08-02,0.8705,25.1360,6.2255,6.6320,6.6412,8.2749,4.1014
2016-08-03,-9.5472,-0.0984,-4.0184,-2.7090,-8.1521,-2.9608,-7.8905
2016-08-04,-7.7203,-9.5368,-5.8973,-3.3014,-8.5460,-3.0164,-8.1074
2016-08-05,-5.0862,-16.5517,-6.0569,-3.8565,-8.3130,-3.3892,-5.7627
2016-08-06,9.5373,-13.7866,2.0208,0.2907,0.3332,-0.7402,6.4454
2016-08-07,5.1639,-15.2929,0.5052,0.0195,-0.9928,-0.4642,1.1358
2016-08-08,-10.6477,-17.7462,-6.9744,-3.6066,-8.3723,-5.7121,-2.0419
2016-08-09,1.0762,-17.5785,-2.8340,-6.5091,0.1773,-1.6722,3.1001
2016-08-10,1.7336,-7.2993,-2.4471,-1.4564,1.8053,-1.8292,-0.6515
2016-08-11,6.7186,7.2055,2.3567,3.6516,8.5626,5.0639,3.9962
2016-08-12,3.6327,17.0535,1.5725,2.3669,6.0111,4.7334,1.3025
2016-08-13,4.2061,11.3565,1.7357,-0.4366,2.8894,0.3524,-0.2149
2016-08-14,6.3758,12.6398,2.4362,-1.3652,5.2200,1.3798,0.7012
2016-08-15,5.6738,33.2151,11.0533,14.0564,13.6721,18.4288,-2.8952
2016-08-16,-18.4971,7.4181,-8.6445,-11.6569,-11.9088,-7.6279,-8.5826
2016-08-17,0.0964,5.6895,-0.6341,-2.0425,2.3569,-0.5894,1.6692
2016-08-18,11.1468,10.0750,9.4332,9.4957,10.8810,10.2244,12.9737
2016-08-19,-9.1529,-3.5054,-5.0810,-4.8754,-8.6332,-1.7700,-7.2361
2016-08-20,0.9833,-6.4897,-1.8804,-3.2016,-4.8574,-3.2394,-4.2739
2016-08-21,3.2487,-9.2386,-1.9527,-3.8330,-3.5907,-4.4799,-3.6921
2016-08-22,-7.9439,-20.9346,-5.3116,-5.0474,-5.4590,-5.8617,2.9942
2016-08-23,-1.3825,-4.3318,0.5444,-0.4423,0.1288,-1.0385,-0.7738
2016-08-24,4.1267,-0.4798,0.2295,-4.0830,3.7712,-1.4670,2.9095
2016-08-25,6.4351,-4.6987,0.8648,-0.6032,7.0264,8.2420,-4.1633
2016-08-26,-7.2917,-2.7462,-3.7642,-0.2036,-5.9496,-2.1527,-1.1703
2016-08-27,3.2258,-0.5865,0.4939,-2.3967,-0.9567,-1.9217,0.1517
2016-08-28,-0.5831,-4.2760,-2.5612,-5.3769,-4.5182,-3.2291,-3.3063
2016-08-29,0.0000,3.9845,1.6071,5.2569,1.2723,1.1538,5.2398
2016-08-30,3.9394,9.5960,3.3260,1.0551,7.1302,3.7408,4.7826
2016-08-31,7.7258,13.3841,6.3606,1.4507,12.0044,7.3557,7.8656
2016-09-01,0.2181,6.7612,1.2469,0.6531,5.0032,2.8162,1.0933
2016-09-02,-4.8755,9.5436,-2.0317,0.5716,-3.5759,0.9024,-0.0029
2016-09-03,2.5532,8.8298,0.6174,1.6221,-2.3647,-0.3351,-0.1494
2016-09-04,1.2931,10.8836,-0.0654,0.6409,-2.3727,-2.1142,-3.3503
2016-09-05,-7.2927,2.7972,-2.6095,-1.4570,-5.3677,-3.4936,0.8815
2016-09-06,0.6030,-0.5025,1.7694,1.7154,2.2192,0.8097,1.6237
2016-09-07,-1.3875,-8.9197,-1.9387,-0.6501,-0.9060,-3.3125,-2.8351
2016-09-08,-1.3685,-10.3617,-3.0463,-1.6566,-0.7399,-2.0420,-2.0488
2016-09-09,-2.4786,-8.1030,-3.4921,-0.3121,-2.4619,-2.0656,-2.1469
2016-09-10,5.1102,-5.8116,1.1231,1.7860,0.9331,0.2654,4.0726
2016-09-11,4.3933,-2.9289,0.9388,1.6928,0.7566,-0.7516,2.1103
2016-09-12,-6.5494,-2.1505,-7.0474,-2.4054,-3.3248,-1.5495,-3.5292
2016-09-13,-3.1250,-5.7765,-0.6124,2.0895,-0.8074,-1.1587,-1.4157
2016-09-14,0.9560,-3.5373,-0.5280,-1.3209,0.5224,-2.1618,0.9714
2016-09-15,-1.8762,-4.0338,-2.0261,-1.5712,-2.0889,-1.0825,-1.8902
2016-09-16,0.9470,-0.6629,0.4651,2.2424,0.2739,1.0359,2.1109
2016-09-17,1.8322,-3.7608,-1.9469,-3.6626,-2.1372,-3.8526,-0.6823
2016-09-18,4.5363,-3.6290,0.4718,0.2560,1.6335,-0.8955,2.2208
2016-09-19,-6.3267,-3.3994,-2.1699,-0.8844,-3.5820,-1.4678,-3.5793
2016-09-20,-2.0352,-2.3127,-0.2110,-0.3557,-1.9733,0.6611,-1.6263
2016-09-21,-2.3487,-5.5104,-3.2611,-2.4574,-4.3973,-2.9219,-2.7682
2016-09-22,5.7307,1.8147,-1.5443,-5.1013,2.0862,-2.0567,4.6340
2016-09-23,0.7700,1.6362,-2.7576,-0.8910,-1.4514,-1.4675,-0.7642
2016-09-24,4.0040,3.8038,-0.0755,-0.5489,0.3454,0.4514,-1.9307
2016-09-25,7.3040,6.5521,1.6818,-0.6237,4.7301,2.5260,2.9033
2016-09-26,-8.7255,3.8235,-3.7910,-2.5672,-4.5825,-0.8379,-9.6154
2016-09-27,-0.8746,5.0534,0.3370,0.2472,1.7446,2.6467,-1.3045
2016-09-28,-3.2895,4.0414,-2.6640,-2.5135,-2.0790,-2.0123,-4.1770
2016-09-29,-2.2957,-3.8567,-3.9391,-3.0264,-2.1596,-2.2716,-1.7889
2016-09-30,-0.7293,-5.2871,-3.6328,-0.9896,-1.4903,-0.3772,0.4909
2016-10-01,2.0465,-7.0698,-1.7820,-2.0634,-1.2048,-0.1122,2.8626
2016-10-02,8.3669,-6.1492,-1.9627,-2.6476,5.8178,3.8195,0.7631
2016-10-03,-10.0635,-7.5249,-5.4502,-2.1232,-6.3161,-2.3856,-10.2164
2016-10-04,1.9409,-4.8983,1.5746,1.6461,3.1409,2.5640,6.4152
2016-10-05,8.8531,7.0423,5.4223,0.2673,7.6686,6.5330,13.6348
2016-10-06,-1.5842,7.8218,-1.4356,-0.8619,-0.8531,0.6623,-2.1317
2016-10-07,-0.6883,7.8663,-1.2825,1.7195,-0.1215,1.6505,3.2543
2016-10-08,6.9401,13.0389,2.6140,3.7616,4.9211,1.0860,3.1348
2016-10-09,5.0829,9.6133,0.3209,0.8077,5.8958,-0.0092,7.0203
2016-10-10,-2.1622,19.2432,1.0433,3.6015,4.7037,0.6326,-3.1468
2016-10-11,16.4987,36.2720,8.7387,7.8805,24.7834,10.0532,12.5112
2016-10-12,-3.2887,21.0719,-6.8953,-6.6881,3.2385,-3.3473,-7.8995
2016-10-13,-3.7515,18.4056,-3.7481,1.4210,-1.1933,-5.2246,-1.4956
2016-10-14,1.3064,20.7838,-2.3595,2.0919,0.4835,-3.7891,2.8663
2016-10-15,5.9119,19.6226,0.7867,6.0168,1.6383,-1.3785,4.3794
2016-10-16,8.9041,23.9726,4.1988,7.0934,5.8384,2.5254,6.9988
2016-10-17,-7.4778,17.2370,-0.5814,-0.7115,-6.5659,-2.3344,-0.5259
2016-10-18,1.0243,1.6645,-0.4877,0.9694,1.9044,-2.1824,1.7299
2016-10-19,1.0349,6.2096,-0.2505,-0.0131,-1.5298,-2.3799,0.6469
2016-10-20,-1.4031,8.8010,-2.6749,-2.5538,-4.3882,-3.7742,-0.9406
2016-10-21,0.0000,7.3980,-2.7864,-1.2230,-3.5262,1.3924,-0.5157
2016-10-22,4.5333,6.0000,-0.5364,-2.5260,-1.9501,-1.1114,3.1656
2016-10-23,-0.6623,-3.3113,-7.7869,-9.1316,-3.5699,-7.7164,-5.1530
2016-10-24,0.0000,4.5033,2.5854,1.7864,0.6155,0.7361,3.2543
2016-10-25,-1.1780,2.2251,-1.1678,-4.2451,-1.2739,-2.1198,-1.8734
2016-10-26,0.6588,1.8445,-1.6678,-1.7982,-1.3612,-1.1667,0.8228
2016-10-27,2.2911,5.6604,-3.1385,-2.0050,0.8949,-0.1853,1.8141
2016-10-28,2.9126,8.7379,-3.1849,-1.9186,-0.1680,0.1082,0.3779
2016-10-29,7.6119,11.9403,0.9472,-0.3666,3.6544,0.5869,3.2043
2016-10-30,14.5299,29.0598,0.0451,2.1436,13.7163,8.3494,6.7068
2016-10-31,1.7391,31.3043,14.4001,12.9826,6.0049,11.4873,6.2421
2016-11-01,-5.5829,25.4516,3.3005,-1.5690,-2.4712,-0.0944,-7.5450
2016-11-02,-5.8733,17.3107,-0.7010,-3.2917,-6.2640,-2.8203,-6.7886
2016-11-03,3.1898,18.3413,4.6232,4.1854,-0.2778,4.1138,3.2449
2016-11-04,-1.8779,12.8326,-1.3313,0.6817,-5.4151,-0.4080,-3.7338
2016-11-05,3.2310,8.2391,0.2113,1.1628,-1.8754,-3.0862,-0.6680
2016-11-06,6.1750,0.3431,0.7241,1.5433,2.3741,0.5982,2.5530
2016-11-07,-3.4768,-4.8013,3.8196,0.6906,-3.8390,0.8362,1.9923
2016-11-08,-1.1457,-0.3273,3.1261,-0.7538,-2.6285,0.3200,-0.9879
2016-11-09,2.1739,8.1940,4.1050,2.1055,0.9043,1.5797,2.5397
2016-11-10,0.8432,5.7336,0.6357,0.3411,0.3986,2.4374,-0.3605
2016-11-11,4.2179,12.3023,3.9126,3.3923,2.4694,7.8936,1.8626
2016-11-12,4.5956,13.7868,3.3304,0.3031,5.0002,4.2272,-1.8601
2016-11-13,5.2224,12.7660,2.0597,4.5256,6.8696,2.5268,-9.8806
2016-11-14,-4.7882,11.2339,-2.9660,-3.4854,-0.4500,2.9499,-1.5796
2016-11-15,-1.6304,10.6884,5.8071,1.6779,0.9346,3.2548,3.7599
2016-11-16,0.0000,8.3333,3.3616,0.5343,1.2280,1.9661,-4.6204
2016-11-17,0.7299,8.2117,2.4733,-0.0591,1.7120,2.3526,2.7087
2016-11-18,-1.9678,1.7889,-2.1129,-2.0596,-0.7963,0.0237,-2.2331
2016-11-19,4.6816,1.8727,1.1577,0.6751,4.0830,1.0359,-7.0820
2016-11-20,1.7143,-1.5238,-1.0499,0.7269,3.1533,-1.7759,-5.3186
2016-11-21,-4.1971,-0.9124,6.4677,2.5668,-1.9877,0.1472,6.9662
2016-11-22,-1.2613,-0.5405,3.6332,2.1743,-1.4105,0.4405,9.2750
2016-11-23,-1.0695,-1.6043,1.2707,0.9379,-1.3043,0.3062,1.5885
2016-11-24,-1.0582,-3.3510,-1.8882,-0.4174,-2.6487,-1.3508,5.7243
2016-11-25,-1.3913,-2.7826,-3.4486,-0.2178,-3.1574,-1.9090,4.0416
2016-11-26,6.4815,-1.1111,0.8891,2.5748,3.7410,0.7422,-0.3920
2016-11-27,3.0534,0.1908,-2.5574,2.0024,4.6896,-3.6264,-6.2361
2016-11-28,-4.2048,0.1828,2.5580,3.0025,-0.1892,0.7097,3.7742
2016-11-29,-0.7260,0.7260,0.9750,1.6003,0.0804,0.9242,5.8606
2016-11-30,4.5541,6.4516,7.0537,7.5408,4.9384,5.7174,13.7624
2016-12-01,-7.3814,-0.3515,-3.9256,-3.1937,-5.0532,-4.2890,-3.7181
2016-12-02,-2.4014,-1.3722,-3.7954,-1.8976,-5.0523,-0.7220,1.6170
2016-12-03,7.5646,-0.3690,0.1141,2.3472,2.8945,1.9495,3.2683
2016-12-04,3.6329,0.1912,-2.9488,1.5384,3.9694,-0.0619,1.9540
2016-12-05,-5.2536,-0.9058,3.0153,1.7274,-2.4388,-0.6108,3.0038
2016-12-06,-2.6455,-2.8219,1.5668,0.4015,-2.5917,-0.7260,-2.9428
2016-12-07,0.1767,-6.8905,0.6863,0.8542,-1.6093,1.0260,-2.4323
2016-12-08,0.0000,0.5300,1.7106,1.3233,-1.7907,1.0586,-1.0363
2016-12-09,-3.2479,-0.3419,-2.7880,-2.1566,-4.2089,-0.6498,-0.7536
2016-12-10,7.5368,-0.3676,3.2995,3.1057,3.7967,1.9282,5.0354
2016-12-11,1.3035,-2.6071,-1.4805,-0.3392,2.6712,-2.2272,-1.8092
2016-12-12,-3.5907,-0.8977,5.2949,3.3307,-0.3208,1.6070,2.8762
2016-12-13,-3.6332,-1.9031,-8.0798,-10.4725,-2.6187,-1.4214,-7.7417
2016-12-14,-0.3448,-2.4138,2.2261,3.5849,-1.5369,0.4570,3.2640
2016-12-15,0.6944,-1.7361,0.1550,1.1684,-0.8579,1.9091,0.8957
2016-12-16,-2.8668,-1.3491,-3.6698,-2.2372,-3.9440,-0.1677,-0.2774
2016-12-17,3.8529,-4.7285,-1.4917,-1.1751,0.0585,-0.0534,-2.2489
2016-12-18,2.8829,-3.2432,-1.4535,-0.8372,1.7788,-1.5825,-1.1941
2016-12-19,-4.6392,-4.2955,3.6980,0.8376,-2.7738,-0.4423,0.7453
2016-12-20,-2.3490,-3.0201,2.2473,-1.3755,-2.6528,-0.9637,0.3166
2016-12-21,-2.4550,-5.0736,-1.5279,-2.4054,-4.4623,-2.8757,-1.5935
2016-12-22,4.2662,-1.7065,1.3150,3.1422,1.5929,4.1622,4.1395
2016-12-23,-4.8701,-3.7338,-5.5080,-4.8767,-5.7161,-2.2692,-3.7725
2016-12-24,8.6420,0.7055,2.6199,4.0023,3.7199,3.5510,4.3782
2016-12-25,2.9038,0.7260,-11.4004,-5.3007,3.8079,1.4752,-4.0935
2016-12-26,-8.0134,-2.8381,2.2619,-0.9437,-4.9323,-2.0511,0.0490
2016-12-27,-1.1551,-1.6502,2.7419,-0.0843,-1.9694,-0.7203,1.2585
2016-12-28,0.0000,0.8251,1.7049,0.8129,-1.2990,-0.5028,-0.1130
2016-12-29,0.0000,-3.3003,-0.0044,0.7388,-1.0724,0.3359,1.4391
2016-12-30,-3.5032,-1.9108,-3.8171,-2.5035,-5.5834,-1.5681,-1.0524
2016-12-31,7.1672,-3.2423,1.0785,3.3058,1.7203,1.8207,4.6641
2017-01-01,4.0853,-2.1314,-0.4150,-0.0947,3.9812,0.5364,-2.8754
2017-01-02,-4.5763,1.5254,4.0442,2.4117,-0.9438,2.5452,3.4587
2017-01-03,-1.6667,1.0000,1.9825,-0.2631,0.9314,0.5268,1.3217
2017-01-04,-0.6623,0.3311,0.0696,0.2436,0.2491,0.2764,-0.0005
2017-01-05,2.1997,2.5381,2.0481,3.0146,2.8549,3.0160,1.4150
2017-01-06,-3.5889,2.4470,-4.4193,-2.9208,-2.6907,0.2233,-1.7845
2017-01-07,6.0554,1.3841,-1.1607,-2.3049,5.0576,2.5465,-2.5153
2017-01-08,1.4035,-1.2281,-3.1433,-1.2671,5.1855,-2.0901,-3.1296
2017-01-09,-7.3171,-4.0650,0.5589,-0.6773,-1.8957,-3.2280,-0.2272
2017-01-10,-2.8436,-5.2133,-0.4090,-2.0032,0.6355,-1.8515,-2.0267
2017-01-11,-0.6279,-5.1805,0.5256,-0.5015,0.0366,-2.8433,-2.2869
2017-01-12,-2.4502,-9.4946,-1.4334,-1.9119,-0.2106,-3.7286,-3.2015
2017-01-13,-3.2593,-9.1852,-2.3278,-2.7029,-1.9914,-2.0943,-4.4507
2017-01-14,5.1402,-9.9688,0.8473,-0.0776,1.5533,-1.2731,1.6818
2017-01-15,6.4677,-5.4726,2.3470,0.4305,3.5826,0.7432,6.1715
2017-01-16,-5.7813,-3.9062,1.4939,-0.4647,-2.4516,-0.2654,2.4222
2017-01-17,-6.1584,-7.1848,-1.6099,-4.8001,-2.8036,-6.1015,-4.1330
2017-01-18,-0.5831,-7.1429,0.9079,-0.2639,-0.1328,-3.3760,-0.5264
2017-01-19,1.1799,-3.6873,0.9891,1.0260,1.9614,-1.4010,2.5780
2017-01-20,-0.1473,-0.5891,-1.3290,0.7253,-0.9055,-0.5594,0.6353
2017-01-21,3.1915,-2.4316,-2.3021,-0.4155,-1.1555,-2.8666,-3.6477
2017-01-22,5.2800,-3.5200,0.4109,0.4548,1.1639,-0.8917,-0.7775
2017-01-23,-2.4961,-0.1560,4.0229,2.5833,1.0464,1.8558,3.4902
2017-01-24,0.4702,6.8966,4.4098,1.4762,4.1372,1.7066,2.1247
2017-01-25,0.4724,8.0315,1.1915,0.6237,2.0223,0.8421,0.4287
2017-01-26,25.2465,33.7278,5.3036,11.7610,28.4993,27.9167,17.0712
2017-01-27,-19.9052,7.2670,-16.4016,-5.3757,-14.4474,-5.6004,-13.7854
2017-01-28,2.9268,6.9919,0.5308,-0.7124,-2.3566,-2.3079,-4.5279
2017-01-29,1.9900,3.6484,-1.5760,-1.2012,-0.8196,-3.6224,-2.9705
2017-01-30,0.1661,6.4784,8.4930,5.0346,0.5581,4.6104,0.4531
2017-01-31,-5.3459,0.3145,-0.3351,-3.0285,-2.5576,-0.8712,-4.4562
2017-02-01,-0.4695,-0.6260,1.1406,-0.5074,-1.3000,-0.4683,1.7741
2017-02-02,1.5898,-19.3959,-1.5343,1.2840,1.0690,-0.0093,1.9975
2017-02-03,-1.8721,-1.2480,0.5035,-0.5173,-3.2050,0.7726,1.1304
2017-02-04,6.4784,2.1595,1.7250,1.7268,1.9846,1.6226,-1.4012
2017-02-05,1.8613,2.0305,-2.9076,-2.1882,0.6215,-2.3766,-5.5217
2017-02-06,-4.5234,-2.7464,-0.1536,-0.1990,-3.8784,-2.9904,-1.8995
2017-02-07,0.6504,3.4146,2.4434,1.2100,1.4179,2.5613,0.3231
2017-02-08,-1.6000,2.2400,-1.3860,-2.2055,-1.5532,-0.7167,-0.9474
2017-02-09,0.8065,1.4516,-2.5514,-0.3791,-0.1815,0.1968,1.4876
2017-02-10,-2.2082,1.1041,-4.5572,-2.0569,-4.9061,-0.2665,-0.0299
2017-02-11,7.8231,2.3810,2.2866,1.8068,3.1156,4.0435,3.3398
2017-02-12,3.8869,4.4170,0.0072,-2.3941,1.9090,1.3746,0.0328
2017-02-13,-5.6667,3.1667,1.7256,-0.3270,-4.5457,0.2641,-1.6021
2017-02-14,-1.8003,0.6547,0.7505,-1.3439,-1.5775,0.9396,0.1703
2017-02-15,-0.4886,1.7915,0.6088,0.0975,-2.2940,-0.5965,2.2183
2017-02-16,0.3268,1.3072,0.7886,0.3718,-2.0156,-0.5993,-0.2887
2017-02-17,-2.0800,1.4400,-2.6553,-1.8339,-5.5745,-0.8578,-0.8173
2017-02-18,6.8376,0.5128,2.1533,1.9495,1.2495,-0.3732,3.7020
2017-02-19,2.6316,-0.7018,-1.7382,-2.3659,1.0669,-2.1375,1.0335
2017-02-20,-5.1581,-0.1664,4.3204,0.2521,-3.9920,-1.0179,2.1286
2017-02-21,-1.7974,-0.1634,-2.3278,-5.4788,-2.1329,-2.5498,-1.2218
2017-02-22,0.1637,0.4910,-2.1153,-0.4888,-1.7436,-2.1975,0.3347
2017-02-23,2.0033,2.1703,-3.3138,1.3317,0.2878,0.6423,2.2247
2017-02-24,29.0948,34.6983,12.1402,16.9970,27.6154,31.2344,25.8636
2017-02-25,-17.5844,3.9076,-16.9061,-8.9584,-7.8861,-10.0786,-19.2928
2017-02-26,6.6288,7.9545,0.4533,2.5607,5.2495,1.6314,4.0324
2017-02-27,-15.6550,-3.9936,-7.9721,-8.0572,-12.8750,-11.3401,-12.1394
2017-02-28,4.6823,2.3411,8.8029,5.2677,0.7204,0.2515,7.2008
2017-03-01,-1.4827,0.6590,0.7973,-2.2316,-3.6207,-1.8047,-0.6867
2017-03-02,-0.8170,-2.1242,-1.5977,-0.7551,-2.3122,-2.8476,-0.3344
2017-03-03,0.3279,-23.9344,-8.3256,0.1636,-1.8141,-0.5907,0.6691
2017-03-04,6.2718,-1.9164,-0.3592,1.6819,1.1665,-1.2872,2.4363
2017-03-05,3.6101,-4.6931,-4.6342,-0.5933,3.2290,-0.4704,2.3032
2017-03-06,-6.7340,5.3872,1.0804,-0.2195,-3.9386,-3.3294,-4.1841
2017-03-07,-1.6556,-0.9934,0.2401,-0.7062,-0.5411,-0.9467,-1.3286
2017-03-08,-1.1457,-0.6547,-1.4554,-1.4029,-2.0732,-2.8214,-1.0215
2017-03-09,0.4934,0.6579,-0.6151,1.1338,-1.0594,-1.8052,0.4658
2017-03-10,0.1647,0.4942,-6.2565,-1.0229,-2.0507,-1.9889,1.4342
2017-03-11,5.5652,-0.1739,-1.2112,1.1378,1.7438,2.0318,2.4024
2017-03-12,12.5245,8.4149,4.2575,8.3611,12.2451,10.5918,10.8358
2017-03-13,17.7419,36.8664,18.5964,23.5459,26.9767,28.3953,22.1592
2017-03-14,-14.5669,18.8976,-1.0605,3.1493,-4.8245,3.3294,-5.7187
2017-03-15,-12.1107,5.7093,-4.1977,0.3519,-9.8584,-2.4065,-10.4065
2017-03-16,-2.1997,2.8765,0.3210,-1.4356,-3.5010,-0.6836,-1.6719
2017-03-17,-2.9557,-0.3284,-3.0431,-3.1234,-6.1769,-1.6744,-2.1793
2017-03-18,5.3633,-0.5190,1.8959,0.5594,-1.1041,-0.3073,4.8253
2017-03-19,2.6643,-9.2362,-0.3879,-0.8780,-0.0378,-3.9752,-0.4315
2017-03-20,-8.0065,-29.0850,-3.2204,-3.0030,-6.5482,-5.1553,-3.5981
2017-03-21,-1.6077,-18.3280,3.5413,0.3413,-1.4071,-2.3353,0.6557
2017-03-22,-5.4711,-12.1581,1.9128,-3.9210,-6.2148,-6.1525,-4.5763
2017-03-23,-4.2213,-13.9738,-2.5057,-3.3795,-6.9271,-1.3774,-2.6078
2017-03-24,-5.7613,-16.4609,-6.4993,-6.1933,-10.1443,-4.6830,-5.4463
2017-03-25,8.9686,-13.6024,0.3268,4.3716,1.2906,1.6033,3.6314
2017-03-26,3.0817,-13.2512,-0.6866,-1.3532,-2.3083,0.7630,-1.0070
2017-03-27,-10.9739,-16.0494,-0.4618,-3.0683,-10.9284,-0.5866,-3.6409
2017-03-28,-5.6921,-19.5343,-1.1002,-3.4951,-5.9753,1.4792,-4.2619
2017-03-29,-4.0943,-18.3623,-0.7404,-1.1733,-3.8624,1.5343,-1.4572
2017-03-30,-3.1250,-17.4279,-2.4748,-1.4157,-2.8978,1.1322,-2.4397
2017-03-31,-2.4619,-14.5369,-2.7225,-0.2146,-2.3431,2.4462,-3.0427
2017-04-01,2.6474,-19.4946,-1.8209,0.7233,-0.2619,0.6338,-1.5544
2017-04-02,4.5283,-18.3648,-1.3734,1.4608,4.0920,2.5142,-1.0224
2017-04-03,-8.8303,-16.3991,-4.3682,-0.0521,-4.3414,-5.2722,-4.6398
2017-04-04,2.9516,-8.7367,-3.3615,0.7548,6.2884,2.2910,1.4730
2017-04-05,2.9162,-2.0656,2.4155,3.9695,6.3839,1.5252,6.2492
2017-04-06,-0.7238,0.3619,0.5663,-0.1356,3.7185,-0.8578,0.5663
2017-04-07,0.0000,2.8951,-5.1817,-1.2053,3.3940,-3.3279,2.5515
2017-04-08,9.0789,9.3421,-1.2407,4.8329,8.4279,-1.6266,5.6263
2017-04-09,9.3525,14.3885,-6.1547,3.9328,10.9696,-1.7301,3.3268
2017-04-10,-7.3333,16.2667,-0.7253,1.7448,-1.0781,-3.0048,3.7120
2017-04-11,-4.4586,7.8981,2.1635,-0.6007,1.9426,0.8749,2.3603
2017-04-12,-6.2127,-1.6726,-0.1505,-2.2720,-4.4668,-0.7957,-2.0097
2017-04-13,-3.4602,-4.3829,0.0444,-1.3945,-0.6402,3.2527,-1.8353
2017-04-14,-1.4773,-5.7955,-4.5355,-3.1588,-0.8380,6.1557,-5.8329
2017-04-15,-1.8952,-15.2731,-1.5947,-1.7754,-5.0839,-1.4863,0.6176
2017-04-16,2.1640,-20.8428,0.2471,0.0476,0.7351,3.2548,-1.9097
2017-04-17,-11.4026,-24.3189,-2.7891,-3.1820,-9.6506,-3.6688,1.0694
2017-04-18,-3.5992,-23.6381,-0.5023,-0.3508,-3.1262,0.7689,-0.0620
2017-04-19,-1.6268,-19.9043,0.0717,-0.5727,-1.2758,1.0136,4.8991
2017-04-20,-4.5662,-20.8219,-4.3413,-4.6582,-4.1347,-3.0030,-1.2968
2017-04-21,-4.4503,-23.2112,-6.6536,-4.7167,-5.4096,-2.6747,-9.2348
2017-04-22,4.4667,-18.2315,-1.4478,-0.8715,0.9204,0.0301,-6.0358
2017-04-23,16.9510,-6.3966,7.4715,7.2795,13.5023,9.9679,6.2557
2017-04-24,-0.6356,4.9788,0.9898,0.8481,3.2539,1.6861,23.1547
2017-04-25,-6.3492,1.9841,-6.7811,-9.0080,1.0649,-4.7391,-0.3411
2017-04-26,2.1277,5.8764,-1.1869,-1.0046,5.8640,2.0297,4.5066
2017-04-27,-0.3030,10.6061,-1.6668,-0.4667,2.3122,0.3305,3.9459
2017-04-28,-0.4024,15.2918,-2.6143,0.3571,0.7657,0.4656,3.9457
2017-04-29,4.0838,14.8691,1.0502,0.4393,2.2537,0.0876,-1.0109
2017-04-30,6.7039,4.8045,1.3266,1.8020,4.7730,1.0041,-5.4241
2017-05-01,-4.9894,0.2123,-0.9835,-1.1067,-2.8289,-2.2072,8.8126
2017-05-02,-4.9445,1.7154,0.0600,-2.1277,-1.7012,-0.6705,-4.5293
2017-05-03,-0.9990,-1.3986,0.0576,-0.8878,0.9074,1.4114,0.1075
2017-05-04,-0.3980,-1.4925,-0.5551,-0.3809,1.3097,0.9634,2.6576
2017-05-05,-3.9197,-4.9713,-4.6643,-2.8719,-2.9893,-1.4256,-3.8167
2017-05-06,0.5769,-8.1731,-0.3843,-1.5402,-2.3603,-1.3529,1.5452
2017-05-07,0.8729,-13.1911,-0.0985,-2.1547,-1.7681,0.0412,-2.5415
2017-05-08,-10.5035,-18.2292,-5.6757,-5.1108,-9.6093,-1.9605,1.4571
2017-05-09,-0.6897,-14.5690,-0.6870,-0.4343,-0.7342,1.4380,2.1544
2017-05-10,2.9281,-11.1801,-3.6940,-4.0315,3.4003,2.2738,-1.1420
2017-05-11,-0.8795,-11.6095,-0.2345,-0.4416,-0.1211,1.6279,4.2499
2017-05-12,-2.3196,-10.1375,-3.1548,-1.9643,-2.8794,-0.7253,-0.0150
2017-05-13,2.2847,-8.6116,-0.7472,-2.5205,-1.1824,-0.6648,-6.3157
2017-05-14,3.5487,-6.1874,1.9032,-0.0263,-0.1447,1.8684,-3.3760
2017-05-15,-8.5691,-4.1597,-3.1032,-3.0639,-7.9610,-0.9174,-2.0044
2017-05-16,-2.1173,-5.5375,-2.7408,-2.6760,-3.4383,-1.1671,0.1530
2017-05-17,6.6898,-2.0851,0.1798,-3.1855,4.0395,1.6947,6.6249
2017-05-18,-1.7079,-2.9035,-3.6106,-3.7372,-1.7118,-5.0753,-1.2188
2017-05-19,1.9147,1.3055,1.7784,1.4778,1.5708,3.7065,1.8053
2017-05-20,6.9832,5.9590,3.8611,-2.0425,4.4645,4.0606,3.3771
2017-05-21,9.5918,12.1429,6.9470,4.2446,8.1362,5.8581,1.0972
2017-05-22,5.2632,29.1085,10.4046,12.9075,9.8197,9.2179,8.0171
2017-05-23,-4.9030,25.4341,1.6394,0.1118,0.4802,-0.1754,-4.4749
2017-05-24,-11.2421,4.3518,-5.6948,-2.9449,-7.7171,-6.7480,-11.0213
2017-05-25,-4.9138,0.9483,-2.9674,-0.8129,-3.3287,-1.6791,-2.3060
2017-05-26,-5.0736,-5.9738,-3.0794,-1.2067,-5.2150,-1.3632,-0.7197
2017-05-27,4.6233,-8.0479,1.2427,0.0298,1.3639,3.4797,-0.4968
2017-05-28,11.8774,-6.1303,6.6957,3.5930,8.1630,5.6273,2.9861
2017-05-29,0.4812,-10.3946,1.1818,2.8373,2.5998,2.0798,-1.8621
2017-05-30,-2.3496,-7.9887,-1.6743,-1.9753,3.5162,-1.4607,-1.0752
2017-05-31,4.4161,8.2434,6.0454,6.9547,9.6556,6.6399,9.2554
2017-06-01,-1.9249,11.6458,1.0461,3.8428,1.2788,2.4832,1.1196
2017-06-02,-5.2871,11.3947,-2.7263,-0.1464,-3.6559,-0.8388,-1.5333
2017-06-03,-2.9204,3.3628,-0.5832,-1.3078,-3.5421,0.7367,-1.2991
2017-06-04,-1.1374,-8.6614,0.5342,-1.6151,-4.1316,-1.0524,-1.9025
2017-06-05,-10.9813,-19.0810,-4.8178,-6.1995,-12.8488,-1.4649,-2.4298
2017-06-06,-4.1075,-20.5377,-3.8144,-3.1140,-6.7476,3.6970,-3.6586
2017-06-07,14.2491,-13.0546,6.0442,7.9573,11.2545,10.8461,11.7773
2017-06-08,4.1778,-7.6444,0.7642,0.8872,4.4737,3.0896,-0.8831
2017-06-09,-0.6184,-3.0919,-2.6488,-3.3659,0.1699,0.1920,-3.1461
2017-06-10,3.2847,3.1022,0.9491,-0.9035,2.7625,-0.9467,-0.9467
2017-06-11,9.8196,14.5291,5.8064,3.9796,6.9191,6.8199,5.5497
2017-06-12,-11.7595,13.5279,-5.1885,-3.3836,-9.3204,-5.3130,-3.3963
2017-06-13,-4.6374,12.9005,-0.9124,-0.0226,-2.6548,-1.4153,-2.9131
2017-06-14,-0.5868,-1.7603,-0.5119,2.0061,-0.7931,-0.2757,0.5910
2017-06-15,1.0161,-4.7417,-1.4218,-1.4059,0.2919,0.6321,0.2470
2017-06-16,10.8920,6.2911,4.9279,4.6352,9.8311,12.1702,10.3365
2017-06-17,7.2508,10.3726,4.1521,2.0668,6.0283,-0.6785,2.0362
2017-06-18,0.0000,0.5035,-1.2243,-1.6104,0.9366,-2.0031,-3.5215
2017-06-19,-9.4804,3.0994,-3.1150,-1.3271,-5.1307,-1.8097,-7.8840
2017-06-20,14.3900,23.6705,14.6846,15.2517,20.1325,13.9844,8.6929
2017-06-21,-0.6218,23.6269,1.2103,-1.5031,6.0046,0.1649,2.1534
2017-06-22,-3.5964,17.9820,-0.4958,2.5026,2.0526,-1.1371,1.4924
2017-06-23,-4.7574,1.3321,-5.1707,-2.7782,-2.6863,-2.9853,0.0834
2017-06-24,-3.4894,-8.8154,-3.0801,-4.5075,-4.1713,-4.2786,-1.6336
2017-06-25,-0.9099,-9.6451,-0.4937,-3.1556,-2.6944,0.5999,0.3702
2017-06-26,-7.0220,-7.1912,-4.0673,-2.5410,-7.4150,1.4901,-5.5693
2017-06-27,-6.5613,-24.1897,-4.6515,-4.2497,-6.9572,-4.0973,-3.7038
2017-06-28,11.9469,-14.6018,3.8469,3.9276,9.3751,6.4009,6.5957
2017-06-29,13.9113,0.9073,9.3472,5.7509,13.2918,8.8744,12.4829
2017-06-30,1.0183,7.0265,-0.3903,1.1167,3.5437,1.9220,-0.6731
2017-07-01,0.8214,11.8070,-0.6996,-1.0002,3.8056,-1.7200,-9.6042
2017-07-02,7.7434,21.5708,3.7072,3.8197,9.5040,3.0796,6.5478
2017-07-03,-13.2438,13.4357,-3.8157,-1.1760,-9.7784,-5.0550,-10.4366
2017-07-04,-8.3553,11.2577,-2.8618,-1.7515,-5.7422,-2.0288,-2.6931
2017-07-05,-5.7214,-6.3018,-5.4520,-3.8088,-7.2570,-6.5112,-4.2922
2017-07-06,7.2000,-11.8222,3.3787,5.3037,4.8053,4.1465,9.4002
2017-07-07,0.7162,-12.0859,-1.4587,-0.5966,-1.0122,-0.0789,1.2398
2017-07-08,3.6178,-9.6475,2.2571,-1.7387,0.4255,1.9408,5.3778
2017-07-09,-3.3184,-18.9238,-3.3413,-5.7219,-6.3599,-3.3873,-4.9752
2017-07-10,-8.6066,-14.5902,-3.9517,-4.2027,-8.6207,-3.1295,-3.6284
2017-07-11,4.1845,-2.9035,2.5912,1.7718,2.6730,2.4225,4.8226
2017-07-12,9.3371,12.6050,4.6079,0.0656,7.1863,3.8312,8.8258
2017-07-13,-1.9231,3.0220,-2.8528,-1.8640,-3.1212,-1.9751,-4.0695
2017-07-14,-4.4619,-2.2747,-5.0490,-2.8512,-5.1436,-3.7250,-0.9668
2017-07-15,2.4194,-3.4050,-3.3975,-3.8069,-1.0745,-1.9552,-2.6723
2017-07-16,10.4950,10.3960,5.9986,3.4036,6.3490,5.6015,9.1568
2017-07-17,-9.9019,8.8314,-4.4846,-1.2895,-7.6199,-3.9899,-5.9731
2017-07-18,-2.0961,2.2707,-0.3719,1.5450,0.5463,1.6560,-1.0817
2017-07-19,-6.0705,-12.1411,-4.2720,-3.8154,-6.4307,-3.0696,-5.3783
2017-07-20,6.3700,-4.7120,1.2283,-0.1239,3.3614,0.2090,4.8458
2017-07-21,-1.5464,-1.8041,-3.3637,-4.3215,-3.9748,-1.2893,-1.0124
2017-07-22,6.5934,2.1978,1.2028,-0.7120,2.9438,0.4215,-0.0794
2017-07-23,9.7487,1.5075,4.2423,5.1375,6.7865,2.9093,6.7482
2017-07-24,-5.1478,6.8637,-1.2436,-1.7410,-1.5468,-1.2236,3.2173
2017-07-25,0.4789,9.6743,1.1002,-0.2057,4.1957,0.6018,2.4338
2017-07-26,-2.7027,13.6067,-1.4706,-0.4275,-0.9447,-2.9980,-3.1023
2017-07-27,-4.1108,2.4129,-3.8252,-2.4663,-2.2835,-2.2143,-5.9987
2017-07-28,-1.4097,2.5551,-2.9802,-2.3282,-2.5434,0.3911,-0.6889
2017-07-29,4.8015,0.8310,0.1925,-1.2078,0.6470,0.4171,-1.1702
2017-07-30,5.6585,-2.9268,0.4819,1.4527,2.0120,0.3983,-1.0892
2017-07-31,-3.7559,-1.5023,-2.8611,1.3911,-1.2013,-1.9264,3.0595
2017-08-01,2.9981,0.9671,0.7871,-0.8713,6.7963,2.5718,3.1173
2017-08-02,-0.1931,3.5714,1.2749,0.6217,2.4033,3.2384,2.2340
2017-08-03,-3.5382,4.1899,-1.9224,-2.1326,-1.0860,-0.4187,0.0312
2017-08-04,-1.4679,4.1284,-1.6511,1.1069,-2.9131,1.5389,0.7171
2017-08-05,1.4898,0.8380,0.0505,-0.1510,-2.7920,-0.1817,-1.8889
2017-08-06,0.7505,-3.8462,-2.0796,-1.7132,-3.3250,-2.1151,-3.1385
2017-08-07,2.9952,2.8986,3.6553,8.0065,3.3546,5.6868,13.3119
2017-08-08,-5.7377,-5.8288,-4.5234,-4.0368,-3.5783,-3.2570,-4.4417
2017-08-09,-0.8130,-6.4137,-4.1140,-5.9243,-0.6754,-2.6905,-2.6856
2017-08-10,-1.7746,-4.7028,-3.0770,-1.8656,-2.0286,-1.3199,-3.7815
2017-08-11,-1.3135,-4.5534,-0.9310,-1.0266,-2.8740,2.2972,0.0038
2017-08-12,5.5453,-0.7394,2.7694,-0.9558,2.0277,1.8478,1.6664
2017-08-13,4.6422,3.0948,1.9831,0.4771,2.6756,0.0607,-0.4358
2017-08-14,-6.5099,-6.4195,-2.7527,-1.5749,-4.2420,-0.7476,-1.6537
2017-08-15,13.4359,12.6154,10.1473,9.3705,14.4459,14.4853,1.0379
2017-08-16,-15.7303,-4.3215,-10.8500,-10.9342,-12.1185,-8.1982,-9.9759
2017-08-17,-4.7737,-7.2428,-4.1568,-5.2758,-6.9603,-3.7691,-2.9939
2017-08-18,-2.4096,-8.2731,-4.1983,-2.9527,-6.9594,-2.9344,-1.8041
2017-08-19,10.2746,-4.1630,1.1808,-2.4788,3.4488,-2.3884,4.7167
2017-08-20,7.6263,-1.4299,4.2084,2.7082,4.0701,3.3539,1.2293
2017-08-21,-10.0343,-5.1458,-5.6801,-3.7582,-7.5557,-5.0608,-5.2717
2017-08-22,-0.7660,-17.0213,-3.1402,-2.6817,-1.2164,-1.8792,0.8059
2017-08-23,4.6305,3.0276,1.8337,2.7820,4.8731,1.0882,5.0010
2017-08-24,0.8079,9.0664,0.4707,2.1769,1.9443,-0.1880,-0.3622
2017-08-25,4.8964,17.2316,2.3180,1.2202,5.6104,3.8005,4.5122
2017-08-26,2.7079,9.1876,-2.4875,-2.9778,1.3838,-3.6730,-0.2117
2017-08-27,4.9746,6.4975,3.2977,3.4221,3.7449,-0.3491,2.9914
2017-08-28,-7.0755,10.0000,-3.7400,-5.1057,-3.4193,-4.8492,-2.8106
2017-08-29,-5.5258,4.7237,-5.1810,-5.9852,-2.1072,-4.9721,-4.0648
2017-08-30,1.5385,1.6290,0.4177,-0.0122,3.3832,-0.5682,3.6551
2017-08-31,6.1479,7.0125,0.1263,-2.3586,7.5047,0.9162,5.9200
2017-09-01,5.4711,7.5988,-0.0407,0.7130,7.8115,4.9745,3.0063
2017-09-02,9.4235,14.6341,-3.3443,-4.6066,11.4615,2.3957,-2.6977
2017-09-03,0.7821,10.0559,2.7067,1.3033,3.3214,1.2079,5.8657
2017-09-04,-14.1075,1.7274,-3.5630,-3.3696,-8.4339,-2.5473,-1.7240
2017-09-05,-0.8563,6.7555,2.6687,3.6213,3.3153,1.4196,4.0216
2017-09-06,-2.6852,2.3148,-0.8172,-0.0193,-1.8770,-2.8762,-1.1739
2017-09-07,4.7527,0.9699,2.6830,1.1940,4.4359,2.2478,2.3336
2017-09-08,-3.4644,-7.5843,-3.7868,-0.0731,-1.9736,-1.9437,-2.8747
2017-09-09,1.4245,-14.3400,-1.9043,0.1292,0.1259,-1.2057,-1.5061
2017-09-10,0.7656,-14.3541,-1.3105,-0.3238,-0.7882,-1.3191,-0.8167
2017-09-11,-7.7670,-8.0318,-2.9996,-0.0127,-5.8994,-1.6959,-3.1878
2017-09-12,1.1607,-6.1607,1.0469,0.8140,1.2864,0.4187,1.8656
2017-09-13,-3.0303,-6.4935,-2.7821,-2.4043,-3.8032,-2.7118,-1.1968
2017-09-14,-1.5345,-12.1057,-4.1932,-3.6973,-3.5534,-2.4715,-1.1473
2017-09-15,1.2953,-7.7720,-3.1112,-0.6356,-1.8649,-0.5809,0.8656
2017-09-16,8.5286,-1.3121,1.6404,0.3694,3.2025,1.8903,4.7587
2017-09-17,8.7666,6.5240,3.3730,2.0018,6.2397,3.4338,4.1112
2017-09-18,-8.5741,5.5918,-3.5510,-2.3971,-3.3271,-3.0044,-3.5955
2017-09-19,-1.0148,3.3210,0.3286,-0.1160,1.8078,-0.1036,-1.1383
2017-09-20,-0.1842,6.3536,1.2472,1.8042,-0.8814,0.6782,1.2656
2017-09-21,-0.7313,7.2212,-2.0530,-3.5619,-3.1311,-1.6038,-0.4442
2017-09-22,11.4053,17.9226,1.0421,-0.6402,8.2253,1.1621,6.7993
2017-09-23,17.7458,27.9376,7.0641,9.1455,18.3679,3.1572,5.4768
2017-09-24,7.8913,26.9082,7.5473,7.6066,18.1503,2.6396,4.7005
2017-09-25,-14.0156,19.3548,-0.8544,-2.8529,-0.9421,-0.5557,-6.0005
2017-09-26,-7.4150,11.6375,-1.4168,-3.5036,2.4282,-0.9695,-5.4818
2017-09-27,5.5435,18.0435,8.4665,9.7771,9.5728,7.5015,6.3137
2017-09-28,-8.6395,8.6395,-4.9037,-6.5878,-5.8167,-6.3584,-10.4285
2017-09-29,-0.3956,-2.8684,-0.3939,2.4411,0.1017,1.0732,0.2030
2017-09-30,16.6090,-3.8062,7.1722,9.9821,12.7302,8.9962,14.8028
2017-10-01,2.4823,-8.6288,-3.3274,-1.4168,1.6558,-2.0647,6.7672
2017-10-02,6.1481,12.7980,11.8773,13.9605,12.5978,16.1287,14.2906
2017-10-03,-15.4825,2.9692,-8.6227,-8.5215,-11.4376,-11.2488,-13.6964
2017-10-04,-3.8736,-6.2181,-3.4524,-3.2381,-3.3325,-4.6773,-12.9862
2017-10-05,-0.5071,2.1298,-0.9183,-0.2525,-1.7171,-1.9882,18.5481
2017-10-06,0.9212,3.4800,-1.4190,-0.0298,-1.6587,-1.4707,-0.6688
2017-10-07,5.6216,-6.2703,-0.7005,-0.8035,1.3047,-3.5223,-1.5276
2017-10-08,3.3520,-5.4749,-1.3344,-2.0311,1.7291,-4.7170,-4.3197
2017-10-09,-6.5762,-16.8058,-2.8899,-3.3832,-3.1153,-1.4939,-2.7810
2017-10-10,-0.6224,-2.1784,0.3313,0.1226,1.4865,-1.5818,-1.2292
2017-10-11,0.7315,2.5078,-0.2739,0.0436,1.7865,-0.3705,0.1518
2017-10-12,-0.5198,2.4948,-1.9902,-1.4769,-2.0126,-1.1023,-2.3493
2017-10-13,2.5586,4.1578,-0.5826,1.4504,-0.9638,1.5465,0.8754
2017-10-14,7.3227,5.8352,3.0434,2.5835,0.3446,-0.0116,2.1018
2017-10-15,6.5854,9.1463,3.0760,1.9136,1.1934,0.9196,-1.2851
2017-10-16,-6.8182,8.8636,-1.2085,-0.8042,-5.2695,0.9106,-2.7432
2017-10-17,1.1494,10.8046,-0.1407,-1.1307,3.3819,1.5261,-3.4446
2017-10-18,5.0725,15.5797,3.1275,2.8848,5.6616,3.2424,1.0154
2017-10-19,15.0000,33.6111,11.1518,7.3351,14.0589,16.8512,9.8059
2017-10-20,-1.6393,28.1421,5.2669,7.1984,-0.8273,9.1422,2.9762
2017-10-21,0.0000,19.3989,0.8044,-1.5461,-3.1434,-3.4909,-4.2284
2017-10-22,2.3776,14.6853,1.0344,-0.2339,-0.2705,-3.0497,-2.1105
2017-10-23,-9.1487,11.8170,-1.1441,-3.2037,-7.9961,-4.8625,-3.0801
2017-10-24,1.9430,12.6943,2.1984,2.7628,1.1996,0.3815,1.7690
2017-10-25,3.4853,10.9920,0.8785,1.7449,1.3433,-0.7198,0.5683
2017-10-26,3.8997,0.2786,0.5355,3.2383,0.5196,-0.4160,-3.7829
2017-10-27,-1.1019,0.8264,-4.8845,-2.9253,-3.7731,-4.4054,-6.4674
2017-10-28,-13.1579,-12.4402,-16.6533,-17.6000,-17.4476,-20.4888,-23.6514
2017-10-29,27.4390,8.9939,14.8420,20.9949,17.1266,9.7554,20.4945
2017-10-30,-6.1516,12.5894,-0.2150,-1.7617,-5.1874,-5.4280,-0.4773
2017-10-31,1.3043,11.8841,3.7687,1.3955,2.5060,1.5243,1.5848
2017-11-01,0.7299,8.9051,1.2873,0.3667,1.5762,-1.3354,2.7094
2017-11-02,-0.8683,3.9074,-2.7616,-2.4812,-0.7836,-2.0369,0.1518
2017-11-03,0.1449,5.2174,-3.6952,-1.6965,-2.0201,-0.4233,3.8704
2017-11-04,6.6461,29.2117,-3.2495,-2.4556,1.1683,-1.0934,-2.3267
2017-11-05,4.6926,6.1489,0.2360,5.7479,-0.1838,-2.8431,2.5470
2017-11-06,-6.3636,5.9091,1.6935,-3.3043,-7.3955,-3.1710,-1.5022
2017-11-07,-0.6024,3.9157,1.6204,-1.0944,-3.4063,-1.1008,2.0161
2017-11-08,1.0654,4.2618,0.8610,-0.1383,-1.4799,-1.4087,2.5109
2017-11-09,2.4961,7.8003,1.5821,0.9323,0.8859,1.0520,-0.5233
2017-11-10,-0.6202,6.9767,-2.9913,-1.7818,-2.7297,-1.5906,-0.4795
2017-11-11,7.1429,7.4751,1.7904,0.8790,2.9055,0.3001,-9.8026
2017-11-12,4.8780,7.6655,-1.0010,-0.6665,1.6818,-2.5427,1.9110
2017-11-13,-7.5684,6.2802,0.2661,-3.4153,-7.4297,-1.9424,11.9293
2017-11-14,-1.1146,5.7325,0.2588,-1.6472,-0.9880,0.7911,-0.5931
2017-11-15,0.8026,5.4575,-0.7774,-1.4815,0.6180,1.1209,-0.4936
2017-11-16,-1.2678,1.5848,-3.9474,-2.4822,-1.6163,-0.1593,-0.9396
2017-11-17,-2.4730,-0.3091,-6.2049,-3.7404,-4.4648,-0.8766,2.7515
2017-11-18,7.2968,-0.1658,0.2935,1.1937,1.0005,2.7271,6.9580
2017-11-19,5.4196,0.3497,-3.6473,-0.8479,2.5754,-1.0235,2.4292
2017-11-20,-5.6106,2.4752,-2.5484,-1.7688,-4.3187,1.2114,1.9332
2017-11-21,8.2143,12.1429,7.0409,7.1372,8.7557,11.4041,9.0863
2017-11-22,-6.5109,4.0067,-6.7395,-3.1292,-3.4241,-3.7968,-2.5520
2017-11-23,-1.9640,3.2733,-5.2236,-3.7514,-3.3240,-2.8059,1.3017
2017-11-24,-0.6504,5.2033,-4.9582,-1.6454,-3.2673,-0.2923,3.2226
2017-11-25,4.9488,2.9010,-1.8958,-0.3272,0.8919,-0.3488,1.7013
2017-11-26,3.1690,0.7042,-3.5883,-3.5231,2.4948,-2.5149,2.6067
2017-11-27,-5.8043,0.4975,0.6037,-1.8976,-4.2618,-1.2391,-5.4431
2017-11-28,0.1661,-6.9767,0.6748,-0.4519,-0.3788,0.3692,0.5273
2017-11-29,-2.2727,-2.7597,-0.8636,-3.0539,-3.4798,-2.3650,-0.8721
2017-11-30,-1.1236,-1.9262,-2.1452,-2.0560,-3.3740,-1.8798,-2.1741
2017-12-01,0.3221,-0.9662,-4.2957,-1.9066,-3.7596,0.2126,0.7986
2017-12-02,6.5180,0.5146,-8.6432,-3.5816,1.5308,0.3071,-2.1262
2017-12-03,0.5172,-2.0690,-5.6085,-3.5844,0.0373,-5.0742,-0.9007
2017-12-04,-3.8143,0.0000,1.9345,-0.4711,-2.9935,0.1247,-1.7610
2017-12-05,-3.0547,-3.2154,-1.2567,-3.6118,-4.3122,-1.9955,-2.4677
2017-12-06,-1.1129,-2.0668,-2.5215,-2.8307,-2.8724,-0.8679,-0.6420
2017-12-07,2.1104,1.1364,-1.1564,1.8142,0.2664,2.3043,0.8453
2017-12-08,-1.1236,-0.3210,-5.4202,-1.1037,-3.3152,-0.8198,0.5339
2017-12-09,3.8333,-2.8333,-3.4161,-1.5931,0.6264,-1.7927,1.2820
2017-12-10,7.1429,3.5714,0.6812,1.5607,7.3038,2.5105,1.8371
2017-12-11,-7.8947,-0.8224,-1.5373,-3.1369,-3.8293,-0.8513,-7.6077
2017-12-12,-1.6181,0.6472,-0.3680,-2.5432,-1.1704,0.6263,-1.8935
2017-12-13,-3.2864,-1.5649,-2.3423,-3.2043,-4.2075,-2.9954,-2.9975
2017-12-14,-0.9302,-4.4961,-2.0558,-0.4821,-2.4708,-1.8200,-1.5671
2017-12-15,-3.1532,-6.4565,-5.3214,-3.1559,-5.4838,-3.3375,-2.0120
2017-12-16,4.7170,-5.6604,-1.1413,1.0913,-0.9463,-1.0437,2.0453
2017-12-17,3.4146,-8.9431,-2.8708,-1.3399,0.5883,-3.4500,0.2743
2017-12-18,-5.5300,-6.6052,0.8453,-0.4640,-5.1535,-1.3887,-0.3175
2017-12-19,-0.4587,-5.5046,1.6487,-1.5585,-0.0377,0.2265,0.1269
2017-12-20,-1.8018,-4.0541,-0.7997,-2.0682,-0.5266,-0.7589,-0.4117
2017-12-21,1.0622,-2.1244,0.3319,1.3061,1.5500,0.8880,1.5909
2017-12-22,-1.3473,-0.2994,-4.0144,-1.3038,-3.1384,-0.4067,1.9287
2017-12-23,7.3955,2.2508,-0.1359,2.1791,1.8563,2.7028,4.7650
2017-12-24,4.0134,2.8428,-2.2079,-0.9081,1.8575,0.1003,4.3281
2017-12-25,-3.3926,5.1696,-4.4048,-2.6502,-1.9845,1.9442,2.9040
2017-12-26,-4.0310,1.3953,1.1680,0.1781,-0.7940,-1.4023,0.4825
2017-12-27,-1.6768,1.5244,-0.5719,-2.8133,-1.2040,-1.3464,0.7924
2017-12-28,0.1527,0.6107,-0.4387,-1.3128,0.5668,-0.7358,1.0924
2017-12-29,-0.4559,1.5198,-0.7320,-1.5919,-1.7088,0.7023,1.1233
2017-12-30,5.9581,0.1610,1.9059,-0.0018,1.8563,1.8697,2.3198
2017-12-31,3.3278,-0.4992,0.4048,-1.6158,3.1564,-0.6517,1.8341
2018-01-01,-5.6515,-2.8257,2.5540,-0.6016,-2.4201,-0.2153,0.7184
2018-01-02,-3.0441,-1.8265,0.7467,-1.3185,0.7586,-1.3751,-1.5963
2018-01-03,-3.3824,-3.5294,-0.8223,-2.4967,-1.4971,-3.1377,-3.5742
2018-01-04,0.7407,-2.9630,1.2764,1.5197,1.9625,0.0555,1.0099
2018-01-05,-6.2500,-8.6111,-6.3491,-5.3010,-5.7931,-4.5516,-5.1069
2018-01-06,7.9460,-6.8966,2.4999,4.4642,1.5287,0.4099,4.2050
2018-01-07,3.2508,-6.9659,-1.3259,0.1296,-0.6227,-1.8553,0.6562
2018-01-08,-5.8309,-7.1429,1.9065,0.3452,-3.1102,-0.0624,0.2947
2018-01-09,-0.4354,-4.6444,2.9442,1.7044,2.8718,0.5149,-0.0374
2018-01-10,-0.5772,-1.8759,1.1263,1.1110,1.5071,-0.3827,-0.0737
2018-01-11,1.1679,-1.4599,0.4370,2.3100,4.0480,1.8678,0.4805
2018-01-12,-1.1544,3.8961,-2.6069,0.5894,0.2898,0.9088,1.6095
2018-01-13,9.1339,5.0394,3.2868,5.1561,5.7109,6.0665,4.0241
2018-01-14,2.9173,4.7002,-0.9993,-0.7035,3.0829,1.1561,0.9308
2018-01-15,-5.8015,4.7328,1.0726,-0.3238,-1.4429,2.0053,-1.1196
2018-01-16,0.0000,5.1908,2.5945,1.2296,3.3543,2.1325,-0.1330
2018-01-17,-3.8179,1.7621,-2.2767,-3.1139,-1.9368,-3.1773,-4.1905
2018-01-18,1.1887,1.7831,0.7197,1.9930,1.4769,0.7227,-0.8777
2018-01-19,0.7485,3.7425,-1.3074,1.3320,-0.2554,2.6736,0.7680
2018-01-20,3.8880,-1.2442,-2.1516,-0.7471,-0.0341,0.2417,-0.2770
2018-01-21,3.7097,-0.4839,-2.5969,-1.5077,0.8843,-1.7839,1.0840
2018-01-22,-4.6154,0.7692,1.9092,0.4376,-2.4408,-0.3188,0.2580
2018-01-23,-0.4594,0.3063,0.6331,-3.5063,2.5899,0.9420,2.6675
2018-01-24,-4.8105,-0.7289,-2.4177,-3.0720,-3.7254,-3.6535,-4.4451
2018-01-25,0.5865,-1.3196,-0.2376,1.3043,0.5936,-0.8438,-0.1057
2018-01-26,18.1976,15.7712,8.1111,9.5310,16.7502,17.5045,9.9374
2018-01-27,-11.3671,-1.2289,-8.2575,-9.1317,-7.9193,-4.4000,-11.7259
2018-01-28,3.0063,-1.8987,0.8262,-1.1463,-0.9755,-1.6722,0.3003
2018-01-29,-6.2315,-3.5608,1.5702,-1.6827,-5.1419,0.0593,4.0623
2018-01-30,1.3534,-1.8045,4.8851,2.1728,2.2772,0.0961,3.7694
2018-01-31,0.0000,3.1579,2.6180,-0.3882,2.0069,1.6486,1.3932
2018-02-01,2.6235,5.2469,2.6846,2.9331,4.3068,3.6244,3.0491
2018-02-02,0.0000,-10.9568,-4.1814,-0.1750,0.3494,1.3314,2.3965
2018-02-03,6.2295,6.7213,0.4056,0.6401,2.6952,3.3149,-1.0127
2018-02-04,2.1776,5.8626,-4.6013,-3.0881,2.9913,-0.2820,-2.7559
2018-02-05,-6.4263,5.6426,-1.8943,-1.0742,-2.1112,-1.7413,-3.6216
2018-02-06,0.0000,4.2320,-0.3834,0.9418,2.0140,0.3560,1.1861
2018-02-07,-2.1472,1.9939,-2.4123,-2.2209,-1.5925,-2.7730,-2.0965
2018-02-08,-0.4580,-1.0687,-2.8207,-0.8552,-2.0339,-1.3869,-1.7020
2018-02-09,-1.5038,-2.5564,-4.9825,-1.2570,-5.0694,-1.8717,-1.6898
2018-02-10,6.9132,-1.9293,-0.4058,0.8239,-0.3951,1.3023,2.9583
2018-02-11,2.6403,-1.4851,-4.5493,-2.3983,0.4712,-2.4038,-2.5526
2018-02-12,-4.8666,0.1570,2.1376,0.5896,-3.8213,-0.4221,-0.5917
2018-02-13,0.0000,0.1570,-5.3354,-8.0227,0.8871,0.3257,-2.4386
2018-02-14,-0.4687,1.8750,1.4624,3.6995,-0.1233,2.4893,5.1593
2018-02-15,1.4263,3.8035,2.4102,2.2683,1.1350,0.7827,2.6860
2018-02-16,-2.6235,2.6235,-2.6660,-1.4647,-4.0253,-0.7427,0.1386
2018-02-17,6.7545,2.4712,2.7917,2.2151,1.8218,1.6210,4.4604
2018-02-18,3.9384,3.7671,-0.7396,-0.6064,3.8954,0.0864,0.7686
2018-02-19,-4.4190,4.2553,2.3201,-0.0808,-1.1747,2.2155,-0.3290
2018-02-20,-0.9724,3.2415,2.6113,0.1829,1.7869,1.6961,0.1037
2018-02-21,-0.1618,3.5599,3.6448,0.5248,1.4691,1.3057,2.7187
2018-02-22,-0.9615,1.1218,-0.8520,-0.6437,-0.1944,-0.7905,-0.2848
2018-02-23,-2.3474,1.4085,-3.9941,-1.9687,-4.6576,-2.9620,-0.2847
2018-02-24,5.2718,0.0000,0.9073,0.7451,-0.0060,-0.3191,-1.9885
2018-02-25,4.4750,0.5164,-0.9731,0.0030,2.9501,-0.8560,0.4780
2018-02-26,-5.0654,-0.1634,0.9949,-0.0128,-1.9615,-1.1004,-3.7647
2018-02-27,-6.1350,-5.3681,-2.9676,-5.2129,-5.3727,-6.0163,-4.2871
2018-02-28,2.8391,-2.5237,2.6049,3.1856,0.7715,2.5557,5.0184
2018-03-01,6.3758,4.6980,5.1830,7.3237,6.1366,5.8754,7.6483
2018-03-02,29.2842,38.6117,19.3884,14.8198,31.5104,33.0537,22.7301
2018-03-03,-13.3459,14.0977,-7.5724,-3.1438,-4.2037,-1.8214,-11.8164
2018-03-04,-4.3165,4.4964,-6.7997,-3.7529,-3.5378,-3.4930,-6.5168
2018-03-05,-8.4020,0.8237,-2.6632,-2.9025,-8.5618,-3.7881,-3.9070
2018-03-06,-1.9386,5.3312,0.6013,-0.4347,-3.7373,-3.7358,-1.9798
2018-03-07,-1.4331,0.9554,-1.1244,-0.8165,-4.2713,-3.8945,-1.0919
2018-03-08,-2.0281,-7.0203,-2.9189,-1.6532,-4.3988,-4.3938,-1.7006
2018-03-09,-1.6871,-29.2945,-7.8126,-1.8979,-4.7586,-3.7934,-1.8242
2018-03-10,6.5359,-13.0719,1.4782,2.0177,-0.8089,0.1174,3.2277
2018-03-11,2.1703,-7.1786,-3.3234,-2.4824,-1.6985,-3.7692,-0.4351
2018-03-12,-8.5496,-7.3282,-3.1692,-3.3083,-7.2235,-5.8843,-4.2655
2018-03-13,-2.5298,-7.8869,1.6356,-1.5539,-1.9082,-2.1240,-2.3092
2018-03-14,-2.4673,-8.8534,-0.9491,-3.3017,-2.7037,0.5362,1.7149
2018-03-15,-1.1478,-8.0344,-7.2420,-1.7389,-3.5126,-4.0325,-0.7170
2018-03-16,-0.2861,-6.7239,-8.3081,-1.0891,-2.6701,-3.4661,-2.5617
2018-03-17,7.0444,-6.2787,-4.3952,1.8365,0.8343,-0.2958,1.4297
2018-03-18,5.4927,-3.2310,-3.3249,0.9306,1.5649,-0.7424,2.4767
2018-03-19,-8.4320,-3.1065,-3.8096,-2.2416,-3.8093,-6.0556,-0.4549
2018-03-20,-3.0129,-3.5868,-1.6614,-1.3662,1.2762,-1.0541,-0.1081
2018-03-21,-0.8535,-1.9915,-2.4186,-0.4291,0.8824,-0.8452,-0.9698
2018-03-22,0.7163,-0.1433,-2.1074,1.2691,1.4061,0.7212,1.6555
2018-03-23,-8.2786,-8.1472,-11.7864,-7.4418,-9.2207,-8.0094,-9.3054
2018-03-24,14.0930,-2.0990,6.3288,10.0177,6.1396,5.1619,11.3130
2018-03-25,6.0413,-1.5898,2.6401,2.0170,3.5442,4.0768,-0.6145
2018-03-26,-10.7801,-4.1135,0.2587,-3.5688,-3.7596,1.0901,-1.7548
2018-03-27,-3.9510,-5.0409,0.9261,-1.7984,0.8698,4.4312,2.1808
2018-03-28,-2.1333,-6.2667,3.0134,-0.6472,-2.0002,6.8636,1.8376
2018-03-29,0.6711,-6.3087,-5.7694,-3.9776,0.1857,4.0806,0.4738
2018-03-30,-1.3245,0.7947,-6.6180,-2.2996,-2.5853,0.4986,-1.1499
2018-03-31,2.4423,-9.4980,-1.9259,1.5426,-2.1658,-3.3552,-2.8614
2018-04-01,-6.7089,-20.3797,-9.0904,-9.5754,-9.1178,-8.8234,-11.3466
2018-04-02,0.0000,-10.7595,9.1181,9.4352,2.9698,10.5863,6.4242
2018-04-03,-4.8193,-11.5663,2.5064,-0.2596,-0.6316,2.6867,-0.6678
2018-04-04,-5.4670,-14.5786,-0.9101,-0.9935,-3.3745,0.7535,-1.7290
2018-04-05,-2.3359,-17.1301,-2.7819,0.2652,-1.2000,-0.7191,1.9544
2018-04-06,4.6566,-12.1071,0.6444,3.4500,4.5806,3.7228,5.3693
2018-04-07,13.9257,-2.2546,6.5209,8.5606,10.7089,7.1864,7.4719
2018-04-08,-3.0848,1.5424,-5.1966,-5.5142,-2.1982,-3.8733,-7.1286
2018-04-09,-2.5063,-1.0025,-0.3660,3.2480,4.2566,1.4804,7.7746
2018-04-10,-2.6829,1.2195,0.4631,0.0597,4.4172,-1.9698,0.2125
2018-04-11,1.3597,8.5290,0.2790,1.6936,5.7433,-0.1827,3.1795
2018-04-12,3.3206,14.8148,2.2688,4.5037,6.1810,2.7655,6.2250
2018-04-13,-2.2472,7.2409,-2.9387,0.5202,-0.5451,-1.4803,3.6262
2018-04-14,3.4884,-2.5840,-5.3944,-1.8593,0.6801,-0.2059,-0.8544
2018-04-15,-1.5267,-1.0178,2.0390,-1.0668,-3.1508,1.7909,3.5430
2018-04-16,-10.4784,-9.1116,-0.6202,-1.7595,-6.4541,-0.8680,2.9552
2018-04-17,-2.6608,-9.0909,1.5770,-1.0989,-0.2243,0.8440,3.1705
2018-04-18,-1.7429,-11.8736,-0.2976,-1.7722,-0.5776,1.5916,-0.1179
2018-04-19,-3.3684,-17.5789,-2.0789,-2.7718,-2.8687,-0.1701,-0.3326
2018-04-20,0.1054,-15.5954,-1.2547,1.0188,0.1115,1.2666,3.2727
2018-04-21,7.4745,-12.3443,-3.5395,-3.7803,3.7117,-2.3816,-0.6227
2018-04-22,11.0692,-1.1321,3.3406,4.5015,8.5479,5.5508,0.6319
2018-04-23,-7.3427,2.3310,-0.5337,-1.3030,0.3030,-0.0049,4.6774
2018-04-24,-4.2411,0.6696,1.0262,-1.9543,1.7767,1.1764,3.0604
2018-04-25,-4.6809,-2.3404,0.5442,-2.0262,-2.3148,1.5087,0.7201
2018-04-26,-5.2419,-4.2339,-1.7192,-2.0346,-4.8717,0.9310,-1.8389
2018-04-27,-4.5236,-8.6622,-5.9037,-5.0976,-6.0372,-0.3008,-4.0759
2018-04-28,-1.5166,-16.3033,-5.5919,-5.1389,-7.7925,-4.7523,-10.7176
2018-04-29,7.8732,-18.7117,2.4091,3.8879,1.8758,1.4107,2.5941
2018-04-30,-4.3988,-16.1290,-4.9251,-1.4136,-2.3148,-0.4608,-1.6441
2018-05-01,-1.9175,-14.0940,-0.8703,-2.2147,0.2600,-0.5925,1.0904
2018-05-02,4.3000,-6.0000,3.0477,1.5712,5.9388,3.6807,6.3634
2018-05-03,6.7236,5.8698,4.9485,3.6685,9.7566,6.0393,8.7920
2018-05-04,-3.9959,6.4549,-2.9328,-3.3258,-1.3045,-1.5768,-2.3776
2018-05-05,-1.1145,6.8896,-0.2787,-2.5263,-2.4526,-2.7767,-4.5964
2018-05-06,3.6765,2.7311,2.6674,1.8142,1.3387,0.2744,-0.3616
2018-05-07,-7.3028,-0.3895,-2.1621,-1.4687,-4.1783,-2.1431,-1.4037
2018-05-08,5.7673,7.4150,1.0568,3.8055,8.0530,2.9751,1.8247
2018-05-09,1.6754,4.7120,0.3702,3.1040,5.9748,-0.0062,-2.3077
2018-05-10,-1.7490,-3.6008,0.4011,0.9936,2.7694,0.3961,-0.2753
2018-05-11,-7.8673,-7.4882,-3.6609,-4.5792,-5.5188,-2.0350,-2.9707
2018-05-12,-2.9439,-9.1996,-3.1312,-4.1085,-7.2618,-3.7679,-4.1890
2018-05-13,8.3749,-5.0847,0.5673,1.1910,2.1431,1.0887,1.3737
2018-05-14,2.3469,4.7959,6.3481,10.1939,3.5206,7.0614,6.9229
2018-05-15,-7.4599,-8.3097,-2.3180,-3.3062,-3.9447,-2.7738,-5.4779
2018-05-16,2.6163,-7.4612,3.9257,4.6871,3.0105,4.5581,3.8770
2018-05-17,-4.8848,-10.4147,-3.3849,-2.6978,-3.8907,-0.1992,-1.9036
2018-05-18,-1.7210,-4.4384,-2.6821,-1.2384,-2.9872,2.5064,1.2116
2018-05-19,1.4706,-0.0919,-1.4680,-2.4955,-2.9979,0.4981,0.6917
2018-05-20,4.9180,-3.2787,1.8409,0.7512,0.3065,3.7764,3.7873
2018-05-21,-6.8284,-11.9497,-2.3754,-1.9176,-5.1225,2.5853,0.7212
2018-05-22,-4.5455,-9.1767,-0.3857,-1.6960,-4.7299,2.3629,-0.9174
2018-05-23,-4.1118,-15.1316,-4.0824,-2.8147,-5.8998,-0.8754,-3.0066
2018-05-24,-1.2185,-11.8603,-3.9684,-2.5012,-3.8468,-1.4470,-0.5935
2018-05-25,2.8404,-7.7694,0.5151,2.0820,-0.9194,4.1136,1.9292
2018-05-26,2.7468,-6.6094,0.7259,-2.4158,-2.0126,1.9157,-1.7681
2018-05-27,3.0973,-8.2301,0.2706,-3.5116,-1.6098,0.9895,-1.0292
2018-05-28,-9.6723,-11.0312,-6.7594,-5.5452,-8.8625,-3.8930,-7.0640
2018-05-29,-2.5701,-9.1900,-3.6847,-2.2895,-3.1932,-2.5964,-1.1982
2018-05-30,-0.0778,-5.3696,-3.2718,-4.0084,-1.7903,-3.6959,-0.4928
2018-05-31,-1.0015,-5.1618,-1.6522,-1.8650,-3.1527,-2.6121,0.1551
2018-06-01,-0.3837,-8.1351,-2.3170,-2.6822,-3.2772,-1.7529,-1.6882
2018-06-02,10.1437,-1.5216,4.8151,1.7164,4.6831,3.5445,3.9187
2018-06-03,5.8140,1.0733,2.7144,-2.0878,2.4936,-0.1866,-0.2751
2018-06-04,-12.5196,-2.1127,-4.7819,-6.5612,-8.9258,-4.7044,-4.9437
2018-06-05,-4.6980,-4.2506,-1.8968,-2.9736,-3.8953,-1.8440,-2.5754
2018-06-06,3.5521,-0.7722,1.1855,-0.1571,1.5911,2.7330,4.3515
2018-06-07,-1.1450,-0.9160,-1.1288,-1.3460,-2.8967,-1.6570,0.2115
2018-06-08,-4.6579,-5.1674,-4.0183,-3.5033,-6.3231,-2.8102,-3.2516
2018-06-09,12.5307,-3.1122,3.2873,3.4841,7.5095,1.3084,0.3443
2018-06-10,10.5978,1.2681,4.4586,2.8298,8.5481,3.4196,3.0791
2018-06-11,-12.6582,1.1076,-4.5554,-8.1482,-7.0742,-3.9371,-3.3303
2018-06-12,-6.7159,-1.0332,-2.3701,-3.1580,-3.0026,-2.4477,-1.1994
2018-06-13,-1.7404,-6.0914,-0.5120,-2.0276,-1.8945,0.8489,2.7162
2018-06-14,2.2239,-2.8910,2.2126,2.1265,1.8732,4.1811,6.5786
2018-06-15,1.8882,3.7764,1.3789,-0.6894,1.3201,5.5025,3.5086
2018-06-16,6.1748,-2.0850,-0.5929,0.1379,3.9437,3.1574,-11.8035
2018-06-17,10.2564,-2.3873,3.1834,1.6644,8.8349,3.5586,5.4469
2018-06-18,-3.9898,7.3005,-1.3262,-1.8038,2.4570,1.6938,3.1984
2018-06-19,-0.7582,14.1533,2.8442,1.9076,6.9652,1.1330,-0.1741
2018-06-20,-6.2401,8.9258,-1.4492,-3.5340,-2.2044,-0.9094,-2.3273
2018-06-21,-4.4528,1.8113,-2.1428,-1.8629,-3.0922,0.0749,1.0838
2018-06-22,-1.9970,-2.0710,-0.6488,-1.0402,-3.0276,2.3542,2.9398
2018-06-23,1.6541,-6.2406,-0.4695,-3.2896,-2.8402,0.5511,-1.4543
2018-06-24,5.4718,-10.3093,1.6148,1.3265,0.8403,1.3949,-1.6648
2018-06-25,-7.4835,-13.5730,-3.4382,-3.4381,-6.4585,-0.3986,0.0984
2018-06-26,4.5245,-8.9724,0.3919,-2.3119,5.7515,3.3412,4.7561
2018-06-27,6.7103,3.6007,-3.2298,-1.1057,7.4094,-1.2181,1.9386
2018-06-28,6.9116,15.9230,1.0437,0.8242,8.7858,-0.8203,5.5615
2018-06-29,-0.5222,17.6675,-2.0365,-1.3580,1.3406,-2.6361,1.5368
2018-06-30,1.5915,17.5950,-0.9974,-2.9303,1.1709,-3.4793,1.6307
2018-07-01,-0.0883,11.3958,-1.9261,-3.1392,-1.8329,-3.5181,1.1553
2018-07-02,-5.5880,13.6781,-2.4116,1.7006,-3.5360,-0.9572,5.4497
2018-07-03,2.2165,11.1679,3.4858,3.3426,4.6212,3.7440,7.4968
2018-07-04,-2.4938,1.5794,-4.2947,-3.5045,-0.5096,-3.1700,-0.8335
2018-07-05,-1.3934,-6.3115,-1.2741,1.0442,-0.5710,-2.2109,0.8673
2018-07-06,-1.5335,-7.2639,-2.9303,-2.3065,-2.5352,-0.8435,0.2057
2018-07-07,-0.6415,-9.3023,-3.0696,-4.5441,-4.9472,-3.5869,-4.4601
2018-07-08,1.1354,-8.1914,-0.2579,-2.8016,-3.0068,-1.0441,-2.2751
2018-07-09,-11.2950,-13.7410,-6.8879,-6.1968,-12.3063,-6.0506,-4.1713
2018-07-10,-0.5011,-16.0344,-1.5052,1.0682,-3.4086,-2.7917,-0.5698
2018-07-11,3.0996,-11.2177,-0.7267,1.7784,1.0262,-1.3578,1.0837
2018-07-12,3.5141,-6.7991,-4.7019,-4.0986,1.8515,-1.4247,1.9748
2018-07-13,8.4507,2.6512,1.9679,3.0044,7.3282,6.0255,7.0029
2018-07-14,10.3291,13.9854,4.8814,1.9916,9.0358,3.9852,6.0659
2018-07-15,-0.0913,12.6027,-1.7297,-4.7712,0.4333,-3.2036,-3.9984
2018-07-16,-8.1376,16.6107,-4.1126,-2.4849,-3.2095,-1.8556,-0.6454
2018-07-17,-3.0106,13.6697,-0.3629,1.2032,-0.0516,0.4623,-2.8721
2018-07-18,-3.9093,5.9421,-3.6851,-4.0118,-2.6422,-2.3354,-6.2286
2018-07-19,-0.5443,1.7885,-2.8996,-3.0151,-0.8322,-1.6564,-0.4514
2018-07-20,4.5528,-1.8699,0.1873,1.5194,2.2838,2.4249,3.7155
2018-07-21,8.9460,-3.1001,1.3651,-2.4201,4.5109,2.6740,-1.2863
2018-07-22,11.4511,8.0948,2.6801,-1.8178,10.4556,4.7098,4.8730
2018-07-23,-9.9556,5.9556,-2.4320,-0.6281,-2.2203,1.6179,-8.0590
2018-07-24,-6.4060,2.2463,-2.6835,-4.1362,-1.5389,-1.8341,-3.6132
2018-07-25,1.7782,8.2981,0.4691,0.1483,1.5060,1.7212,3.8879
2018-07-26,12.5834,22.5929,6.6044,2.3545,12.5236,8.4520,7.9891
2018-07-27,4.9000,23.0000,2.2553,1.8325,5.3089,6.2308,0.7121
2018-07-28,5.1525,18.7171,6.1084,5.7554,5.4185,6.9175,0.8745
2018-07-29,0.5285,7.0825,2.0211,1.2383,1.9438,1.2791,6.6973
2018-07-30,-12.8913,3.5912,-4.4205,-0.8641,-6.8141,-1.3894,-2.5280
2018-07-31,-4.4014,5.8099,-1.0766,-1.5756,-0.0964,-0.4030,-2.0994
2018-08-01,0.8881,4.8845,2.7652,3.8352,-0.0320,1.3889,2.9788
2018-08-02,-4.6571,-11.1770,-3.3730,-2.7573,-7.6309,-3.3881,-1.6012
2018-08-03,0.7679,-14.6758,-1.1537,1.4362,-3.7412,1.8299,2.5463
2018-08-04,1.4719,-17.6623,-2.0865,-3.7340,-5.5894,-2.8463,-0.2500
2018-08-05,5.3832,-13.6861,-0.8664,-1.4488,-1.9261,-1.3385,1.6962
2018-08-06,3.6897,2.7436,1.6732,1.4669,5.5607,4.4342,8.3792
2018-08-07,0.6667,8.1905,-1.2629,-1.6352,6.5650,0.8670,-5.1032
2018-08-08,-4.4586,2.4568,-3.1707,-3.2660,-1.4534,-1.9082,-5.0274
2018-08-09,-5.9880,1.0265,-4.7154,-3.6501,-5.5347,-2.8264,-4.8587
2018-08-10,-3.1483,-2.8998,-4.7354,-1.5973,-5.9700,-2.7152,-3.3571
2018-08-11,2.6361,-1.7857,-0.8471,-2.1351,-4.0803,-1.2454,-2.4824
2018-08-12,6.5217,-0.7246,1.0804,-1.9655,-0.1941,-0.9574,2.0492
2018-08-13,-3.9164,-8.0070,-0.6905,1.9772,-1.4302,1.2632,5.0005
2018-08-14,-2.0460,-10.4859,-1.1958,-0.8557,0.9082,-0.5013,4.8158
2018-08-15,14.2162,7.0107,7.8890,7.3871,15.6261,12.1909,19.1820
2018-08-16,-11.9211,0.2573,-8.0135,-7.8310,-8.1703,-6.3209,-3.6049
2018-08-17,-3.6364,-0.2479,-3.8208,-3.2784,-5.3478,-2.7497,-1.5693
2018-08-18,2.6293,-0.2545,-0.5555,-3.0640,-5.2967,-2.3627,0.2821
2018-08-19,9.1667,2.2222,4.9125,1.5814,0.5185,2.3584,3.3813
2018-08-20,-8.1633,-2.2959,-2.4080,-0.6828,-5.8620,-1.5210,-1.5298
2018-08-21,-1.5075,-1.7588,0.5263,1.8845,-0.6006,0.5848,0.1399
2018-08-22,1.7903,-12.4467,-4.5382,-4.8985,1.9007,-0.6277,-3.3491
2018-08-23,3.4392,2.8219,1.2485,-0.4727,4.5661,2.2949,5.3225
2018-08-24,1.3405,8.1323,0.6093,-0.3922,3.1418,2.1655,1.0656
2018-08-25,3.9963,9.5725,3.0668,0.8421,1.3319,-0.3403,-0.1666
2018-08-26,9.7959,10.2041,7.3959,6.8507,6.8580,4.1645,4.1565
2018-08-27,-12.2650,5.2820,-7.5073,-5.1364,-6.3368,-6.2439,-5.7008
2018-08-28,3.8104,10.9665,3.6586,1.7200,6.3699,4.4003,2.5917
2018-08-29,1.1278,10.2444,2.0215,2.5565,4.0434,2.7959,0.1933
2018-08-30,-4.1441,2.1622,-1.4049,-0.0024,-0.4755,-0.3630,-0.7116
2018-08-31,-4.6392,-3.8660,-3.8793,-1.5219,-4.0900,-3.0212,0.4587
2018-09-01,11.9231,3.4615,6.4798,4.5357,5.6810,4.3886,8.0144
2018-09-02,14.2857,7.6923,3.5697,1.3496,11.4203,4.9408,8.4924
2018-09-03,4.2383,27.9496,5.7065,4.2640,13.9846,12.4875,-0.1569
2018-09-04,-7.2264,14.3464,-1.2597,-3.0598,5.1615,2.5347,0.9265
2018-09-05,-1.3627,11.5304,3.5855,1.0244,5.8076,4.0629,1.0023
2018-09-06,-4.9801,10.5578,-1.6472,-1.1105,-0.5214,-1.2240,-3.1056
2018-09-07,1.8256,18.0527,2.3819,4.8117,3.1324,4.5956,1.5124
2018-09-08,6.1356,11.9483,3.8768,3.7926,1.8596,0.0970,-1.4598
2018-09-09,5.5682,3.4091,2.6518,1.3471,1.4109,-0.2451,-2.3913
2018-09-10,-10.2956,-11.0092,-3.8148,-3.0679,-5.2404,-3.6987,-2.4437
2018-09-11,-5.8541,-9.6929,-3.5040,-3.4498,-2.7861,-3.9886,-1.7215
2018-09-12,-2.9795,-11.1732,-1.9680,-0.4403,-2.6899,-1.0339,-1.4649
2018-09-13,0.8451,-5.7277,0.6571,2.3248,0.4343,0.6294,0.1441
2018-09-14,-0.3742,-7.7643,-3.3663,-1.5158,-2.7388,-3.8548,-2.4767
2018-09-15,3.5853,-9.9806,-1.6137,-0.9552,-2.4128,-3.8517,-0.4139
2018-09-16,4.8780,-10.5691,-1.2625,-0.9438,-1.2250,-2.7976,-2.4769
2018-09-17,-7.2573,-7.5401,-4.2430,-2.5344,-4.5177,-2.8013,2.7208
2018-09-18,-1.3023,-3.0698,-2.1960,-2.0817,1.4121,-2.8114,-0.0569
2018-09-19,-1.0129,-1.1050,-3.0648,-3.2543,-1.3433,-3.5777,0.1492
2018-09-20,-0.2755,-2.2039,-1.4668,-0.9373,-1.8696,-0.6376,0.7986
2018-09-21,4.5106,2.5912,-5.4010,-8.1816,1.8931,-1.9335,-3.3517
2018-09-22,13.5076,12.4183,-1.5843,1.9337,7.7197,-0.6791,2.8183
2018-09-23,9.4160,17.2825,4.1542,0.8653,6.6081,2.5522,0.4857
2018-09-24,-2.4419,23.3721,1.9273,0.6254,6.3450,3.8837,7.1555
2018-09-25,6.1728,32.7160,10.9453,7.9902,15.7102,9.5133,9.6278
2018-09-26,-3.1100,29.9043,3.8745,1.0316,0.4137,-0.3058,-1.4185
2018-09-27,-5.4299,23.1900,0.8284,-1.0538,-4.7242,0.5438,-3.6901
2018-09-28,-5.2519,11.6827,-2.1301,-0.8055,-6.3325,-0.6694,-1.0879
2018-09-29,0.1073,-1.5021,-2.3279,-3.1211,-5.4040,-6.1418,-7.2514
2018-09-30,4.6016,-5.8361,-1.0650,-0.3003,-1.3338,-3.7378,-3.7121
2018-10-01,-5.6144,-8.8983,-1.8301,-2.0767,-6.1601,-2.8537,3.9709
2018-10-02,12.7838,-3.2258,8.6900,2.3315,14.2723,13.1222,14.3354
2018-10-03,-12.5392,-12.6437,-8.7209,-8.5547,-11.9699,-10.0693,-9.3672
2018-10-04,-3.0395,-10.4357,-4.2854,-2.6147,-4.4331,-2.6881,-1.5821
2018-10-05,1.4388,-4.1110,-1.5888,0.6162,-2.9116,-0.3750,0.9806
2018-10-06,5.8760,1.4146,-0.1302,-0.6758,-0.1365,-2.9496,-2.6506
2018-10-07,8.2450,4.9470,1.8157,2.5107,3.8811,0.6411,-4.5868
2018-10-08,-7.2131,3.1694,-1.7269,-2.0364,-4.5557,-1.4522,1.6235
2018-10-09,-0.8667,-9.3174,-0.3826,-1.7810,0.4134,-1.1827,-2.2027
2018-10-10,-2.1209,1.4846,-2.9829,-3.3012,-1.4417,-3.7409,-3.2017
2018-10-11,6.7950,11.7780,1.0648,2.3284,7.3436,3.1634,5.1787
2018-10-12,7.8144,18.8034,3.1999,6.4560,7.6837,3.8631,6.6305
2018-10-13,8.7649,22.0452,3.2981,3.4008,5.9133,-0.0182,-2.6612
2018-10-14,6.5064,20.0849,0.5382,2.6469,6.3795,-1.6187,-8.8555
2018-10-15,-5.8589,21.8375,2.5428,0.5676,-2.7430,1.2838,9.6786
2018-10-16,-5.6533,15.9548,-1.7708,-3.4557,-1.5759,-3.6647,-11.0860
2018-10-17,-1.6069,16.5637,1.1530,0.0827,-0.3992,-0.2556,-16.4120
2018-10-18,0.6219,9.8259,-0.7745,0.9753,0.0404,0.4414,-25.1459
2018-10-19,15.5172,17.6724,5.1675,3.5655,11.4662,13.4544,7.0827
2018-10-20,-2.5210,5.4622,-4.6400,-3.1369,-4.8200,-4.1072,2.1330
2018-10-21,7.5301,6.4759,0.6371,2.1599,4.9001,0.5071,1.1631
2018-10-22,-8.7912,3.1593,-3.6785,-4.7480,-5.8347,-2.2676,-3.4813
2018-10-23,0.1376,9.4911,1.6690,0.4141,0.7448,0.4620,1.4229
2018-10-24,-1.4905,9.6206,-0.6068,-1.5806,-2.4245,-0.6961,-0.6216
2018-10-25,0.4082,9.3878,-0.9726,-0.1519,-1.5932,0.4925,-1.3336
2018-10-26,0.4098,-4.9180,-4.3619,-0.0944,-3.2836,0.3191,1.6723
2018-10-27,6.2409,3.6284,1.4870,0.7707,0.2283,1.0208,3.0821
2018-10-28,6.9876,3.1056,-0.3076,1.3697,2.9253,0.3199,3.5980
2018-10-29,-7.6040,4.4476,-1.4271,-2.4494,-6.3592,-1.2499,-1.9473
2018-10-30,-2.9248,1.2535,-1.2930,-2.7369,-2.6977,-1.9745,-0.3910
2018-10-31,1.1268,3.9437,0.8808,0.6519,-1.1248,0.2869,3.1880
2018-11-01,-0.4208,3.0856,-2.1651,-0.6100,-2.7941,-0.8326,1.4612
2018-11-02,-0.5579,2.0921,-3.3455,-0.2972,-4.0292,-1.2205,0.8125
2018-11-03,4.6715,0.5839,-1.0506,-0.5467,-0.6385,-1.2335,-1.4732
2018-11-04,6.0372,-0.3096,-1.4363,0.7110,1.2190,-0.8740,-1.5675
2018-11-05,-1.2232,6.5749,2.8023,4.2895,-1.7268,4.0549,1.3302
2018-11-06,3.8095,13.9683,5.1570,4.1593,4.2129,4.1437,5.5652
2018-11-07,16.8831,31.7254,6.3633,4.8875,18.2532,15.5556,14.1898
2018-11-08,6.9444,41.4683,12.3749,19.6331,9.7806,15.7877,8.5703
2018-11-09,-8.8608,29.6564,-3.7956,3.0903,-7.6814,-0.6781,-4.2846
2018-11-10,-3.4904,19.5462,-2.7801,-4.7765,-4.8764,-0.8683,-3.3120
2018-11-11,3.2432,16.3964,0.8050,0.5580,0.5375,2.4028,0.4980
2018-11-12,-9.4617,6.6884,0.9480,-2.4669,-10.2887,-1.4687,-2.8538
2018-11-13,2.6801,5.5276,8.1992,3.1106,0.1489,6.0137,5.9286
2018-11-14,-3.3981,-12.7832,-2.0915,-4.3412,-3.7898,-0.8122,-2.4716
2018-11-15,-1.1200,-19.3600,-2.4056,-1.7192,-1.5154,0.2831,0.5808
2018-11-16,-0.6359,-12.0827,-4.9154,-1.2770,-2.3221,0.1259,0.4625
2018-11-17,4.8333,-4.5000,-1.3066,-1.2388,2.0747,0.6235,-0.4326
2018-11-18,4.7120,-3.1414,-0.8761,-0.4934,2.2223,0.6951,4.5145
2018-11-19,-6.0656,0.4918,3.3233,-0.0137,-5.6153,-0.1233,2.3210
2018-11-20,-1.1345,-3.2415,1.8390,-0.9705,-1.8216,0.3902,-1.2803
2018-11-21,0.6525,0.8157,-7.7004,-7.7707,0.6162,0.7343,-6.3221
2018-11-22,-1.2882,0.6441,-1.1972,2.2151,-0.8447,-0.8466,3.1164
2018-11-23,0.8117,2.1104,-9.8867,-5.8690,-0.7371,0.1659,0.6673
2018-11-24,5.4795,2.7397,1.0076,2.8873,1.6081,1.6705,2.5024
2018-11-25,0.1715,-1.7153,-5.2896,-4.5679,-1.3758,-3.4485,-9.0406
2018-11-26,-4.2693,0.1642,2.8206,1.4140,-4.0039,0.5389,4.1467
2018-11-27,-1.7742,-0.4839,1.6725,-1.0745,-2.2648,-0.9523,0.7717
2018-11-28,-0.8000,-1.9200,1.0498,-0.4885,-2.4252,-0.9112,3.3439
2018-11-29,0.3210,-0.3210,-0.0139,0.5100,-1.1543,-0.2890,2.8109
2018-11-30,-2.9595,-4.0498,-5.5768,-2.5920,-5.6778,-3.6188,-2.6849
2018-12-01,7.3579,-2.3411,-0.3053,1.9468,1.6332,1.0356,3.9905
2018-12-02,5.2817,2.6408,-2.0928,0.0697,4.0825,0.0279,1.9244
2018-12-03,-7.7922,-1.1364,-2.5710,-2.2512,-5.6153,-2.6657,-0.9779
2018-12-04,-1.9108,-1.2739,-0.8538,-1.2285,-1.5795,-1.3875,-0.2186
2018-12-05,-1.5674,-2.0376,-3.3782,-0.9558,-2.0965,-1.9057,4.6038
2018-12-06,-0.9317,-3.2609,-3.2568,-0.4617,-1.1406,-1.4231,-1.3453
2018-12-07,1.4173,1.1024,-2.5179,2.1028,-0.5737,1.7410,2.0767
2018-12-08,2.5848,-3.3926,-3.6171,-1.7537,-0.5271,-1.0388,-1.0321
2018-12-09,4.3845,-4.2159,-2.9570,0.1691,3.3506,-0.9523,-0.6968
2018-12-10,-4.3548,-0.6452,2.6930,2.0932,-2.1081,1.2194,-0.4914
2018-12-11,-2.8213,-1.5674,-0.8093,-1.5731,-1.9408,-0.8153,0.8696
2018-12-12,-0.3125,-0.3125,-0.6260,0.9303,-0.1318,1.2267,1.7810
2018-12-13,-0.7752,-0.1550,-0.9586,0.8615,-0.2803,-0.0747,0.1200
2018-12-14,-1.2251,-2.7565,-2.7054,-0.2853,-3.3660,-0.7924,3.6777
2018-12-15,6.0065,0.4870,1.7370,2.0743,1.0967,1.4489,2.1642
2018-12-16,2.3256,-1.4950,-1.7065,-1.4190,2.0623,-0.5384,0.0139
2018-12-17,-7.0988,-4.3210,0.7551,-1.3351,-4.5524,-1.6070,-3.7522
2018-12-18,-0.3077,-1.8462,3.2063,1.3910,-0.1778,0.1889,0.9463
2018-12-19,-3.4175,-4.9034,-1.2961,-2.8382,-3.7396,-2.5924,-2.4942
2018-12-20,0.4478,-3.7313,0.6966,0.3129,-0.4902,0.4618,-0.0929
2018-12-21,-2.8986,-5.3623,-3.4749,-1.7913,-4.7002,-2.8330,-1.5926
2018-12-22,5.3435,-5.9542,1.5699,0.6950,-1.2651,0.4442,-0.0518
2018-12-23,3.4755,-4.8973,0.3169,-1.0394,0.8285,-0.9716,-0.6404
2018-12-24,-5.8036,-3.5714,1.5051,-0.9086,-5.1972,-1.3284,-1.7520
2018-12-25,3.7037,0.3086,-1.0048,-2.5041,4.7794,2.8033,-0.2316
2018-12-26,0.3096,4.1796,4.9242,5.3784,1.9812,1.6743,0.0168
2018-12-27,-7.1839,-3.7356,-4.4886,-5.5648,-5.1257,-5.4209,-7.3400
2018-12-28,-4.9180,-5.7377,-5.0306,-3.5662,-7.9212,-5.8332,-2.6067
2018-12-29,5.6277,-5.4834,1.6231,2.2197,-2.1641,-1.9006,0.0718
2018-12-30,4.2105,-4.8120,-0.9714,-0.2926,-1.4784,-2.9702,0.7933
2018-12-31,-3.6232,-2.6087,4.2515,0.4026,-2.6032,0.6772,-0.2514
2019-01-01,-0.8621,-6.8966,2.6561,0.3920,2.0781,-0.3574,0.9121
2019-01-02,0.8696,-6.3768,2.0837,1.1561,2.7093,0.4811,1.5347
2019-01-03,1.0249,1.9034,1.6934,2.3367,4.0818,1.8445,0.9252
2019-01-04,-7.5778,-0.9472,-8.0795,-6.8749,-6.0288,-6.3285,-5.1207
2019-01-05,8.3578,1.6129,2.6759,4.9803,1.9553,1.4872,3.3725
2019-01-06,5.0847,2.4653,0.2107,1.0785,3.6239,0.3012,-0.5692
2019-01-07,-8.5915,-2.8169,-1.2288,-3.5726,-4.9902,-3.0289,-3.4377
2019-01-08,3.3479,1.3100,5.5586,5.8321,5.4170,2.8252,6.1712
2019-01-09,-3.3755,-2.9536,-1.6855,-1.8332,-0.3112,-3.3813,-2.7240
2019-01-10,0.1408,-3.8028,-1.1527,1.5497,1.9696,-0.2207,0.0733
2019-01-11,-0.5602,3.5014,-2.0729,1.2696,-0.1855,-0.2166,1.8760
2019-01-12,5.4653,0.7386,-0.0885,0.8115,2.4451,0.6761,1.9797
2019-01-13,3.5168,-0.7645,-1.2262,-1.0794,3.1611,-0.5050,0.3596
2019-01-14,-5.0798,3.0479,0.8177,1.2060,-1.0187,1.1337,2.4064
2019-01-15,-4.5706,-4.8476,-2.3363,-2.9227,-0.6425,-4.1467,-0.2068
2019-01-16,-0.1383,-1.6598,0.4573,0.8336,0.8901,-1.4376,2.0276
2019-01-17,0.1385,-1.6620,-0.2645,0.8542,1.1410,-0.3530,-0.2303
2019-01-18,-2.3004,-3.3829,-3.5653,-1.8401,-3.4324,-2.0590,0.4907
2019-01-19,11.6314,2.2659,5.4512,6.4983,5.7038,5.4026,4.8015
2019-01-20,2.4768,1.2384,-0.4864,-2.2211,1.2053,-0.9925,2.4409
2019-01-21,-4.8601,1.4728,0.8180,-1.4896,-1.3972,2.2126,-0.5195
2019-01-22,0.2954,6.6470,0.4754,-0.3428,4.0524,2.7606,-1.1406
2019-01-23,-4.3785,2.1186,-3.0333,-3.8191,-1.1273,-1.1884,-3.9907
2019-01-24,0.5682,2.5568,0.4364,1.4205,1.4214,1.0001,1.0207
2019-01-25,-2.8966,1.9310,-4.9726,-3.2878,-3.9019,-1.7461,-2.2133
2019-01-26,23.7201,12.9693,8.0916,16.3236,17.3396,16.8092,-0.8536
2019-01-27,-8.0063,1.4129,-6.6184,-6.0092,-4.4323,-2.6392,-5.8217
2019-01-28,-11.2813,-5.4318,-1.6447,-5.9238,-8.4577,-3.1801,-2.7695
2019-01-29,0.1395,-5.5788,3.8678,1.6062,0.3085,-0.6085,3.5925
2019-01-30,-1.3755,-2.6135,1.6366,-0.2470,-1.2831,-1.7500,-1.2841
2019-01-31,1.5363,-1.6760,1.6593,2.7034,1.2371,0.7881,-0.3322
2019-02-01,0.4208,1.6830,0.7569,0.5869,-0.8099,0.8817,0.8216
2019-02-02,3.0347,-15.3179,-1.8401,-1.8669,-1.6726,-0.9888,-2.0478
2019-02-03,3.2836,-4.9254,0.5709,-1.0819,-1.4099,0.0161,-3.7040
2019-02-04,-3.0391,3.9074,3.4517,1.1012,-0.2217,2.5669,5.3040
2019-02-05,-0.4323,3.3141,1.2583,0.4915,2.1386,0.4644,4.3048
2019-02-06,0.4342,5.2098,1.5986,-0.3943,1.5070,0.3447,2.2162
2019-02-07,0.5822,4.2213,-2.3681,-3.2382,2.3290,1.2024,-0.8002
2019-02-08,-1.8571,1.8571,-4.7173,-1.4994,-1.5624,1.0157,-2.1046
2019-02-09,6.3830,5.1672,1.0471,2.4507,0.4813,2.3076,2.4823
2019-02-10,4.2789,6.1807,-1.3779,0.2367,0.4741,1.2830,0.9695
2019-02-11,-5.5389,3.4431,1.5523,-0.7956,-4.0865,0.9346,-3.0025
2019-02-12,-0.4471,3.4277,2.5959,0.2814,1.7362,-0.0929,1.5360
2019-02-13,0.9023,3.9098,2.0651,1.2724,1.5695,1.7898,4.0820
2019-02-14,-0.7463,2.5373,-1.5212,-1.6828,0.3893,0.0966,-2.9661
2019-02-15,-2.1898,2.1898,-4.6392,-1.9618,-2.5228,-1.0051,-1.0500
2019-02-16,5.5470,1.3867,-0.6464,-0.1173,-0.7415,0.4320,-2.2511
2019-02-17,5.3571,2.4351,-0.1912,0.3610,3.0752,1.8596,3.0259
2019-02-18,-4.0498,4.0498,2.6240,1.0525,-0.9850,2.5280,3.4803
2019-02-19,-1.2308,3.2308,1.3920,-0.0330,1.2340,0.2358,2.6234
2019-02-20,-0.4594,1.8377,-0.3320,-0.6855,0.8576,0.7974,-0.5689
2019-02-21,0.4615,3.0769,1.9867,0.9878,1.4465,0.3677,2.4414
2019-02-22,-0.9146,4.4207,-3.0729,-2.0799,-0.8571,0.2679,1.9779
2019-02-23,7.3650,6.2193,-0.5275,1.5623,2.9999,2.5046,-1.0657
2019-02-24,3.2095,4.0541,-3.3165,-1.0505,3.6245,0.7147,-2.3686
2019-02-25,-3.5831,4.5603,2.4547,1.8409,-1.2297,3.4516,2.6328
2019-02-26,-4.2122,1.4041,-2.1273,-3.1927,-3.0108,-1.3368,-3.4751
2019-02-27,-3.0257,-1.2103,-5.5031,-7.2675,-3.0093,-2.0217,-3.1707
2019-02-28,0.0000,-1.6641,-1.9421,1.8441,-0.7754,-1.0864,-1.7260
2019-03-01,1.0703,0.3058,-1.7683,1.6253,-0.5223,1.7876,4.4868
2019-03-02,3.8095,-3.0159,-1.9435,-1.9124,-0.9109,-1.2929,-1.7585
2019-03-03,4.6512,-1.6611,-0.6870,-0.0034,2.4004,0.8578,1.5760
2019-03-04,-2.9032,-0.9677,-3.0177,-6.9957,-0.4364,2.7290,-4.0533
2019-03-05,-1.8987,1.4241,3.8211,3.2545,-0.4228,0.8191,4.2645
2019-03-06,-0.9404,3.6050,1.7497,0.5676,-0.1770,0.3775,2.8350
2019-03-07,0.7899,4.4234,1.1748,2.2069,0.4373,1.4585,2.1198
2019-03-08,-1.0938,2.1875,-1.4797,-0.4759,-1.7609,0.4352,-1.2169
2019-03-09,7.0234,5.3512,3.1980,2.4135,3.8115,2.1862,-0.2535
2019-03-10,2.9260,3.6145,-2.5208,-0.9053,3.4267,-0.2152,-0.9216
2019-03-11,-5.0654,1.3072,4.4908,-0.2487,-1.4101,0.8810,6.7122
2019-03-12,-0.3257,2.9316,3.0947,1.1381,0.6378,1.7232,2.1797
2019-03-13,-1.2862,2.5723,-1.0906,-1.8033,-1.7222,0.9740,-0.8378
2019-03-14,1.3029,3.0945,0.2028,2.5225,-0.5439,3.7222,1.0378
2019-03-15,-4.3614,-0.3115,-5.6609,-3.0921,-5.9536,-2.5664,-7.1423
2019-03-16,8.0808,0.6734,1.2985,3.3035,2.2624,1.1330,0.3048
2019-03-17,3.3043,1.0435,-1.6922,-0.7379,2.5894,-2.1339,-1.3580
2019-03-18,-6.6558,-0.6494,0.4794,-0.5065,-3.3346,-1.4661,1.4300
2019-03-19,-0.1621,-0.4862,4.3607,1.6421,0.0559,0.1416,3.4578
2019-03-20,2.6622,3.4942,7.9894,3.7420,1.6735,2.9411,4.4050
2019-03-21,30.3688,33.1887,21.5311,19.2790,29.9292,30.3407,27.9347
2019-03-22,-15.2574,18.0147,-7.5419,0.9250,-5.8478,-3.6617,-3.4895
2019-03-23,-6.0449,2.5907,-7.2192,-4.9916,-6.7896,-8.0233,-10.8201
2019-03-24,-0.5155,-1.2027,-2.3828,-3.0579,-3.4324,-3.6167,-3.4632
2019-03-25,-5.6726,-0.1621,2.2568,0.2376,-7.2623,1.1669,-0.1079
2019-03-26,-4.0435,-4.0435,-0.8957,-2.2286,-5.6947,-3.0343,-2.8456
2019-03-27,-2.4279,-8.8012,-1.3640,-1.3608,-5.3614,-3.3892,-2.8785
2019-03-28,-2.2255,-31.6024,0.3155,-0.8728,-3.8613,-3.8940,9.7040
2019-03-29,-6.1281,-24.2340,1.1217,-2.4690,-8.9678,0.7193,-0.5871
2019-03-30,-2.8417,-21.6509,-3.2865,-4.8157,-9.9417,-2.2170,-4.9095
2019-03-31,6.9465,-15.7742,-0.8586,2.1434,0.1888,1.5547,3.6907
2019-04-01,-4.0278,-14.3056,-2.1326,0.6532,-4.3437,-1.1853,-0.0012
2019-04-02,-4.0000,-14.2667,-4.1308,-2.4117,-2.1513,-3.9950,-5.5668
2019-04-03,-2.9754,-14.7477,-2.7235,-1.4380,-3.2558,-2.7183,-0.7519
2019-04-04,-4.9200,-17.0972,-3.2712,-1.9998,-4.5778,-2.4723,-3.2790
2019-04-05,-5.0234,-16.1215,-2.2770,-0.8560,-5.8316,0.0211,-2.3468
2019-04-06,2.0262,-11.9190,-0.7365,-0.1479,-1.8341,-1.0510,-0.8762
2019-04-07,0.3589,-17.3445,-5.0416,-3.6832,-1.2335,-1.8624,-4.1085
2019-04-08,-2.3364,-15.8879,-0.8564,3.6467,-0.8760,0.1682,2.6708
2019-04-09,-1.4960,-13.6939,0.9936,2.0146,1.3909,0.2003,-1.3204
2019-04-10,-4.5055,-15.0549,-2.4682,-1.7527,-2.2833,-1.2972,-3.3231
2019-04-11,-3.6017,-13.8771,-2.4655,-1.2211,-1.9834,0.5797,-0.6031
2019-04-12,-0.4219,-9.7046,-2.7114,1.3547,-1.1054,1.7696,0.6057
2019-04-13,5.3333,-6.7778,-4.2681,-0.0454,2.9234,2.9148,-5.1891
2019-04-14,5.2632,-2.2222,-0.6043,3.1509,4.6880,3.4355,-0.1623
2019-04-15,-12.0370,-11.9342,-3.1694,-3.0880,-7.8911,-4.9594,-2.5185
2019-04-16,8.9686,-2.5785,2.0683,5.3835,12.1051,7.3576,12.3496
2019-04-17,21.0312,23.4735,3.9518,9.5000,27.5805,15.5527,15.2565
2019-04-18,-0.9409,26.8817,0.9137,3.7702,9.9047,5.1366,-0.2985
2019-04-19,-1.0638,26.0638,-5.8134,-7.2862,5.3890,0.0088,-1.5022
2019-04-20,-4.4473,14.3583,-0.8366,-2.0640,-3.7971,-1.6511,4.3060
2019-04-21,-0.6313,7.9545,3.0818,-0.9269,-2.8805,1.6946,-1.4522
2019-04-22,-13.8194,5.7671,-0.7293,-3.6061,-12.2718,-5.7292,-1.2086
2019-04-23,-7.4522,-10.1712,0.9324,-2.8198,-5.5583,-1.7935,-1.9696
2019-04-24,-6.9353,-30.9278,-2.4852,-2.9098,-7.3902,-4.6699,-2.1432
2019-04-25,-4.2190,-33.2136,-2.6232,-3.8935,-4.0894,-3.0445,-1.6636
2019-04-26,1.5497,-31.4494,-0.3217,1.7791,0.4692,1.6113,3.5230
2019-04-27,6.2984,-23.7403,4.6603,0.6327,2.3256,3.5123,10.5849
2019-04-28,4.5593,-19.7568,1.9239,-0.3672,1.1974,0.8627,7.1772
2019-04-29,-9.6981,-15.9195,-3.6436,-4.2232,-7.7596,-4.2299,-0.4581
2019-04-30,-2.3235,-11.2601,-0.1135,-1.0282,-0.4583,0.0279,3.4932
2019-05-01,-2.0140,-6.5674,-3.2610,-2.2409,-1.4383,-2.3483,2.3875
2019-05-02,1.3310,-1.1535,-2.7852,-4.0219,1.0580,-0.8627,4.6237
2019-05-03,7.3333,4.4762,2.3760,4.5690,6.0591,5.4788,8.3634
2019-05-04,4.4776,2.6866,0.4924,-2.0240,3.1887,-0.6400,-2.2774
2019-05-05,4.2531,2.3859,-0.0945,-1.2000,4.7062,0.2658,-3.1348
2019-05-06,-9.6532,2.4367,-3.3070,-2.6966,-3.8377,-4.2670,-4.3328
2019-05-07,-3.6134,1.0840,-1.4411,-2.6797,0.8957,-3.1353,-1.6512
2019-05-08,-3.3188,-0.2620,-0.3084,-1.1196,-1.6779,-2.0720,-4.5817
2019-05-09,-2.2203,-3.7575,-0.8717,-1.9512,-3.5214,-0.7339,-3.2020
2019-05-10,-0.3404,-10.6383,-0.3630,-0.5376,-3.3200,0.7948,-2.4758
2019-05-11,6.3348,-9.0498,0.2838,-1.8585,0.9214,-0.8836,-3.3746
2019-05-12,10.9438,-3.2129,5.1844,4.2220,8.3810,4.9630,-6.3386
2019-05-13,-9.8643,-3.4389,-4.5714,-5.5556,-4.5983,-4.4953,-5.7537
2019-05-14,4.2453,4.4340,1.7825,0.7950,9.4558,3.6588,4.7639
2019-05-15,3.2132,11.4898,3.3764,3.3582,6.8327,2.6828,5.2802
2019-05-16,0.8841,15.0295,2.3833,3.3293,4.7745,1.8621,0.3895
2019-05-17,0.8920,16.4519,-2.0239,0.0035,3.7447,0.5265,1.7149
2019-05-18,14.1403,25.0000,1.5942,7.9564,13.4882,5.4163,-4.9716
2019-05-19,-1.5590,10.9131,2.0059,2.3708,-0.7023,-1.6723,-6.0485
2019-05-20,-12.6459,7.4903,-0.0926,-1.4308,-6.3332,-2.0518,-0.5642
2019-05-21,-7.2202,-4.3321,-1.2498,-1.5890,-2.1420,-3.8860,2.2497
2019-05-22,-2.8070,-9.9123,0.2336,0.4480,-1.8374,-1.1559,0.3087
2019-05-23,-0.4367,-11.0917,1.0892,1.7155,-1.5554,0.2180,-0.8366
2019-05-24,8.5308,-4.3602,4.4101,2.7986,6.8928,5.4672,1.2140
2019-05-25,-3.3883,-19.0476,-6.4273,-8.9744,-5.5089,-7.1342,-10.2274
2019-05-26,9.3093,-10.1101,5.4581,5.2766,5.7259,4.5531,6.2660
2019-05-27,-10.6440,-8.0501,-1.3483,-0.4653,-6.6578,-2.6634,-2.5300
2019-05-28,-2.6980,-3.5683,0.3064,-0.4162,-0.0081,-1.1492,0.6903
2019-05-29,-5.5099,-6.2500,-2.8159,-2.2521,-4.7284,-3.5920,-1.7603
2019-05-30,-5.0742,-10.6167,-3.4760,-0.7909,-6.2471,-4.0721,-3.0712
2019-05-31,-2.6596,-19.8328,-2.9335,1.4066,-4.8896,-1.5226,-1.3351
2019-06-01,-0.4539,-17.3979,-3.5682,-3.8488,-6.7588,-4.2669,-2.0873
2019-06-02,-0.3768,-24.7174,-4.5865,-4.0312,-6.2038,-3.7759,-4.7815
2019-06-03,-2.0664,-17.4908,-0.5614,4.2292,-3.4873,1.0264,2.6405
2019-06-04,2.8073,-12.8225,3.1871,5.6706,2.8025,3.4749,3.5467
2019-06-05,0.4573,-7.3171,-2.3356,-0.5586,-0.2800,0.9087,-0.3202
2019-06-06,-2.3810,-4.6875,-0.6754,2.1295,-3.0640,0.6618,0.5941
2019-06-07,4.0248,1.8576,1.6248,3.2632,2.5779,3.0059,6.6349
2019-06-08,0.1550,2.4806,-0.3826,-2.3100,-4.2559,-2.7543,-1.6698
2019-06-09,4.2003,7.1890,4.1696,1.3983,0.2014,1.2753,4.2708
2019-06-12,2.8846,-2.9586,-0.0677,3.5872,2.7399,1.2323,1.7657
2019-06-13,-0.6613,-1.2491,-2.7938,1.1876,-1.6597,-0.4323,-1.9737
2019-06-14,1.0393,-4.0831,0.3795,3.0136,0.1266,2.1247,2.8913
2019-06-15,3.0604,-1.3007,1.6628,-0.2283,-0.6622,-0.2279,-4.0994
2019-06-16,10.8567,5.0042,5.3210,-0.2869,8.0832,4.0296,1.2510
2019-06-17,2.7003,,6.2310,5.8167,5.3421,6.4769,7.0862
2019-06-18,15.6093,40.0806,12.9502,9.9809,21.8179,14.9757,15.3111
2019-06-19,-6.6729,27.0677,-2.4623,-2.6924,-1.1032,-1.8316,-4.8496
2019-06-20,-5.0000,21.5179,-1.4783,-0.2647,0.9151,-0.0607,-1.2577
2019-06-21,-8.7205,9.7800,-5.6106,-3.2343,-5.4767,-3.9498,-4.3911
2019-06-22,3.5443,10.2954,4.7205,4.2437,1.2286,2.3795,3.7873
2019-06-23,-2.0661,-2.5620,-2.2879,-5.5221,-5.4990,-4.5276,-4.8495
2019-06-24,-1.7857,-6.8182,-1.1909,1.6454,-2.2012,-0.1419,1.7246
2019-06-25,-2.2998,-21.2530,-2.9826,-2.8026,-1.2395,-1.9429,-4.4657
2019-06-26,-6.6617,-21.2435,-4.1886,-4.0495,-6.1240,-2.8982,-5.4510
2019-06-27,-0.0740,-17.1598,-1.7762,-0.1217,-0.8695,-1.0089,1.3218
2019-06-28,1.2734,-8.0899,0.2087,3.3202,-0.9274,1.2458,4.6787
2019-06-29,-2.3409,-13.3138,-2.9827,-5.4283,-6.7512,-4.3204,-3.2784
2019-06-30,0.5147,-11.0294,-1.6707,-2.5239,-3.6345,-1.8631,-4.8924
2019-07-01,-6.3361,-15.1515,-5.1471,-0.5670,-8.2912,-3.9445,-2.3486
2019-07-02,-1.2916,-14.2760,-3.3408,-1.2643,-1.1979,-0.5424,2.2708
2019-07-03,1.2388,-7.0200,-3.7411,-3.3352,1.1479,-1.2922,-0.6833
2019-07-04,4.3822,-2.8736,-0.1128,4.0713,3.8270,2.0067,1.7226
2019-07-05,10.1266,5.6171,3.5805,1.8866,7.3513,5.1868,4.7581
2019-07-06,3.3524,11.7743,-0.2443,-0.6873,-1.0030,-2.7791,-0.7408
2019-07-07,2.2575,13.7124,-0.5491,0.7854,0.4382,-1.6455,-2.6594
2019-07-08,-8.1413,11.5207,-3.3291,1.0378,-6.0927,-2.7780,4.1566
2019-07-09,14.8148,29.7178,14.1365,16.6535,17.8657,13.9752,14.6016
2019-07-10,-11.2676,13.6933,-8.5093,-9.5187,-8.5368,-9.5624,-12.2164
2019-07-11,-5.6827,2.7306,-2.5545,-1.2705,-4.0249,-2.8453,-2.3872
2019-07-12,-1.6691,-8.2729,-3.4036,-0.6479,-3.5940,-2.5775,2.4795
2019-07-13,4.0000,-7.6981,1.1650,-1.6770,-1.1742,-0.4159,3.7902
2019-07-14,5.5777,-4.7012,1.0650,-2.7009,1.0096,-1.1646,3.9326
2019-07-15,5.9072,9.8734,4.8479,8.9632,5.5862,4.8954,9.6397
2019-07-16,9.7222,5.0000,2.0211,0.8610,12.0212,3.0771,5.3565
2019-07-17,17.9039,39.5197,17.4631,16.0828,20.7834,18.8159,18.2959
2019-07-18,-8.9463,34.6918,-4.0201,-4.7354,-3.1281,-2.1595,-2.6053
2019-07-19,-7.3665,26.8877,-2.9204,-0.2272,-2.9548,3.0773,-1.4708
2019-07-20,-2.2502,19.2619,-2.2776,-2.1028,-2.5627,-0.4148,-1.1367
2019-07-21,5.2083,18.8447,2.7416,3.5561,4.1156,4.1423,2.1720
2019-07-22,-9.4340,1.6295,-2.9151,-0.6475,-8.8906,-1.7071,-4.2407
2019-07-23,-9.6124,-16.2791,-6.4443,-4.4543,-8.4887,-4.5446,-7.2257
2019-07-24,-1.0736,-29.7546,-2.7193,-0.9387,-0.8503,-0.8890,0.0645
2019-07-25,13.1944,-12.6736,2.9249,1.0687,13.2940,4.0043,7.7187
2019-07-26,5.3980,-0.6404,-2.4289,-0.5511,6.0095,2.6769,0.5113
2019-07-27,8.5402,10.3277,4.7386,1.4672,8.0908,1.4767,3.9424
2019-07-28,1.8200,6.7745,0.1830,-2.2980,2.8966,2.3581,2.8958
2019-07-29,-11.5385,4.2934,-4.2442,-1.1210,-8.8121,-1.6313,-3.6105
2019-07-30,-3.2872,11.5917,-1.5233,-1.4587,0.1549,-2.3060,0.5051
2019-07-31,-1.9508,10.6022,-1.9281,-0.9611,-0.5020,-0.8941,1.1695
2019-08-01,-3.2814,-5.4963,-4.1702,-1.0109,-3.1176,-2.4716,-3.9702
2019-08-02,0.1643,-10.1890,-4.5140,-4.2806,-2.0187,-2.1297,-3.5134
2019-08-03,8.4670,-10.2496,1.8497,-0.5616,4.7040,1.4578,0.6345
2019-08-04,3.8889,-8.4259,0.5630,-2.5656,1.9890,1.1408,0.1062
2019-08-05,-11.1842,-8.0592,-8.0621,-5.8082,-8.2864,-4.0689,-5.7461
2019-08-06,8.7657,3.3989,4.4028,3.9394,10.1699,5.4791,9.2613
2019-08-07,1.2681,6.7935,1.3366,-1.0644,1.9129,1.2445,-0.2721
2019-08-08,-8.9860,0.4946,-5.2402,-4.8535,-7.1033,-3.3687,-2.6847
2019-08-09,1.3367,1.6708,-0.7307,-0.5449,-0.3461,-0.1906,5.5426
2019-08-10,6.4947,-0.1779,1.7679,1.8040,0.7289,-1.4176,-0.6934
2019-08-11,0.5367,-3.3989,-1.0460,-2.8854,-2.5468,-0.9014,-6.1590
2019-08-12,-3.2035,5.2814,-3.9963,-1.7453,-1.2492,-0.0643,4.7450
2019-08-13,-1.9525,-5.0934,-1.2749,1.4251,0.0504,-0.0035,7.7951
2019-08-14,3.4241,-3.0729,2.7512,-1.4420,2.9708,0.4776,6.6491
2019-08-15,15.4002,22.8977,11.5857,8.9916,16.7064,15.6154,0.9336
2019-08-16,-8.3565,11.1421,-5.5236,-3.8021,-6.9595,-4.9216,-0.8981
2019-08-17,8.5685,13.3065,3.7246,1.7719,7.0279,-2.4703,-3.8241
2019-08-18,11.3356,25.4770,6.3421,5.1108,10.5865,8.3999,0.4661
2019-08-19,-14.1618,11.2717,-2.9182,-3.2234,-9.5444,-2.4845,-1.8869
2019-08-20,-6.4022,6.2218,-0.9628,0.5079,-3.3924,-2.9564,1.5951
2019-08-21,-5.8574,-3.3107,-3.7244,-2.5433,-5.6982,-5.4380,-1.1251
2019-08-22,1.8150,-14.6932,-0.1501,-1.9806,0.0658,-0.5116,2.5010
2019-08-23,-1.1111,-7.9487,-1.7664,-0.9627,-4.1813,-1.0954,-3.6424
2019-08-24,6.2670,-9.9001,-1.1955,-2.8813,1.4546,1.2703,-6.6243
2019-08-25,7.8355,-12.7326,1.1450,-1.6542,2.6123,-0.8617,2.7931
2019-08-26,-8.5944,-7.0725,-1.6035,0.3359,-6.2498,-1.2870,3.0657
2019-08-27,-8.1414,-8.7993,-4.0101,-3.8936,-5.3992,-4.9814,-5.4506
2019-08-28,-5.0000,-7.9688,-3.9065,-2.5805,-5.5000,-5.2372,-5.1551
2019-08-29,-3.5418,-12.8109,-5.4346,-2.3237,-4.9688,-5.1624,-3.3772
2019-08-30,0.0754,-11.7647,-3.2337,0.1941,-3.5906,-2.5396,-2.5840
2019-08-31,2.2359,-15.1118,-3.1812,-3.7402,-3.9814,-4.2845,-4.5629
2019-09-01,13.8718,-10.3600,4.2604,3.3849,7.5088,3.0972,5.5742
2019-09-02,-7.2476,-9.0391,-4.5733,-1.3635,-5.8809,-0.8532,-2.3274
2019-09-03,-4.9536,-5.8824,-4.4801,-3.7292,-1.4602,-3.7785,-3.1822
2019-09-04,-0.8442,-1.7652,-4.7279,-5.4909,1.4792,-5.5439,-2.8365
2019-09-05,1.2432,3.1080,-1.4194,1.6562,1.5354,-0.6160,0.2513
2019-09-06,0.1556,3.1907,-1.8259,1.0372,-0.2868,-0.2197,-3.4884
2019-09-07,5.1555,6.1375,0.5169,-0.9035,1.8291,-2.6288,-6.5407
2019-09-08,4.7129,-2.3993,0.0591,0.6404,1.1850,-0.9215,0.6502
2019-09-09,-9.1829,-4.4358,-5.1492,-1.7779,-7.7540,-3.3920,1.2904
2019-09-10,1.2608,1.8125,-1.7054,-0.8088,4.5396,1.7693,0.0489
2019-09-11,-5.9303,-3.4099,-3.8848,-2.0147,-4.3104,-3.5567,3.3533
2019-09-12,-1.6764,-6.1953,-3.2830,-3.6974,-1.6241,-3.8133,-0.9698
2019-09-13,3.4691,-3.0920,0.1714,3.6938,2.1403,1.2423,2.7741
2019-09-14,5.8260,-2.4741,0.7732,-0.8457,2.5544,-1.9832,-3.3555
2019-09-15,7.8313,0.4303,1.4295,1.2506,4.7066,-1.9352,0.3330
2019-09-16,-6.7416,3.1300,-1.5409,1.2133,-3.9257,0.1195,1.9596
2019-09-17,-0.3997,1.4388,1.0324,0.4464,3.8382,1.5849,4.2400
2019-09-18,3.3884,11.4876,2.6770,3.9615,5.5216,3.1373,3.3863
2019-09-19,6.2335,20.4565,3.2013,1.4352,8.4541,1.9469,3.9375
2019-09-20,0.4409,16.9312,-2.1406,-1.2878,3.5763,-0.9478,-1.9847
2019-09-21,4.9029,15.9112,2.4597,0.4734,4.0422,1.5124,3.2720
2019-09-22,15.0000,23.6170,8.6492,5.3107,12.2264,8.7509,12.5897
2019-09-23,-4.5685,26.4975,2.0392,1.2571,-0.8781,5.1512,4.3877
2019-09-24,-0.8056,25.9819,3.0483,1.5420,6.2793,3.1454,1.5444
2019-09-25,-3.0273,18.1641,-0.3692,-1.9671,0.9051,-0.4834,-0.7545
2019-09-26,-0.1949,11.0136,0.9472,-0.1015,1.8298,0.7954,2.6481
2019-09-27,1.6848,12.3885,-0.0074,0.5755,1.7396,-1.3790,2.4610
2019-09-28,6.6596,14.2706,1.5169,1.4617,3.4914,-3.2001,-0.3333
2019-09-29,11.6883,10.9799,5.6944,4.4072,8.3631,1.4809,3.0570
2019-09-30,-5.0448,10.4260,2.0555,0.1797,-2.8477,2.7291,8.1398
2019-10-01,-3.8793,7.0043,-2.0320,-3.6904,-0.0019,-3.1484,-2.1900
2019-10-02,16.7296,28.8050,13.6802,5.2060,17.3861,18.8956,13.7891
2019-10-03,-14.1469,10.7991,-5.1085,-5.0388,-14.3541,-6.0582,-9.5580
2019-10-04,3.5794,12.8635,2.6826,2.2620,2.4632,3.1740,4.8685
2019-10-05,8.7591,15.0852,6.6358,5.0019,3.3791,1.9221,4.6543
2019-10-06,5.6555,8.8689,4.4296,0.9445,1.8628,0.2727,-0.1695
2019-10-07,-5.6970,8.1212,2.5339,-1.2526,-6.9060,0.9027,4.6499
2019-10-08,12.8591,26.9494,10.3855,3.7561,11.5547,11.5301,12.0733
2019-10-09,-11.7150,-3.9855,-9.1597,-8.9181,-12.5124,-10.5857,-11.8658
2019-10-10,-0.4808,11.2981,1.9556,-0.1763,-5.0619,-0.3816,-2.2072
2019-10-11,-2.0024,5.3004,-2.7300,-2.2201,-8.1028,-4.1825,-5.2789
2019-10-12,2.9091,-0.3636,1.0299,-1.6912,-6.1207,-3.1087,-7.6282
2019-10-13,2.8678,-2.9925,0.0069,-2.0386,-4.5648,-3.1034,-4.7128
2019-10-14,-6.5268,-3.8462,-2.0191,-2.4161,-10.7928,-3.6856,-2.7864
2019-10-15,-0.2326,-15.0000,0.0021,-0.8501,-4.8049,-0.2097,-0.0314
2019-10-16,-2.6048,-6.2288,-1.6169,-3.0836,-6.5576,-1.9801,-4.0585
2019-10-17,0.4551,-5.3470,-2.0498,-1.0272,-4.2344,-0.3768,-2.7174
2019-10-18,1.7361,-1.7361,-3.4558,0.5851,-3.7380,-0.4089,-10.9388
2019-10-19,7.0632,2.2305,-0.9127,1.7815,1.1477,-0.2441,-7.9457
2019-10-20,7.1713,6.5073,-0.0563,1.2679,2.6668,-3.5742,-3.0428
2019-10-21,-3.9541,9.4388,-1.2312,0.1426,-4.8119,-2.0150,-3.7136
2019-10-22,3.2938,13.3070,1.1335,2.9613,3.0623,-0.2963,5.2940
2019-10-23,2.2911,19.0027,1.2197,1.3457,2.5214,-0.0655,1.3558
2019-10-24,-2.2398,15.8103,-3.7547,-2.0782,-1.9389,-2.6138,-7.6015
2019-10-25,-0.1316,13.6842,-3.0162,-1.5788,-1.9490,-0.1440,-2.9026
2019-10-26,9.9855,16.7873,4.8418,3.3419,6.0091,2.4449,4.0857
2019-10-27,13.6513,23.8487,0.3573,-0.2182,13.0767,5.1258,-7.9373
2019-10-28,0.8292,30.0166,12.7005,8.9751,4.8535,12.0657,21.1722
2019-10-29,-4.5886,20.0949,3.7845,-1.4182,-1.5439,0.6843,-3.1907
2019-10-30,-7.6023,8.4795,0.3736,-5.6608,-6.0382,-2.9870,-0.7871
2019-10-31,1.1834,12.2781,1.8639,1.9606,0.3394,2.9862,-0.2376
2019-11-01,-2.0290,10.1449,-0.9586,-1.2335,-3.7144,0.4954,-0.4502
2019-11-02,6.4815,6.6358,3.1542,2.2470,2.7727,0.8369,-0.0904
2019-11-03,5.8824,-0.6536,-0.6229,0.6092,4.4518,-2.0019,-2.2703
2019-11-04,-7.6923,-9.0498,-1.5622,-3.1039,-5.8669,-2.4314,1.3326
2019-11-05,-0.1506,-4.8193,1.1559,0.9138,1.0954,0.4740,2.5022
2019-11-06,-1.7751,1.1834,-1.3653,-0.7606,-1.1824,-1.1244,-0.5992
2019-11-07,3.2061,3.2061,0.0699,-0.2664,2.1568,4.3171,4.1459
2019-11-08,0.9245,6.3174,-1.8441,1.2429,-0.7932,2.1707,2.7440
2019-11-09,5.7003,5.5375,0.6769,-0.3086,3.0912,-1.0285,1.2198
2019-11-10,3.0201,2.6846,-12.6490,-6.4866,3.3190,-3.9194,-7.1632
2019-11-11,-5.6962,4.9051,2.1310,0.8227,-2.8102,-0.1163,7.2003
2019-11-12,5.5092,10.8514,-0.1676,-5.7801,5.9601,6.5716,4.1103
2019-11-13,-3.3871,9.0323,1.4137,1.8338,-1.1228,0.0184,-0.9059
2019-11-14,-1.8987,3.6392,0.5023,-0.9610,-2.6247,-0.5099,0.5352
2019-11-15,4.2904,7.0957,3.6353,5.2383,1.5122,4.2368,6.1625
2019-11-16,0.3311,1.6556,-0.7153,-4.0167,0.1779,-4.2422,-1.7934
2019-11-17,3.2479,1.8803,-0.2956,-2.2866,3.2264,-1.0684,-4.1024
2019-11-18,-4.8780,2.7642,1.3334,0.9240,-2.5703,-0.2569,-0.0612
2019-11-19,-1.7572,-4.3131,-0.6665,-0.6377,-2.3263,-1.2731,-0.7980
2019-11-20,-1.5723,-2.5157,-1.2965,-0.5407,-2.8618,-0.6321,-2.0855
2019-11-21,0.3155,-0.3155,-1.2457,0.9389,-1.8857,0.4923,0.4017
2019-11-22,-0.9375,-5.3125,-4.8012,-0.2693,-2.9773,-1.2754,-0.2747
2019-11-23,5.9603,0.0000,0.2173,1.1835,2.8718,0.6821,5.3952
2019-11-24,4.1379,0.8621,-1.2952,0.5794,4.1916,-0.2377,0.7361
2019-11-25,-7.2000,-1.6000,-0.8001,-1.8733,-4.8920,-1.3669,-3.3624
2019-11-26,-1.5748,-1.4173,0.3902,0.0939,-2.5854,-0.5506,0.4463
2019-11-27,1.4377,1.5974,2.0384,2.3513,0.0648,2.8085,3.2054
2019-11-28,0.3205,1.6026,-4.7350,-2.5317,-0.3627,3.8158,-0.7920
2019-11-29,-1.7323,0.7874,-4.5356,-0.7947,-2.2532,0.9921,1.0873
2019-11-30,5.1325,0.0000,-1.8196,0.8681,3.0555,0.9662,7.2808
2019-12-01,5.5944,1.3986,-2.0388,1.5072,6.4315,0.9663,1.6257
2019-12-02,-5.9211,2.7961,0.9817,0.7659,-2.4650,0.8652,-0.4717
2019-12-03,-2.7200,1.6000,0.2348,-1.0182,-2.4924,-0.6208,-1.2125
2019-12-04,-0.1597,0.0000,-0.5562,0.4932,-1.6551,1.1598,0.0299
2019-12-05,-1.4173,-1.7323,-2.9209,-0.5736,-3.5691,-0.3824,-1.5587
2019-12-06,-2.3077,-2.3077,-4.0094,-1.3411,-4.7144,-1.1111,-0.0371
2019-12-07,4.8387,-2.5806,-0.5162,0.4413,0.5510,0.3428,1.1996
2019-12-08,4.5531,-3.5413,-1.0213,0.5652,3.1145,-0.3384,0.2533
2019-12-09,-5.5732,-3.1847,0.8303,0.1444,-4.3147,0.3997,-2.6684
2019-12-10,-0.1590,-0.6359,1.6289,1.1431,-2.3807,1.4274,1.3524
2019-12-11,-3.8226,-4.2813,-3.9823,-3.2081,-6.1716,-1.9270,-3.0270
2019-12-12,0.9259,-2.0062,-2.0097,-0.1275,-2.4931,1.8851,1.2383
2019-12-13,-2.9940,-2.6946,-5.2419,-2.1829,-6.3820,-1.3233,-0.7337
2019-12-14,4.7022,-2.8213,-0.1075,0.7508,-0.8005,0.8640,-1.1113
2019-12-15,2.9032,-4.3548,-1.7367,-0.2634,0.2695,-2.1084,0.6476
2019-12-16,-8.2840,-7.1006,0.2628,-1.8173,-7.8279,-3.6069,-3.2484
2019-12-17,-3.7037,-10.3989,-0.0359,-1.7153,-6.4324,-4.3443,-1.3393
2019-12-18,0.0000,-6.8376,1.6432,1.8515,-2.1469,-1.0121,1.0739
2019-12-19,-4.0984,-11.4754,-4.4766,-3.4438,-5.5397,-4.0862,-3.7077
2019-12-20,-2.1390,-10.6952,-3.8425,-1.0264,-5.6975,-2.6377,-1.0964
2019-12-21,5.7992,-9.7595,0.5298,1.0974,0.8583,-0.7782,1.7488
2019-12-22,1.0000,-11.4286,-2.2852,-2.6056,-1.8791,-4.8059,-2.6413
2019-12-23,-5.6604,-8.8949,2.2336,-0.1252,-5.0532,-2.2747,-2.3978
2019-12-24,-3.5111,-8.7126,0.0739,-3.1357,-2.3168,-4.1778,-1.8326
2019-12-25,0.0000,-8.7126,-4.9265,-6.2613,0.8910,-1.7684,-3.2607
2019-12-26,-2.9040,-7.5758,0.3601,0.2184,-1.6597,-2.8069,-1.1413
2019-12-27,-3.4146,-8.7805,-1.6574,-4.3692,-3.3202,-2.5462,-2.6996
2019-12-28,1.9900,-12.0647,1.3668,-2.8407,-2.0827,-2.9908,-2.8552
2019-12-29,3.0769,-10.2564,1.6566,-1.6555,-0.6787,-0.0007,-0.4758
2019-12-30,-9.0909,-13.5198,-0.9573,-5.3140,-7.7762,-4.5339,-5.4611
2019-12-31,0.3509,-10.0585,2.8939,0.6712,3.5327,0.5316,1.6725
2020-01-01,2.3952,-7.9042,5.2226,3.0876,6.0961,1.4331,3.6485
2020-01-02,5.4293,0.0000,6.8199,4.7796,10.2664,4.9373,6.6773
2020-01-03,3.3943,7.0496,3.5065,4.1559,5.6140,5.1355,7.9732
2020-01-04,7.7356,13.0802,5.4934,4.1843,7.8987,5.9665,4.6121
2020-01-05,3.0435,13.0435,0.0479,0.9425,4.3301,0.1035,0.3774
2020-01-06,-6.5041,16.2602,1.2516,1.0453,-2.7474,-2.3111,1.5071
2020-01-07,-0.9396,14.7651,1.8498,2.1657,4.9061,-1.0664,2.4964
2020-01-08,-0.2677,11.7805,-0.8396,0.2476,4.4620,0.3548,1.4053
2020-01-09,-3.6129,2.1935,-3.2290,-1.0987,-0.0010,-2.0277,-2.3886
2020-01-10,-2.7604,-3.8896,-3.7982,-1.2095,-2.4465,-1.5825,2.3540
2020-01-11,9.6286,-2.2008,5.0438,5.2376,6.6655,4.7165,0.7064
2020-01-12,4.9062,-0.4329,2.1900,1.1219,5.1420,1.4837,0.2913
2020-01-13,-7.4766,-1.4686,-2.3341,-2.6638,-3.5408,-1.8693,2.0838
2020-01-14,0.0000,-0.5340,2.4123,0.9757,4.4869,0.6548,7.0823
2020-01-15,-0.6631,-0.9284,0.1981,1.0532,2.7246,0.1054,7.1322
2020-01-16,-1.3089,1.4398,-2.4751,-1.2973,2.1178,-0.3333,-2.3618
2020-01-17,-1.1643,3.1048,-1.9222,-0.5242,-1.1758,-0.6834,9.9899
2020-01-18,5.4570,-0.8186,0.7017,0.9281,0.0475,-0.5001,-4.3086
2020-01-19,2.2315,-3.3473,-2.5318,-1.2008,-1.5429,-1.8536,-7.3203
2020-01-20,-7.7220,-3.6036,-1.8192,-2.0130,-6.1564,-2.7744,2.9703
2020-01-21,2.3715,-1.3175,4.0909,3.5352,3.6689,2.0139,3.6205
2020-01-22,-0.9138,-1.5666,-0.0215,0.3078,0.8070,-1.3737,0.6246
2020-01-23,2.1333,1.8667,1.0750,2.7225,3.8736,2.2303,2.5795
2020-01-24,-1.3158,1.7105,-2.5701,-1.1774,-1.8890,-1.5556,3.5314
2020-01-25,6.4426,2.6611,0.9432,1.5184,1.0196,0.5577,-4.7918
2020-01-26,18.4080,18.9055,3.8301,6.1936,14.4472,13.6623,-8.3213
2020-01-27,-12.6087,12.6087,-0.9278,-3.7551,-9.7108,-0.8389,0.3684
2020-01-28,-4.2996,5.2705,-2.1522,-3.5819,-1.8516,-2.1953,-0.6588
2020-01-29,0.4178,6.6852,2.4341,1.3202,0.5958,0.6063,3.5808
2020-01-30,0.9845,5.4852,1.5959,2.2353,0.7487,0.6302,-4.5711
2020-01-31,-2.6027,4.1096,-2.6046,-1.6857,-4.6874,-0.1984,-1.9496
2020-02-01,7.3529,5.0000,3.9169,2.4498,0.7743,1.4944,1.6993
2020-02-02,1.0401,-10.4012,-3.5234,-3.2982,-3.0512,-3.0045,-1.7304
2020-02-03,-4.8091,-2.4045,3.1731,0.6163,-5.3191,0.6728,0.5902
2020-02-04,1.2894,3.2951,4.9952,2.3194,1.6562,1.4492,2.2094
2020-02-05,-2.6499,0.1395,-0.8576,-1.4960,-2.8432,-1.3972,-1.9642
2020-02-06,1.4144,0.5658,1.3102,1.5502,-0.4402,1.9124,-1.4985
2020-02-07,-3.6785,-0.5450,-4.4027,-3.0718,-6.4291,-3.4865,-3.6876
2020-02-08,18.3871,9.6774,13.1160,12.4881,10.8690,11.4345,9.3103
2020-02-09,-14.0083,-6.6574,-15.1148,-17.0099,-12.9497,-13.6824,-19.8249
2020-02-10,5.2555,3.2117,9.6292,10.2510,1.9159,4.0663,13.1084
2020-02-11,-1.4388,0.4317,0.9146,-0.6536,-1.5838,-0.4045,-2.4314
2020-02-12,1.0174,4.2151,1.9633,1.2721,0.7474,0.0379,1.3824
2020-02-13,2.9940,5.8383,4.1800,2.3689,2.5733,1.8861,2.7286
2020-02-14,0.0000,9.8802,-1.9069,-1.5039,-2.2484,-1.4988,-1.2537
2020-02-15,6.7093,-0.9585,-1.6864,2.1097,2.5275,-0.0153,0.1840
2020-02-16,2.4550,18.0033,-1.1796,-1.5633,2.3891,0.2362,3.7124
2020-02-17,-2.3962,9.4249,0.9567,3.7985,-0.6875,2.4393,4.5493
2020-02-18,-2.1875,8.5938,-1.6682,-1.1940,-1.2525,-1.5979,0.9637
2020-02-19,-1.6897,5.6836,-2.9342,-0.8845,-2.1392,-1.4611,2.4738
2020-02-20,2.3585,5.0314,1.5139,1.7523,0.0122,0.3180,6.7213
2020-02-21,-1.0886,3.8880,-8.2144,-7.1985,-3.8747,1.0208,-4.4173
2020-02-22,5.9308,3.1301,-0.1854,0.6068,1.8572,1.1786,2.0792
2020-02-23,2.1886,2.8620,-2.1983,-2.3298,1.4447,0.2375,-3.5603
2020-02-24,-7.0423,-2.0344,-1.0166,-1.4219,-5.8592,-1.7398,4.2932
2020-02-25,-14.8000,-14.6667,-13.0315,-13.4780,-17.4289,-14.4313,-0.8697
2020-02-26,17.5549,2.0376,13.8631,17.8917,15.4858,11.4432,17.7509
2020-02-27,2.0800,1.7600,2.7552,2.5301,1.4641,5.5896,5.2258
2020-02-28,-2.0376,0.7837,-1.1606,-1.2293,-3.2169,0.7425,5.2882
2020-02-29,5.8043,0.6633,-1.6806,-1.8941,1.9558,1.7126,-1.3902
2020-03-01,4.1451,2.5907,-0.0372,0.2036,2.7297,1.2324,0.9318
2020-03-02,-5.8537,3.9024,3.3182,0.4277,-3.1778,0.8433,0.8716
2020-03-03,-2.0701,19.4268,3.5839,0.1487,-1.7779,-0.1905,4.2134
2020-03-04,-1.7214,-0.1565,-2.3201,1.7745,-2.5010,-1.2240,3.8869
2020-03-05,1.5898,-0.6359,-1.8523,0.9794,0.1562,0.0642,2.2413
2020-03-06,-2.3292,-0.9317,-9.8193,-5.1180,-4.4723,-1.5229,-3.9693
2020-03-07,7.5125,0.6678,-0.2137,1.9169,2.9414,2.1711,3.7623
2020-03-08,2.9210,-0.5155,-2.4326,-1.0445,4.0873,-0.6021,0.4116
2020-03-09,0.3448,6.0345,7.8725,5.2755,3.6259,5.5285,10.4317
2020-03-10,27.1930,37.7193,21.5969,13.9885,30.3811,32.2355,-0.7124
2020-03-11,-14.4465,19.8874,-2.0324,0.9570,-5.5016,4.6001,1.1770
2020-03-12,-9.3537,6.9728,-4.0693,-0.8370,-8.5279,-6.7061,-2.1987
2020-03-13,-3.7643,5.4010,-4.6479,-3.8148,-6.5556,-3.8704,-0.5306
2020-03-14,4.8027,2.7444,-1.6420,-2.5103,-1.1496,-1.0605,-1.9930
2020-03-15,6.1931,6.0109,0.9180,2.4304,3.3366,1.8891,2.2635
2020-03-16,-7.2635,-2.0270,3.2268,-0.8065,-5.2965,-0.8188,1.6699
2020-03-17,-1.6611,-24.2525,0.2437,-0.1256,-2.2831,-1.2539,-0.7920
2020-03-18,-0.8237,-12.1911,3.7963,0.6148,-1.3284,-0.9957,1.9229
2020-03-19,0.1650,-2.9703,2.0107,1.3436,-0.8960,0.7725,0.1919
2020-03-20,-4.4164,-3.6278,-3.9855,-3.5576,-5.6133,-3.5476,-3.2543
2020-03-21,7.2758,-1.3536,2.2667,1.8367,1.7348,0.6832,-4.5738
2020-03-22,28.1996,19.0889,21.7980,22.9572,27.2492,23.4091,18.8697
2020-03-23,-5.3388,21.5606,11.6363,7.8684,7.0455,8.4393,3.6257
2020-03-24,5.8696,30.8696,18.4388,15.1725,14.0507,15.7866,15.1523
2020-03-25,-0.2169,31.6703,10.4170,8.8753,4.2419,7.4702,-4.3325
2020-03-26,4.5351,37.4150,11.8805,12.9625,5.1512,8.3191,-0.2429
2020-03-27,-0.6757,42.7928,3.2294,-0.5210,-1.2798,8.7497,-3.9612
2020-03-28,4.7170,39.3868,6.7006,8.6776,0.8365,3.1289,-1.3647
2020-03-29,1.4354,10.2871,-1.1734,4.9121,-1.8752,-4.2115,-5.4235
2020-03-30,-3.0162,12.9930,13.2080,8.6155,-6.1371,2.5039,6.5726
2020-03-31,0.4662,7.2261,12.8272,6.5185,-3.3170,1.7961,7.5324
2020-04-01,-4.4543,2.6726,7.7322,-0.1851,-8.4605,-3.7715,0.1103
2020-04-02,2.5114,0.6849,-4.1655,-6.6273,-2.6647,0.6776,-17.1074
2020-04-03,0.6897,2.0690,5.9932,10.0163,-2.9679,-1.8675,14.5241
2020-04-04,-1.3605,-3.8549,1.6110,-1.3665,-4.4849,-11.4491,-6.4711
2020-04-05,-0.4515,-5.6433,2.4556,-1.4020,-3.9182,-10.2643,0.1095
2020-04-06,-3.2751,-5.8952,10.6621,0.1551,-5.7812,-2.5384,105.9255
2020-04-07,-3.7815,-9.8739,9.9607,4.8680,-5.8393,0.1210,9.1963
2020-04-08,3.2538,-2.6030,13.5362,7.6130,-1.5025,3.1764,9.0966
2020-04-09,-2.9474,-7.7895,3.2780,1.0870,-4.1957,-1.5331,2.8989
2020-04-10,-1.8595,-10.1240,-2.5033,-10.2059,-5.1194,-1.3003,-1.2083
2020-04-11,-3.3932,-11.9760,10.5146,0.7872,-7.6635,-2.1253,14.8849
2020-04-12,-4.3893,-15.4580,4.1165,-4.0684,-8.2734,-0.1685,7.5440
2020-04-13,-7.0922,-18.7943,14.9723,6.0289,-10.0587,5.8484,12.5014
2020-04-14,-7.2368,-21.7105,2.6343,-9.9740,-9.4115,-0.8369,-1.8691
2020-04-15,-3.1847,-26.5924,7.5617,1.4546,-5.5947,3.5136,8.0432
2020-04-16,-0.3175,-24.6032,6.7248,1.5550,-2.0161,3.7932,9.8454
2020-04-17,-3.3742,-25.7669,-0.7255,-5.0143,-4.6958,0.1579,7.6601
2020-04-18,4.9919,-19.3237,4.2872,-0.3824,2.9267,0.4836,-11.4310
2020-04-19,7.4394,-9.3426,3.5041,-0.5970,6.5261,2.0577,-5.3849
2020-04-20,-3.5058,-5.8431,4.0691,1.8880,-1.7628,-3.5347,3.7835
2020-04-21,5.4577,7.0423,10.5097,6.0360,8.5469,2.5447,7.3820
2020-04-22,-3.0717,7.1672,7.5549,0.6499,0.8365,-3.3504,-3.3740
2020-04-23,-2.1703,5.1753,11.6777,1.4443,-0.4565,0.7203,5.0600
2020-04-24,0.6723,9.5798,9.8734,3.8403,1.8702,2.9329,7.0384
2020-04-25,-4.3408,-0.1608,-0.9741,-9.0823,-2.6868,-7.0661,-7.8122
2020-04-26,7.6125,0.0000,2.7343,1.6578,7.9861,-1.6848,-1.9283
2020-04-27,12.8906,16.9922,20.9460,20.5228,15.1807,12.3038,15.9570
2020-04-28,-12.3288,-2.7397,2.2959,-3.1282,-8.4570,-6.7922,-8.8005
2020-04-29,-7.3016,-6.9841,8.0881,-1.8238,-6.1662,0.1861,-5.9420
2020-04-30,-4.6899,-9.3797,8.0795,1.7083,-6.2514,-0.2350,-0.9838
2020-05-01,-5.0287,-14.5115,3.4139,-0.1048,-7.1273,-0.8276,-4.1801
2020-05-02,1.9034,-8.9312,4.1510,-3.6725,-0.3036,-5.0233,-0.3183
2020-05-03,5.4012,-10.8025,-3.3208,-3.2354,4.9934,-3.2877,-2.1303
2020-05-04,5.8824,-16.3399,11.5673,12.2010,6.8973,7.1811,-49.1471
2020-05-05,-6.9909,-11.2462,6.8276,-3.0859,-3.9676,-2.5574,-4.8682
2020-05-06,-3.9416,-8.0292,5.1027,-0.2932,-2.2785,-2.1988,-2.8619
2020-05-07,4.2618,0.6088,2.2284,0.5270,5.3818,3.4931,5.1209
2020-05-08,-8.4958,-3.0641,4.3532,1.2519,-7.5853,0.1307,-3.9019
2020-05-09,-4.2667,-8.9333,4.7713,-2.4272,-5.6413,-4.4310,-4.0343
2020-05-10,8.0692,-6.6282,5.2586,2.4442,7.9232,-0.5704,7.1085
2020-05-11,2.5111,-9.6012,10.8527,10.6725,5.1207,5.3005,9.1117
2020-05-12,-5.7103,-8.3565,5.2178,-1.4573,-2.5291,-1.1930,-2.6914
2020-05-13,-1.7784,-6.2927,5.8212,1.3257,-0.2251,0.8452,-2.7904
2020-05-14,1.2465,-9.0028,7.5988,6.0574,1.3269,4.5346,5.0779
2020-05-15,0.2778,-0.2778,8.2409,5.5188,0.2552,7.1875,4.9232
2020-05-16,-1.7735,2.3192,1.6577,-3.9873,-2.8786,-2.6380,-2.0578
2020-05-17,-3.1704,-8.3223,-2.5928,-3.9079,-4.7921,-5.3791,-2.9767
2020-05-18,-3.8119,-13.9771,2.8203,3.4110,-4.5921,-4.6424,7.8168
2020-05-19,-3.1980,-11.6851,4.2881,0.0098,-3.2057,-2.1126,-0.4587
2020-05-20,-1.2151,-11.1786,0.2724,-2.3977,-1.0261,-3.3116,-0.5011
2020-05-21,-2.9481,-14.8585,0.4894,-0.2295,-2.4970,-2.7070,1.2573
2020-05-22,-7.5245,-21.4831,-2.0823,-3.3245,-6.1328,-4.0244,-2.9046
2020-05-23,-3.6765,-23.0042,-1.4305,-2.6990,-4.2005,-2.9020,-4.0234
2020-05-24,-2.8571,-22.7551,-2.6250,-2.9240,-3.1313,-1.0569,-4.1688
2020-05-25,-3.4483,-22.4631,-2.7014,3.0995,-1.9793,0.7521,1.3372
2020-05-26,-5.0514,-23.9476,1.8429,0.9725,-2.1489,2.4612,2.2919
2020-05-27,-3.1703,-25.4529,-0.3058,0.5262,0.2916,1.8163,1.3295
2020-05-28,4.5455,-19.6970,-0.1300,-1.6788,6.6518,0.1308,4.0490
2020-05-29,19.4570,3.7330,10.3661,9.6766,18.6013,10.4555,11.2034
2020-05-30,8.0685,16.3814,1.9760,-3.9887,6.0859,-2.6363,-5.2266
2020-05-31,11.5962,33.6971,6.7549,7.0638,13.1942,0.6427,-1.1922
2020-06-01,-1.7426,36.0590,8.6885,9.9701,-0.7371,0.9266,8.5947
2020-06-02,-8.0148,31.8126,3.6413,1.8366,-6.4438,-2.0551,-1.2032
2020-06-03,-5.3676,28.8215,4.0740,4.2336,-2.9526,-0.3965,-2.7431
2020-06-04,0.7051,24.0893,5.5544,5.6224,1.6907,1.6687,2.0514
2020-06-05,5.0617,9.1358,6.4982,10.5767,4.7326,3.4369,11.9437
2020-06-06,0.9975,1.9950,3.8831,-0.4551,-0.4404,-0.8227,3.0171
2020-06-07,0.5013,-8.1454,3.7187,1.1631,0.5104,0.5676,2.5038
2020-06-08,-9.3182,-15.2273,-2.6910,-2.4455,-8.4526,-4.4091,4.0812
2020-06-09,-9.7436,-16.8205,1.2698,-3.1904,-5.9355,-3.0239,-3.0482
2020-06-10,-6.0694,-17.4374,1.1820,-0.3143,-3.1811,-2.7608,-2.1725
2020-06-11,-3.3520,-20.7635,-0.6320,-0.1629,-2.7947,-3.0102,0.8817
2020-06-12,-5.0398,-28.3820,-3.9463,-1.6089,-3.6293,-3.9907,-2.9368
2020-06-13,8.8547,-22.8104,7.1041,6.9724,10.3843,6.5530,7.9413
2020-06-14,2.0629,-21.6110,0.6307,-0.7021,1.1137,-1.4612,1.7546
2020-06-15,-8.8630,-21.2175,-3.1511,-1.4959,-6.6612,-3.7598,-2.5535
2020-06-16,-4.2845,-16.4524,-3.5053,-2.9278,-0.9257,-3.1623,-2.9187
2020-06-17,-2.9118,-13.6439,-3.3068,-0.6054,-1.6137,-2.2457,-4.2401
2020-06-18,-0.2490,-10.8714,-0.2638,0.3322,0.8295,0.9080,1.4019
2020-06-19,-4.3651,-10.2381,-3.4417,-3.1116,-3.9064,-2.8412,-2.4236
2020-06-20,17.4278,-3.1687,11.6082,10.1086,18.4723,10.2639,13.4096
2020-06-21,9.6016,3.9837,7.6363,3.8340,7.6936,4.5413,6.8373
2020-06-22,-3.9254,9.6173,1.3114,1.8163,-0.3021,-2.8177,1.3853
2020-06-23,-5.0326,8.7605,-2.6329,-2.6931,1.3865,-5.3290,-5.9231
2020-06-24,0.0000,12.0224,-0.9493,-2.4355,3.1276,-1.8427,-4.1643
2020-06-25,0.6567,13.0394,3.5761,5.2387,1.8936,0.6829,4.1831
2020-06-26,-1.6605,16.2362,1.4945,1.3208,-1.9066,0.9680,-1.8205
2020-06-27,1.6886,0.6567,4.4244,2.3388,1.7607,0.1502,-1.3831
2020-06-28,-5.2444,-12.9778,-2.3736,-4.8884,-4.3734,-5.7813,-9.4559
2020-06-29,-6.0935,-14.9416,-0.4338,1.1267,-4.5381,-2.0697,3.7306
2020-06-30,3.2759,-7.5000,2.3584,1.3523,4.4030,0.4782,2.5672
2020-07-01,-3.3333,-10.5833,-0.6767,-0.9996,-3.3345,-2.4152,-6.7707
2020-07-02,-4.6863,-15.3296,-1.5567,-1.0319,-4.0651,-2.2456,-3.8583
2020-07-03,-1.6406,-15.3125,-1.1039,0.8947,-2.1223,-1.7747,2.1177
2020-07-04,8.0169,-10.0422,2.4783,0.9266,7.7824,-1.1964,-1.4786
2020-07-05,23.5662,17.3097,12.4948,9.0517,22.0636,9.2066,1.5350
2020-07-06,-8.4050,14.4222,-0.9950,-2.5013,-7.8282,0.4745,4.7561
2020-07-07,4.8048,16.1161,3.9113,2.9542,12.4463,3.9220,11.3975
2020-07-08,1.0111,21.3347,0.5612,1.8182,5.1674,2.7957,-3.0544
2020-07-09,-7.9143,17.2253,-3.4974,-0.8647,-5.4548,-1.7508,-3.0933
2020-07-10,-7.4935,10.2498,-1.6844,-1.0464,-6.6042,-0.5744,0.2397
2020-07-11,10.8883,13.1805,9.6370,7.4497,9.2080,3.5113,6.9633
2020-07-12,8.7227,-0.4154,7.7564,5.6821,6.7952,5.4283,7.0932
2020-07-13,-1.5337,7.0552,7.4344,10.6862,-0.4078,5.5316,8.2284
2020-07-14,-15.3979,-13.5813,-8.7477,-9.2579,-12.4062,-7.3460,-9.6320
2020-07-15,-2.5295,-16.6105,-5.6267,-3.8997,-2.2307,-4.2854,-6.1888
2020-07-16,2.2414,-7.4138,-3.5683,-5.2149,1.5885,-2.2444,-6.2568
2020-07-17,-1.5280,-1.4431,-3.8502,-1.5941,-3.7865,-1.2786,-3.7493
2020-07-18,3.6060,-7.9156,0.8600,0.6851,1.2452,-1.8309,-1.6295
2020-07-19,11.6896,-5.4028,4.1657,2.9692,8.8098,3.2342,1.6719
2020-07-20,2.1063,-1.9057,3.0045,6.2043,4.4957,2.7479,-4.6169
2020-07-21,12.5282,30.4740,14.5181,14.8097,18.6208,13.1420,5.7925
2020-07-22,4.4811,39.8585,5.6402,5.1192,7.0481,4.5895,-0.4512
2020-07-23,-3.8549,31.5193,1.9331,2.3717,-2.1788,3.6421,5.8679
2020-07-24,-8.5062,22.1992,-4.8199,-2.1895,-5.7692,-4.3265,9.5627
2020-07-25,0.1038,18.0685,-1.4061,-0.6346,1.5007,-6.0599,3.3176
2020-07-26,-2.9234,2.6210,-2.7683,-2.7954,-5.0130,-4.0444,0.0761
2020-07-27,-11.9787,-11.5350,-4.6394,-2.3615,-13.0104,-5.6380,-9.4967
2020-07-28,-4.0851,-24.5957,-1.2004,-0.2948,-4.6205,-1.0805,-5.8225
2020-07-29,5.0045,-24.2181,2.4373,2.1096,4.4309,2.1717,2.8944
2020-07-30,10.0295,-13.2743,5.2201,3.6751,9.9593,5.7906,2.0814
2020-07-31,-3.7843,-8.7985,-4.0313,-1.5564,-6.0474,-2.9375,-8.0596
2020-08-01,7.3096,-2.2335,-1.1211,0.3429,7.7129,2.6045,4.9387
2020-08-02,-3.0512,-2.3622,-0.5851,-1.2389,-4.6438,1.9437,0.1615
2020-08-03,-3.3302,7.2312,6.7888,8.6290,-2.0872,6.4144,1.7841
2020-08-04,-7.1555,3.7986,-1.0071,-0.0858,-6.0875,-3.3440,-4.5545
2020-08-05,-2.1608,-3.2844,-2.5075,-3.9568,-0.8356,-3.5346,-2.5739
2020-08-06,3.5810,-8.9526,2.7438,4.9556,3.9113,3.9122,4.7231
2020-08-07,-1.4122,-6.7079,-2.2567,-1.4443,-1.2916,-1.1998,-1.7974
2020-08-08,-0.3518,-13.3685,-2.0901,-3.4068,-1.5559,-3.8127,-4.9683
2020-08-09,5.9646,-5.3122,-0.3199,-1.1305,3.9658,-1.6283,-5.6033
2020-08-10,-4.1964,-6.1607,-2.5266,-2.0110,-2.6755,-3.5959,9.3795
2020-08-11,-0.9726,0.0884,-0.6036,-0.7251,-0.2356,-0.5311,-0.5806
2020-08-12,1.8919,4.2342,-0.9114,-2.5802,1.5053,0.8802,-3.2325
2020-08-13,12.1212,12.8283,-2.6051,1.8309,12.4327,3.4403,4.6673
2020-08-14,1.5385,16.2051,2.4397,1.4359,1.4248,4.3879,0.3487
2020-08-15,9.0604,27.1812,6.6526,2.2251,10.4802,8.7021,6.6603
2020-08-16,-9.8790,8.1653,-8.8744,-8.7026,-9.6662,-9.3805,-7.2772
2020-08-17,-8.5714,3.2258,-1.9936,3.6166,-6.1338,-1.0256,-2.9626
2020-08-18,0.4630,4.7222,4.0840,3.1119,2.0145,4.8899,-0.5574
2020-08-19,13.0890,16.2304,9.6587,4.8661,14.2526,6.4493,9.4713
2020-08-20,8.6462,12.6280,7.6581,6.3446,9.2665,6.4068,5.1654
2020-08-21,-2.3333,8.3333,5.3743,3.1257,-1.7380,8.5909,-1.3676
2020-08-22,-1.7467,-2.4017,0.1741,-4.0632,-0.0212,-3.1778,-3.3475
2020-08-23,0.2188,8.5339,-1.4497,-2.9706,1.7060,-3.4277,-3.4569
2020-08-24,-4.8907,12.9032,1.2171,1.9917,-3.6332,-1.6476,4.2934
2020-08-25,-1.1317,11.1111,5.1705,4.2163,-0.8181,1.2090,1.5978
2020-08-26,-3.2836,-4.9751,1.0852,0.3804,-3.2827,-1.5110,-0.2583
2020-08-27,-1.7595,-14.0762,-0.4996,-0.4640,-1.4669,-3.2946,-0.0212
2020-08-28,-0.8721,-12.7907,-0.3299,2.4716,-2.1029,-1.6260,0.3292
2020-08-29,6.7218,-5.2740,5.7587,2.6648,5.2121,0.6987,1.3740
2020-08-30,6.7329,0.8830,-2.3119,-4.1956,6.0555,-0.9785,1.4865
2020-08-31,-2.8939,3.0011,4.6247,5.8464,-2.0130,1.1075,3.3845
2020-09-01,-4.3077,-0.3077,2.5434,-0.3219,-3.8423,-0.7616,0.7528
2020-09-02,-4.5054,-1.5671,0.1865,-2.0071,-4.8500,-3.7657,-3.0918
2020-09-03,-5.8118,-5.6273,-4.7731,-4.5381,-5.7477,-5.9904,-7.6060
2020-09-04,-2.0777,-6.7751,-1.7727,-0.1824,-2.3813,-1.5471,-1.0479
2020-09-05,6.0345,-7.3755,2.5724,2.4987,4.1383,-0.7344,4.0477
2020-09-06,8.4112,-5.9190,4.3216,-1.2130,5.9714,2.5883,6.4315
2020-09-07,-7.5816,-10.4607,-0.7499,1.1808,-7.2102,-2.1830,-3.7665
2020-09-08,-1.6053,-7.9320,2.4895,3.4398,1.2302,0.4278,2.5088
2020-09-09,-6.3660,-9.7259,-3.5541,-3.4788,-6.3567,-5.4985,-4.6258
2020-09-10,-1.0499,-5.1619,-0.8866,-0.3126,-0.9771,-2.8969,0.7453
2020-09-11,-2.0566,-5.1414,-2.0288,-0.8356,-3.3488,-2.1433,-2.4726
2020-09-12,3.9181,-7.0347,1.4191,-0.6740,0.9656,-0.4125,2.9903
2020-09-13,1.3538,-13.0866,-2.7906,-5.3241,-0.4228,-2.8062,-3.8704
2020-09-14,-8.0498,-13.5270,-5.0544,-1.6376,-7.6937,-4.5945,1.6300
2020-09-15,0.0000,-12.1162,0.6697,2.1154,0.2848,1.6160,1.7659
2020-09-16,-2.7441,-8.7167,-1.8833,-0.1212,-3.2311,0.1127,-2.4535
2020-09-17,-0.5618,-8.2665,-1.4523,0.1777,-2.1152,0.7574,2.2434
2020-09-18,-1.5020,-7.7470,-2.7742,-0.0103,-3.2384,0.0611,1.7126
2020-09-19,2.4291,-9.0688,-1.9258,-2.5798,0.3164,-1.9178,-0.4764
2020-09-20,6.0086,-4.8927,-0.6570,-0.8231,5.2078,1.0810,-1.4844
2020-09-21,-5.9726,-2.7441,-4.2273,-3.6611,-4.2085,-3.2026,-4.6336
2020-09-22,-1.0383,-3.7540,-2.9990,-6.0035,1.4618,0.3813,-0.2794
2020-09-23,2.4550,1.3912,-0.8236,-0.9657,3.4012,2.2513,-1.8322
2020-09-24,2.4308,4.4426,0.2541,2.2677,3.4499,1.9370,1.0406
2020-09-25,2.3156,8.4906,1.4329,2.3358,2.9132,3.1017,7.0303
2020-09-26,10.0000,16.5094,4.2391,0.8581,9.7209,1.6245,1.5757
2020-09-27,9.7308,20.6004,4.5787,3.8888,11.2846,4.5817,-3.4312
2020-09-28,-7.2937,18.9060,-3.1263,0.3624,-5.5792,-3.5320,-13.0107
2020-09-29,-1.1385,18.7856,-1.1275,2.2728,4.0668,-2.5102,-2.1261
2020-10-02,15.4994,33.8691,6.4811,7.4576,15.9600,13.0120,17.4078
2020-10-03,-5.2231,15.3428,-7.3829,-4.9492,-6.4501,-8.2622,-4.1597
2020-10-04,7.7374,13.2474,0.1713,3.4954,10.5347,-2.5407,1.3025
2020-10-05,-5.5371,15.3931,-1.1900,-1.0066,-2.2901,-4.5237,-1.9342
2020-10-06,1.3468,18.2941,2.4432,1.2256,4.3474,0.8448,2.9949
2020-10-07,-1.8722,,-0.1266,-3.4024,-1.5458,-0.9092,1.6455
2020-10-08,0.7769,11.6537,-0.8371,-0.1373,-0.8726,2.2680,15.2899
2020-10-09,0.7830,-2.5727,-1.9738,-0.1592,-1.5557,1.6882,7.9935
2020-10-10,3.1142,5.9977,0.5136,-1.0822,0.3517,0.6920,-1.6833
2020-10-11,6.2500,4.5343,2.1191,1.1170,5.0533,4.5379,-0.6745
2020-10-12,-5.8824,4.1522,-0.1182,-1.8755,-5.9338,0.5792,-1.1355
2020-10-13,-4.9342,-2.3026,-2.4530,-4.5159,-5.0634,-1.9906,-3.8413
2020-10-14,-2.0408,-2.4705,-1.1799,-1.8268,-2.9986,1.2917,-2.2130
2020-10-15,4.7244,1.3498,2.9232,4.2489,2.1352,4.9445,2.0539
2020-10-16,5.7075,6.3020,-1.0863,3.8484,3.7073,-0.1294,-0.1473
2020-10-17,9.9346,13.3333,7.2220,4.3653,8.4294,4.7628,0.0778
2020-10-18,9.7561,17.0732,4.0431,4.3482,7.8459,2.9418,3.0885
2020-10-19,-8.0475,14.3799,-3.7263,-2.9632,-10.6975,-4.8408,-7.3368
2020-10-20,1.6086,22.2520,1.0216,2.6136,1.0488,0.1403,-1.7445
2020-10-21,-1.8421,22.5000,-0.9943,-0.7108,-4.0751,-2.7639,-6.9209
2020-10-22,0.1318,17.1278,1.8251,0.1662,-3.1076,1.2518,-0.9690
2020-10-23,2.0161,13.0376,-1.5084,1.1475,-2.1354,0.6483,3.4064
2020-10-24,5.0847,8.0508,-1.5601,-0.9153,-0.0255,-3.8334,-0.7741
2020-10-25,13.0990,11.3419,-2.0363,0.5125,9.1243,5.1185,-1.6414
2020-10-26,-10.6990,8.1312,-2.0667,-3.7463,-11.6372,-4.1911,7.4185
2020-10-27,2.7859,9.3842,0.8688,2.4038,1.0558,2.9245,2.5783
2020-10-28,2.4024,14.1141,1.6967,1.9593,-0.2440,1.2327,2.8491
2020-10-29,-0.1499,13.7931,-0.0813,-1.8499,-3.6065,-1.3353,0.6144
2020-10-30,1.3678,13.0699,-10.2761,-11.7542,-1.4637,-0.3782,-16.3624
2020-10-31,4.1139,12.0253,-0.4538,3.6496,1.8612,-2.4585,0.8104
2020-11-01,6.2185,5.2101,-2.3782,1.7941,4.9601,-0.1765,2.7436
2020-11-02,-6.1514,10.5678,1.0960,0.0103,-6.1132,-0.7394,-1.9257
2020-11-03,-2.0093,5.4096,-0.5395,-1.2461,-2.5168,-0.5521,-1.9063
2020-11-04,0.0000,2.9366,-0.6136,0.0754,-1.9831,0.4750,0.4608
2020-11-05,3.0255,6.2102,2.2545,3.3783,0.7171,1.3679,3.2373
2020-11-06,-3.3846,1.2308,-5.5481,-3.2905,-4.6205,-3.9770,-3.4011
2020-11-07,5.5195,2.5974,-0.9421,0.1793,2.9232,-1.1319,-0.9767
2020-11-08,3.0100,-0.5017,-4.8549,-2.2376,0.5126,-2.1093,-3.8732
2020-11-09,-5.3797,0.3165,0.3082,0.1913,-6.3763,-1.0774,2.1626
2020-11-10,0.3175,2.6984,2.4239,1.5301,-1.0991,2.0594,1.0583
2020-11-11,-2.1739,0.4658,-1.6703,-1.7395,-3.8247,-0.5397,-1.6467
2020-11-12,2.5478,0.0000,0.8936,2.8276,0.0057,2.8083,2.5188
2020-11-13,1.9481,5.5195,-0.1929,1.7529,-0.4026,2.7268,3.3771
2020-11-14,13.2353,13.2353,-0.8803,1.2928,10.3311,9.3712,-12.8015
2020-11-15,9.8990,20.8081,9.3738,13.1794,10.3578,7.8562,9.4670
2020-11-16,-8.3333,17.0370,5.3791,3.1566,-5.8565,3.6908,-1.7017
2020-11-17,-7.2165,8.2474,-0.7662,-2.9004,-7.2258,-3.8831,-4.4028
2020-11-18,-2.5126,7.8727,0.2144,-1.2791,-4.1618,-1.1533,0.7317
2020-11-19,-2.7687,2.2801,-2.7848,-2.2014,-6.2265,-2.3509,-3.4840
2020-11-20,-0.6472,-0.3236,-3.4561,-0.2679,-3.5219,-0.0691,1.2517
2020-11-21,4.7458,-7.7966,-2.5002,-0.5391,3.2498,-1.2398,0.2581
2020-11-22,0.5111,-15.6729,-7.5916,-4.2291,-0.4160,-4.2823,-4.1793
2020-11-23,-5.3226,-12.9032,1.0935,0.3766,-3.7790,-0.0513,0.3945
2020-11-24,-0.9585,-7.0288,2.2871,0.4493,-0.1824,-0.1757,2.3688
2020-11-25,-2.6439,-7.1540,-0.6581,-1.8838,-2.2426,-3.8384,-0.9379
2020-11-26,4.0453,-0.6472,4.2568,4.4457,2.6983,3.4886,4.6703
2020-11-27,-2.5237,-2.5237,-2.4691,-1.7969,-3.2905,-1.8421,-0.9441
2020-11-28,6.0201,-1.3378,0.7398,0.7995,3.7919,1.0275,0.3209
2020-11-29,2.9260,1.0327,-2.7013,-1.5484,0.7354,-1.4680,0.3163
2020-11-30,-3.1667,3.3333,-4.8369,-3.3749,-1.6554,1.9413,0.0233
2020-12-01,-1.9608,2.2876,3.4181,2.1426,1.3049,-0.0990,1.9917
2020-12-02,-3.3175,1.5798,0.2986,-2.0684,-1.2869,-3.7918,-1.3694
2020-12-03,5.6761,3.1720,6.0864,5.9327,4.1121,4.1022,6.9889
2020-12-04,-5.9655,-0.4710,-3.9670,-5.3897,-5.9599,-6.8672,-4.0543
2020-12-05,4.2553,-2.1277,1.1650,-0.9276,-0.1214,-2.2715,-0.3789
2020-12-06,4.2662,-0.8532,0.4646,0.0061,0.7928,-2.4246,-0.4768
2020-12-07,-5.3312,-3.0695,2.1338,0.1437,-5.7853,-1.2485,0.3843
2020-12-08,-0.3221,-1.4493,2.7825,0.8101,0.3919,2.0020,1.9196
2020-12-09,-0.7987,1.1182,1.2976,-0.2499,-0.3168,0.6749,0.4633
2020-12-10,0.0000,-4.3131,-1.5373,0.2709,-0.4809,0.2687,0.5953
2020-12-11,3.8143,5.6385,2.4478,5.0904,2.2107,4.8021,8.0488
2020-12-12,3.2534,4.6233,-0.6717,-2.3737,1.3123,-0.1179,-1.6291
2020-12-13,-1.0169,-0.6780,-8.2617,-6.9603,-1.9455,-2.7686,-4.0551
2020-12-14,-6.7930,-2.2117,-0.1856,0.1503,-6.2549,1.2949,-0.6593
2020-12-15,-2.3148,-4.1667,1.4325,0.0508,-3.0169,0.3838,-0.9728
2020-12-16,-6.8966,-10.0575,-4.1322,-4.7318,-7.3510,-5.5674,-5.7775
2020-12-17,-2.7933,-12.5698,-2.6934,-1.2389,-3.5433,-1.5701,-2.6250
2020-12-18,-4.5333,-19.6000,-5.6937,-3.1065,-5.6042,-4.6723,-2.0525
2020-12-19,10.1322,-14.2438,5.8177,5.6456,7.6342,2.7877,3.1314
2020-12-20,6.0748,-8.0997,3.6730,1.5739,1.3182,0.5867,2.4206
2020-12-21,-6.8215,-8.1277,2.5422,-1.1186,-6.0776,-1.0332,-1.2582
2020-12-22,-1.7118,-7.5606,2.2675,-0.6282,-0.5150,-1.2540,-0.1444
2020-12-23,-1.4065,-2.1097,0.8175,-0.5533,-0.2934,-1.0217,2.1112
2020-12-24,2.0086,2.7260,2.1478,1.6956,4.0038,2.3141,1.3812
2020-12-25,-1.2748,6.2323,-8.9685,-8.0768,-0.9312,0.0569,-1.7458
2020-12-26,4.7478,1.0386,2.8624,4.0237,1.2408,0.8438,1.0977
2020-12-27,3.5330,-1.3825,0.7027,-0.0266,0.1730,-1.6860,0.7148
2020-12-28,-5.9249,-0.4335,2.3224,-0.8594,-3.8039,0.2707,-0.9320
2020-12-29,-1.9830,-0.7082,3.1311,0.6621,-0.2802,0.8102,-1.5310
2020-12-30,-7.1053,-6.4474,-2.5391,-4.6366,-5.6129,-5.6228,-6.0744
2020-12-31,0.0000,-8.2895,1.3949,1.7462,-0.0663,-1.1987,-2.4001
2021-01-01,-1.2987,-8.3117,-2.6685,-0.2147,-2.7857,-1.6299,-0.4413
2021-01-02,9.2199,-4.3972,4.2886,3.4577,4.5986,1.9510,0.5463
2021-01-03,3.8292,-4.1237,-1.3585,-0.6384,1.6793,-1.6715,-1.7595
2021-01-04,-7.2404,-5.4645,-1.3520,-2.1204,-4.6056,-3.7136,3.3306
2021-01-05,3.8298,0.1418,5.3570,4.7663,8.0725,3.5752,4.0957
2021-01-06,-1.5363,6.1453,0.3392,-0.1810,2.4561,-1.0111,1.0163
2021-01-07,1.4164,7.6487,-0.5837,0.9576,5.1142,2.2483,0.5423
2021-01-08,-4.3360,4.3360,-6.6815,-3.6066,-2.9706,-2.6982,-0.3384
2021-01-09,8.0527,3.2211,1.5066,2.5807,4.5816,2.3183,5.7806
2021-01-10,0.5891,0.0000,-4.4907,-3.2115,0.0438,0.1149,-0.2797
2021-01-11,-8.9812,-1.8767,-3.3591,-2.7782,-6.9814,-2.8060,-0.0366
2021-01-12,-1.8421,-7.2368,-0.7042,-0.1302,-1.2533,-1.4150,2.2935
2021-01-13,-0.7833,-6.5274,-0.3604,0.5401,-0.8666,-0.9891,2.7344
2021-01-14,-1.1613,-8.9032,-2.6034,-1.3509,-1.6884,-1.9289,0.7837
2021-01-15,0.3886,-4.4041,-0.7639,0.2780,-1.7961,-0.9956,3.7599
2021-01-16,6.4828,-5.7931,1.5903,0.3352,1.7916,0.5619,-3.6976
2021-01-17,-2.0270,-8.2432,-5.6691,-5.7785,-3.8915,-6.4814,-6.1503
2021-01-18,-2.8871,-2.0997,2.4434,2.8631,-1.0011,-0.9114,5.6333
2021-01-19,0.7937,0.5291,3.2967,0.9244,3.0142,-0.0071,2.4559
2021-01-20,-1.4342,-0.1304,-0.4188,-0.9629,-0.3897,-1.7664,-0.1262
2021-01-21,4.6385,5.7299,3.2928,4.0922,5.0933,2.5868,3.6594
2021-01-22,-4.9287,0.1297,-6.4768,-4.4335,-5.1285,-3.9817,1.1054
2021-01-23,6.4917,0.1381,0.4705,0.6168,1.5918,0.0410,0.5201
2021-01-24,-0.6859,1.5089,-5.4148,-5.3198,-3.3549,-4.4060,-7.6029
2021-01-25,-2.9294,1.4647,1.7466,2.1119,-1.1957,1.4663,7.4621
2021-01-26,19.9681,20.7668,14.5533,10.6394,22.1423,20.9984,10.7288
2021-01-27,-13.4163,6.0858,-6.3708,-5.3171,-8.9438,-1.5909,-2.7699
2021-01-28,-3.0831,-1.7426,-1.6691,-1.4675,-3.9090,-2.4930,2.9677
2021-01-29,0.5391,3.9084,0.1447,1.5370,-3.1516,-0.6924,8.2540
2021-01-30,3.6313,1.1173,1.1766,-1.2926,-0.9386,-2.0207,-10.3380
2021-01-31,4.8316,6.7350,2.1450,0.7921,2.3788,1.7581,-2.6305
2021-02-01,-2.0086,7.7475,5.4567,2.5623,-1.8497,2.0153,3.6848
2021-02-02,0.5772,-9.6681,1.7204,1.1771,1.3391,0.2642,1.2032
2021-02-03,1.3158,5.7018,4.9489,2.6539,2.6444,2.4301,1.1362
2021-02-04,-0.2915,8.7464,-1.6398,-1.0975,1.6255,0.4264,-2.4750
2021-02-05,-2.5568,5.3977,-4.2280,-1.4815,-3.3877,-0.3765,-2.4463
2021-02-06,9.8284,11.7005,4.5314,4.5199,6.6058,4.3707,4.5223
2021-02-07,1.7460,8.4127,-2.1359,-1.6353,2.0460,0.8193,0.8909
2021-02-08,-4.5455,5.6061,1.6418,0.9310,-3.7136,0.0697,1.9519
2021-02-09,0.4566,5.4795,2.7834,1.9866,0.5668,-0.9259,1.6522
2021-02-10,0.3053,4.4275,2.4932,0.8916,2.5766,0.3760,1.1083
2021-02-11,0.7692,5.5385,0.0875,1.1921,2.5207,1.5535,0.0579
2021-02-12,-2.1084,6.0241,-3.7989,-0.9042,-3.1452,-1.3551,-2.1837
2021-02-13,8.1433,4.3974,1.8452,2.6349,3.4335,0.5931,-0.1069
2021-02-14,4.0678,6.7797,-0.6137,-0.4790,1.7813,-0.9229,-1.4428
2021-02-15,-4.2208,7.1429,2.9804,0.8874,-4.3343,-1.1443,0.1571
2021-02-16,-1.7544,4.7847,1.2427,-0.8079,-1.9943,-1.8371,-1.2419
2021-02-17,0.9662,5.4750,0.6718,1.5568,0.5173,0.5852,1.1513
2021-02-18,-0.6400,4.0000,-2.5168,-0.3138,-2.4470,-2.0782,-1.5010
2021-02-19,-3.4003,2.6275,-6.5038,-2.5608,-7.1926,-3.8700,-2.7513
2021-02-20,8.7395,3.1933,0.9804,2.8860,3.6038,0.3556,1.0656
2021-02-21,1.8836,1.0274,-4.8945,-2.6345,-0.4762,-4.2344,-0.8661
2021-02-22,-3.9474,1.3158,1.8588,1.3567,-4.3780,-2.0003,3.2207
2021-02-23,-2.0934,0.9662,0.8975,-0.9850,-3.2011,-3.3205,5.1509
2021-02-24,-1.1146,-1.1146,-0.9936,-0.4913,-1.6867,-2.1285,3.0695
2021-02-25,0.8026,0.3210,-1.4498,1.3808,-0.6867,-0.0955,7.2144
2021-02-26,-4.7401,-1.0703,-7.2081,-3.9230,-6.6100,-5.1884,2.3525
2021-02-27,6.6884,-2.9364,0.5209,1.1042,1.7141,-2.4307,-6.6758
2021-02-28,3.5473,-1.3514,-3.9946,-1.0282,0.6411,-1.9932,0.0182
2021-03-01,-4.6699,-2.0934,-2.5260,0.3376,-5.1885,0.3469,2.9714
2021-03-02,0.4854,0.4854,-0.0833,1.9496,-0.3811,-0.0682,0.1248
2021-03-03,-1.5924,0.0000,-2.0285,-0.3519,-2.9517,-1.0168,-1.7128
2021-03-04,0.3195,-0.4792,-1.2276,1.3003,-1.6828,-0.4307,2.6814
2021-03-05,-4.2813,0.0000,-7.8367,-3.7500,-7.1161,-3.9407,-0.8491
2021-03-06,7.0376,0.3273,-1.5018,1.6785,-0.0127,-0.7050,-0.2217
2021-03-07,2.0033,-1.1686,-1.1924,-1.1238,-0.7619,-2.0498,3.1324
2021-03-08,-8.4098,-5.0459,0.0086,-3.4703,-8.0215,-2.5365,1.4692
2021-03-09,-3.9648,-9.2511,-2.6405,-1.7985,-6.9243,-4.5701,-0.8310
2021-03-10,0.2946,-7.5110,-2.1614,0.8015,-2.7829,-1.0502,-0.4402
2021-03-11,-1.8786,-9.5376,-3.4963,-0.1825,-3.9260,-1.2799,-1.1136
2021-03-12,0.2899,-5.2174,-4.7926,0.0982,-2.1883,-0.7446,0.6737
2021-03-13,7.9812,-4.3818,-0.7920,2.3403,3.5120,1.6394,-2.1927
2021-03-14,1.4286,-4.9206,-6.2694,-3.0983,-0.2921,-2.7355,-4.8997
2021-03-15,-8.0292,-4.5255,-2.5661,-2.0255,-5.7805,-2.7955,-1.5043
2021-03-16,-0.8683,-1.4472,1.4640,1.8094,-0.4965,0.0259,1.5849
2021-03-17,-1.8466,-3.5511,0.1306,0.5639,-1.4256,0.8190,-0.3020
2021-03-18,0.5714,-1.1429,-0.2856,1.8987,0.3860,1.0370,-0.4122
2021-03-19,-4.7619,-6.1224,-6.9250,-3.8793,-4.6791,-3.5677,-0.9914
2021-03-20,5.1502,-8.5837,-1.6268,-0.1145,2.8224,0.1937,-0.5830
2021-03-21,4.3284,-5.9701,0.8348,1.1011,3.5802,3.1304,-0.3215
2021-03-22,-7.9670,-5.9066,-2.9243,-2.4989,-5.7240,-1.3425,-1.7093
2021-03-23,2.2472,-2.9494,2.5894,3.6855,3.3705,3.5878,8.3177
2021-03-24,1.4245,0.2849,0.0884,2.6994,3.6226,2.8638,3.4335
2021-03-25,0.2857,0.0000,-3.4934,0.5956,1.6031,0.4102,0.5846
2021-03-26,1.1561,6.2139,-2.7097,2.0373,1.6410,1.6338,3.8787
2021-03-27,1.4663,2.4927,1.4988,-2.4383,0.8160,-0.9825,-0.3075
2021-03-28,4.9231,3.0769,10.3035,1.0597,5.0164,11.0655,5.5092
2021-03-29,15.4529,29.3073,28.9849,22.7666,19.3403,32.9860,28.0996
2021-03-30,-19.8006,1.4245,-1.4573,-10.7851,-13.3278,-2.6650,-9.0999
2021-03-31,-4.6196,-4.6196,-1.8588,-4.2742,-4.1318,1.0496,-0.4729
2021-04-01,1.9391,-3.0471,-1.4424,1.2259,0.6389,-0.2505,2.4536
2021-04-02,1.6901,-2.5352,-9.9571,-4.9983,-0.2765,-0.3038,-4.8289
2021-04-03,3.9531,-0.1464,-0.0689,2.7652,1.5561,-2.8979,4.7332
2021-04-04,0.4412,-4.4118,0.1150,-1.3824,0.6632,-1.3132,0.8787
2021-04-05,-11.4583,-26.6927,3.0701,-2.8325,-9.3140,-5.4788,-3.5461
2021-04-06,-4.8327,-13.0112,8.7988,-0.5569,-4.1578,-0.0471,-1.8265
2021-04-07,-1.2240,-9.9143,2.1932,-0.7986,-1.2142,-0.2901,-0.3716
2021-04-08,2.2528,-9.6370,-0.1120,0.6315,0.1526,-0.4067,1.0305
2021-04-09,0.5031,-10.6918,-1.9822,0.9332,-1.2047,-2.4929,-0.7779
2021-04-10,3.3810,-11.1834,3.2534,-0.2737,0.8662,-1.5768,-3.4220
2021-04-11,1.8543,-9.9338,3.2981,-0.5239,0.3442,0.9933,-0.3730
2021-04-12,-9.6890,-8.1340,1.5623,-0.9707,-7.6178,-2.0801,-3.1438
2021-04-13,-2.5641,-5.9441,4.7076,-0.5583,-0.3522,2.5882,-0.0376
2021-04-14,-0.1164,-4.8894,-0.5278,-3.0087,1.6271,2.3540,0.4970
2021-04-15,-3.1567,-9.9211,2.9521,1.5032,-2.8392,-0.2245,-0.1132
2021-04-16,3.1395,-7.5581,2.7423,5.3918,3.5517,2.1161,3.0629
2021-04-17,29.5181,15.8133,20.8796,19.0360,28.4287,18.5329,19.1759
2021-04-18,-1.7751,11.6864,2.4483,-5.2013,-2.4232,1.8167,-8.5098
2021-04-19,-15.3942,4.6308,-1.4649,-5.6320,-10.8277,-6.0331,-9.0784
2021-04-20,14.9640,23.4532,16.7125,13.3144,17.8809,8.7461,16.9232
2021-04-21,8.2555,33.8006,0.5541,2.1125,11.6280,3.5778,5.4583
2021-04-22,-0.4651,37.5194,6.7816,10.3000,1.3911,0.9686,2.0497
2021-04-23,0.7812,34.3750,8.9239,7.7775,0.8750,5.8878,2.9836
2021-04-24,7.2027,11.2228,4.8173,2.5938,5.3725,-1.0817,0.7034
2021-04-25,-2.2913,10.6383,-3.6277,-10.8454,-2.6446,-2.2302,-8.9711
2021-04-26,-7.8431,20.5128,13.6241,5.8941,-7.1895,0.8575,2.7083
2021-04-27,-6.3559,-1.8362,12.6806,3.0351,-6.4362,5.5152,0.3228
2021-04-28,-6.9645,-15.6373,7.4382,-0.4662,-7.6903,2.7635,-0.8875
2021-04-29,-3.7927,-18.4576,3.7093,1.8455,-3.7538,-0.1778,-1.6613
2021-04-30,-1.2484,-20.0999,0.4733,2.1231,-2.6575,-1.2748,0.9131
2021-05-01,0.5019,-25.0941,0.0677,-1.9331,-1.8730,-4.8125,-4.3105
2021-05-02,-0.3750,-23.6250,-0.9827,-2.0128,-2.2930,-2.3858,-4.1393
2021-05-03,-2.3199,-19.0476,3.9077,3.2892,-1.5325,-0.6103,-0.2233
2021-05-04,-2.3838,-15.6138,5.0045,4.5993,-1.5974,0.5876,-1.4921
2021-05-05,-0.8274,-10.0473,1.8063,2.2343,-0.8437,-2.1188,0.5977
2021-05-06,5.0932,-1.7391,0.2707,4.8007,5.5941,0.0001,3.3847
2021-05-07,10.5769,10.0275,4.3274,6.5179,9.0086,5.1075,7.7671
2021-05-08,-2.0188,7.2678,2.5003,-3.9106,-3.8984,-4.2675,-5.5067
2021-05-09,-1.7196,5.8201,1.0076,-2.6309,-1.4677,-3.4926,-3.8658
2021-05-10,1.3405,9.7855,8.6067,6.9593,1.8402,2.5715,3.1951
2021-05-11,-4.2362,7.7022,4.8664,3.3065,-3.7033,-2.4235,-2.7164
2021-05-12,0.2574,8.8803,2.6089,-0.8680,-0.5131,-1.5755,0.5389
2021-05-13,8.5196,12.4302,1.8450,4.1656,7.1976,1.4367,6.2316
2021-05-14,-1.9178,-0.2740,-6.5025,-10.1177,-2.1149,-0.6385,-3.2375
2021-05-15,0.2747,2.0604,4.4181,-0.8953,-0.9900,-3.3598,-1.4357
2021-05-16,-1.0870,2.7174,4.1772,-0.8758,-1.7367,-0.5414,-3.3465
2021-05-17,-7.1879,-5.9269,4.4166,1.4100,-6.5225,-0.6300,-3.8094
2021-05-18,7.0175,5.1282,-0.3288,0.9103,7.4639,-0.8601,0.8407
2021-05-19,22.2772,28.2178,-5.7202,12.1181,22.5460,13.9540,0.8523
2021-05-20,9.7826,29.7101,4.9475,6.6785,11.9549,7.2274,4.8069
2021-05-21,-6.2818,23.9389,3.0986,-2.9005,-5.4092,-1.4016,-3.2520
2021-05-22,0.8562,24.6575,13.1168,0.5336,3.4425,6.2055,2.2077
2021-05-23,-3.3113,21.8543,3.2934,-4.9308,-3.4221,-2.6217,-2.3085
2021-05-24,-3.9746,26.0731,10.8644,6.3586,-4.2554,2.5619,5.6933
2021-05-25,-9.1040,7.0809,4.5649,-4.9874,-9.7418,-2.9316,-2.6908
2021-05-26,-1.7045,-13.9205,-3.1957,-6.9435,-2.0882,-0.0054,3.0030
2021-05-27,-13.7255,-32.3529,-10.6088,-9.3176,-15.5082,-13.4500,-9.6891
2021-05-28,-8.0045,-33.5964,-7.8053,-6.1455,-8.4015,-8.4782,-5.2132
2021-05-29,3.0197,-32.1719,1.5327,1.3036,3.2253,0.0888,-0.6459
2021-05-30,2.8674,-27.8375,-0.8731,-0.9485,1.7346,0.3538,-0.8190
2021-05-31,-7.0000,-30.1111,-0.8037,1.5709,-7.0108,-1.5804,-2.0834
2021-06-01,19.5219,-8.1009,15.4021,16.9692,22.2752,15.3360,19.7838
2021-06-02,-7.9462,-13.9364,-7.0494,-5.6809,-5.6364,-6.0221,-9.2017
2021-06-03,-7.3613,-7.5878,-4.6751,-3.5593,-6.1649,-4.7108,-6.1579
2021-06-04,-3.2859,-2.8478,-4.0225,0.7879,-3.2247,-2.4362,-2.7745
2021-06-05,11.2058,4.8721,9.1471,10.2447,9.5619,5.3258,7.8656
2021-06-06,-4.2007,-2.3337,-2.8293,-4.0417,-4.4567,-5.8287,-3.5315
2021-06-07,-17.7543,-13.6276,-10.0662,-7.7029,-15.8259,-13.8929,-10.8777
2021-06-08,-8.3553,-33.7731,-4.6862,-2.7699,-9.2079,-2.8720,-4.4491
2021-06-09,-7.4104,-33.3876,-4.0673,-3.3447,-8.4957,-3.1692,-4.1873
2021-06-10,-4.5101,-31.3375,-8.6628,-7.6960,-4.2732,-7.3657,-5.0944
2021-06-11,12.6095,-20.0525,5.3253,12.2000,13.1448,9.6548,10.6867
2021-06-12,3.6298,-25.4991,-0.5063,-0.9482,1.6626,-3.4429,-4.1686
2021-06-13,13.2580,-11.9219,4.5798,3.8196,13.6495,2.6899,4.2049
2021-06-14,-11.7060,-5.4446,-7.4253,-6.1647,-9.6815,-7.3292,-8.9125
2021-06-15,-2.6502,0.4417,-3.8596,-4.2906,2.8497,-4.7754,-3.9606
2021-06-16,5.1068,14.0204,1.4877,0.1965,7.6076,0.9896,2.4122
2021-06-17,-0.7373,18.5253,-0.5703,-0.4343,1.4119,-2.3441,-1.0872
2021-06-18,-0.4587,4.7706,-2.9983,1.3975,2.3423,-1.9042,0.8099
2021-06-19,6.0311,7.1984,-0.2238,0.4773,7.6478,-3.3766,-9.4778
2021-06-20,5.6526,0.0000,0.4262,1.2992,8.7746,2.3039,-10.2860
2021-06-21,-12.2633,-0.6312,-5.1155,-4.5029,-8.3552,-3.3872,-6.3127
2021-06-22,-5.4561,-3.4953,1.7563,0.3219,-1.9426,2.3402,2.0606
2021-06-23,-5.1738,-12.9345,-0.3235,-0.1952,-4.5167,-0.1236,2.0113
2021-06-24,-1.5127,-13.6146,-2.7368,-1.2161,-1.8019,-1.9122,1.6567
2021-06-25,7.0759,-7.0759,4.8037,9.7828,5.8642,8.1873,7.0068
2021-06-26,4.5455,-8.3779,1.5355,-3.8833,3.4938,-1.0527,-7.1640
2021-06-27,-1.8373,-14.8731,-1.8205,-3.1751,0.1348,-1.3665,-7.1750
2021-06-28,-11.3266,-13.9643,-5.0860,-3.6853,-8.1429,-2.8026,8.1381
2021-06-29,-2.6435,-11.4048,1.5091,2.0925,-0.6855,4.8708,7.6772
2021-06-30,-2.5754,-8.9772,1.1386,0.9002,-1.0074,3.3844,4.8384
2021-07-01,-4.1608,-11.4245,-1.7027,-2.7244,-3.5846,1.0725,2.0092
2021-07-02,0.5674,-16.8085,-1.7073,2.7708,0.0118,1.2621,3.4425
2021-07-03,18.3879,-5.7935,10.5598,9.1379,16.1650,8.8581,4.8481
2021-07-04,4.3821,0.1753,3.1005,0.6681,4.7628,2.3831,-7.4685
2021-07-05,-10.5098,1.0980,-3.7195,-4.1716,-5.4317,-1.5629,-0.0175
2021-07-06,-5.3452,-1.7075,-2.7283,-1.9128,-0.4974,-2.1336,0.6687
2021-07-07,-5.3408,-4.4975,-2.7480,-2.8753,-5.5640,-2.6936,1.4327
2021-07-08,0.2819,-0.0705,0.9954,1.2621,-1.8252,1.0561,7.2989
2021-07-09,4.4150,3.7528,-0.0608,0.3841,0.5659,-1.1916,10.7964
2021-07-10,0.6667,-11.7778,-2.3823,-4.6152,-2.0705,-7.0345,-1.2381
2021-07-11,2.4279,-13.4294,-3.3947,-5.2773,1.0920,-3.5260,-7.7376
2021-07-12,1.5408,-1.7720,-0.7644,-0.3016,3.1753,6.3893,-2.4765
2021-07-13,8.2569,12.3436,5.9144,5.4406,10.7062,8.6112,0.5034
2021-07-14,10.7110,31.3943,9.9637,8.9465,11.6987,9.7750,9.3886
2021-07-15,-3.2172,26.8097,1.4442,3.4254,-3.2370,-0.3948,6.5982
2021-07-16,-11.1199,7.9428,-8.8996,-5.0741,-8.7434,-9.3891,-5.2596
2021-07-17,-2.6295,4.4084,-1.3316,-2.5225,-1.3753,-5.6198,-0.2534
2021-07-18,7.2139,9.2869,0.1928,-0.5716,5.9225,0.7919,-2.3843
2021-07-19,19.6429,28.7698,3.2100,14.1926,18.9208,13.4683,-3.4031
2021-07-20,2.6477,22.0978,3.9138,2.5808,6.1784,7.4720,-1.3944
2021-07-21,-1.9960,8.0838,-2.0273,-3.8476,4.3017,1.8510,-6.3419
2021-07-22,-9.4851,1.0840,-8.7968,-7.9461,-6.2046,-8.1118,1.4113
2021-07-23,-2.4670,10.9251,-1.9318,0.3902,-0.9217,0.3847,28.0481
2021-07-24,0.0882,14.0212,3.1640,0.6610,-1.7676,-2.0473,-25.4193
2021-07-25,-2.4936,3.6973,0.3532,-2.4817,-5.1138,-3.2401,29.9952
2021-07-26,-5.9822,-18.5125,-5.7503,-5.0947,-8.0153,-6.3572,-24.3145
2021-07-27,8.7951,-13.6324,4.6280,6.6254,7.0246,6.2991,-78.2246
2021-07-28,11.0352,-2.1484,5.7734,1.0293,9.5252,8.5469,29.7260
2021-07-29,0.9862,9.1716,0.1121,-1.4410,1.2694,2.3757,10.0273
2021-07-30,-0.4907,11.3837,-2.1867,-1.6593,1.9264,1.6501,-68.5377
2021-07-31,1.5952,13.0608,1.0474,0.2372,2.2619,-0.9460,-33.3276
2021-08-01,4.0456,20.6432,6.1459,5.4900,2.3411,6.6470,-1.8657
2021-08-02,-8.0153,18.0344,-4.8957,-1.9492,-9.6940,-4.6800,-16.5019
2021-08-03,-2.4209,5.8659,1.0250,1.7172,0.0954,2.4760,-3.6351
2021-08-04,-1.6484,-6.2271,-0.3036,-0.3964,-0.1212,-1.0915,0.8812
2021-08-05,-5.0435,-11.8261,-4.0842,-2.6769,-4.9023,-3.6396,1.5630
2021-08-06,-3.2801,-14.2977,-3.8870,-1.2128,-5.4857,-0.6564,6.4453
2021-08-07,6.0660,-10.5263,0.8838,-0.3164,3.7121,0.1322,24.3239
2021-08-08,10.8803,-4.6489,4.1356,3.9169,7.6856,6.4993,23.9459
2021-08-09,-3.9886,-0.4748,0.0302,1.8244,-5.4401,-0.1498,7.9443
2021-08-10,-5.7296,-3.8496,-0.5581,-1.1040,-5.0546,1.5086,-3.1617
2021-08-11,-4.2024,-6.3465,-0.8148,-1.4491,-4.7715,-0.1427,1.6927
2021-08-12,-2.7523,-4.0867,-2.5163,-1.5210,-4.1116,-2.3846,0.8273
2021-08-13,-1.7213,-2.5410,-2.2142,-0.3157,-3.7163,0.0277,-6.9028
2021-08-14,3.7415,-4.6769,1.5530,-0.2700,0.2791,-0.6724,0.0027
2021-08-15,9.7015,-5.6903,0.9791,3.2154,7.1895,5.1064,8.7858
2021-08-16,-13.8956,-15.4217,-8.6742,-8.3370,-12.8992,-9.1693,-3.1119
2021-08-17,-7.0202,-16.5795,-5.0910,-4.3183,-5.1015,-5.6246,-8.3581
2021-08-18,-0.5201,-13.3730,-1.1277,-0.2055,-0.9433,-2.1809,12.6069
2021-08-19,-0.2963,-11.1852,-5.7475,-4.3932,-3.4169,-1.9581,7.2743
2021-08-20,16.0791,4.9011,7.0538,6.7133,11.9605,9.5481,26.2185
2021-08-21,14.6943,15.9763,4.9172,4.8245,13.7844,5.2256,11.5797
2021-08-22,6.7368,12.8421,4.6073,0.8812,9.5399,7.2500,12.4890
2021-08-23,-14.0271,12.6697,-5.9107,-5.0992,-8.7138,-5.0479,-12.6306
2021-08-24,-7.8399,11.6764,-3.5886,-2.7552,-1.6343,-3.3867,-6.8199
2021-08-25,0.9259,13.2997,5.2824,5.1951,2.6659,4.0284,4.6493
2021-08-26,1.4518,15.2861,4.2538,2.9744,0.7566,0.2153,3.5315
2021-08-27,-0.6785,-1.3571,-0.2747,0.0748,-0.6202,-0.4786,4.7904
2021-08-28,2.7899,-11.5955,0.1225,-1.1427,2.2421,-3.2471,-3.3873
2021-08-29,5.0366,-13.0037,-0.3113,-2.1912,6.3180,-1.5906,-2.3894
2021-08-30,3.1161,4.3437,-0.4766,1.0133,6.2445,3.1869,1.3289
2021-08-31,1.2428,14.6272,3.5080,2.6324,6.0389,0.1709,2.0090
2021-09-01,13.4490,28.8503,13.4622,11.7114,16.3256,10.8608,8.6775
2021-09-02,-3.8582,22.1064,3.4319,2.3079,-4.3978,1.2833,-5.9511
2021-09-03,-6.6212,14.8004,-5.2334,-5.0412,-5.8338,-4.4722,-8.8265
2021-09-04,4.9030,17.1604,2.2985,-0.7790,5.5816,1.5088,-7.6148
2021-09-05,1.5560,13.2780,2.4971,0.4106,0.0189,-0.2199,-7.0240
2021-09-06,-13.8517,-5.3619,-5.5404,-4.3522,-12.3239,-5.9560,-7.1836
2021-09-07,-1.9281,-8.3260,-1.6965,-3.3906,0.1743,-2.6015,-0.5805
2021-09-08,4.5830,-15.4904,3.3803,3.0106,4.9581,3.8099,6.2177
2021-09-09,-0.3653,-12.4201,-1.1529,-3.2225,-0.8309,-2.2022,0.3324
2021-09-10,1.6713,-4.6425,-2.8403,-2.2064,1.4817,-1.5231,-0.3651
2021-09-11,20.6047,9.6305,11.4123,9.3540,21.5192,7.3770,11.6385
2021-09-12,4.8122,13.1455,2.4065,-2.3630,7.6471,2.7885,1.6576
2021-09-13,-10.5042,17.5420,0.4049,-2.1153,-5.5583,3.1080,-3.5492
2021-09-14,-1.9567,17.5077,3.0595,0.6851,2.5390,3.1355,2.5560
2021-09-15,-4.1461,7.6999,-0.1599,-1.0164,-2.4852,-1.8250,-2.6361
2021-09-16,3.8974,12.3077,4.7378,5.8250,4.9892,3.9466,2.5829
2021-09-17,5.6338,16.6847,2.0315,1.0121,4.5052,-0.4764,5.5385
2021-09-18,1.2061,-2.0833,-0.6719,-3.7538,-0.2517,-5.0143,-2.5698
2021-09-19,-1.9355,-8.3871,-2.5733,-4.2807,-2.0001,-1.2007,-6.0720
2021-09-20,-12.6761,-10.6103,-6.8384,-6.7748,-11.4374,-4.3889,-6.7508
2021-09-21,-1.7528,-10.4244,-1.4337,-1.1122,-1.7900,-1.8672,-0.5083
2021-09-22,8.0758,0.9970,3.1253,2.2930,4.6259,3.8138,4.8445
2021-09-23,1.4156,-1.4156,-0.8865,-1.8957,-3.5907,0.2043,-0.1237
2021-09-24,1.3320,-5.4303,-0.6828,-0.2995,-2.4052,0.6358,2.5126
2021-09-25,3.2804,-3.4921,0.3820,-0.9840,-0.4154,-3.3024,-0.3271
2021-09-26,4.7672,3.1042,-0.4761,0.0792,3.1995,-1.4447,1.3758
2021-09-27,-12.0858,3.8012,-4.6305,-5.7285,-9.4352,-1.1695,-5.9601
2021-09-28,-4.5581,0.8372,-2.1414,-2.3519,-2.7137,-1.8078,-1.6917
2021-09-29,-2.0055,-8.5688,-3.4642,-1.7385,-3.6647,-2.6632,-1.8856
2021-09-30,-0.8137,-10.5787,-1.4672,-1.0756,-2.2009,0.2646,-1.5137
2021-10-01,-0.8072,-12.4664,-2.3441,-0.1848,-2.5805,0.5901,0.7909
2021-10-02,13.8917,-3.4729,5.9320,5.9318,11.9142,9.1335,6.7233
2021-10-03,-3.6417,-11.2205,-3.8938,-4.0980,-4.3421,-4.4285,-4.1853
2021-10-04,-8.4685,-7.5676,-3.5073,-2.2269,-3.6645,-0.4745,-1.9801
2021-10-05,-1.2456,-4.3594,-1.0998,-0.8567,0.3170,-1.4459,-1.2211
2021-10-06,1.2613,-1.1712,0.8245,0.3318,-0.4331,-0.1250,-0.9437
2021-10-07,3.7383,3.3645,0.5759,1.8769,1.9393,-2.6052,2.0946
2021-10-08,3.0829,7.4181,1.4885,2.6383,2.3172,2.0526,4.5047
2021-10-09,7.1207,1.0320,4.9677,2.9711,4.4279,1.2634,3.5568
2021-10-10,2.8662,7.8556,0.5074,0.1280,3.9440,-1.6461,-2.6684
2021-10-11,-7.5564,8.9303,-3.0701,-1.9125,-1.6276,-3.1470,3.3973
2021-10-12,0.3941,10.7389,1.5821,0.9644,4.4694,0.3454,0.7333
2021-10-13,6.3941,16.3522,2.9793,3.5151,7.6373,-0.2707,4.5478
2021-10-14,7.1910,20.2247,1.9583,4.4520,7.5676,1.1222,3.6504
2021-10-15,13.6654,32.5670,4.8076,2.7543,11.8049,10.6461,7.8503
2021-10-16,-7.3373,14.6746,-3.5935,-4.9025,-11.4429,-7.1914,-7.7140
2021-10-17,5.4931,17.6030,3.4859,0.8180,3.1753,5.2450,0.1365
2021-10-18,6.2334,35.1459,4.2955,8.5849,5.2726,6.4250,-6.6046
2021-10-19,4.0000,40.0000,1.2147,-2.8667,3.7959,1.5492,-8.1251
2021-10-20,-3.3333,27.2000,2.6309,5.8098,-4.8902,-2.7262,0.1129
2021-10-21,3.1637,22.4209,2.1820,6.1473,1.3369,2.4167,1.3023
2021-10-22,-2.0216,5.5256,-3.3921,-1.6339,-4.0722,-3.9107,0.7415
2021-10-23,1.2278,15.2797,-0.3091,-2.9099,-4.4144,-6.1437,-1.2354
2021-10-24,7.0073,16.9343,1.8173,0.6776,2.5171,1.5669,2.3753
2021-10-25,-0.5806,9.4340,4.7906,3.8197,-2.1926,3.0898,2.3652
2021-10-26,1.0264,6.3050,2.7774,1.2353,-0.5078,0.7606,-2.1891
2021-10-27,2.4024,12.6126,2.7154,2.7515,0.9655,0.3419,-2.7282
2021-10-28,2.4615,11.8462,1.7381,2.0297,0.8326,2.3758,1.7153
2021-10-29,-1.9608,11.9155,-3.3498,-1.6700,-4.0734,-1.5595,9.9264
2021-10-30,8.1566,19.5759,4.4653,2.2370,2.2719,2.4447,16.5006
2021-10-31,0.6568,12.4795,-2.5604,-4.5486,-1.4156,-5.0701,-4.7439
2021-11-01,-6.8807,5.3517,0.3261,-2.7575,-9.0712,-2.2601,-2.9260
2021-11-02,0.1531,4.4410,2.5174,0.5013,-4.9127,0.6482,-36.7236
2021-11-03,3.6508,5.7143,4.0488,2.5157,-0.1092,3.2330,-13.3535
2021-11-04,13.1059,16.6966,2.8801,1.9425,10.0003,12.8624,21.5539
2021-11-05,7.5290,27.9923,9.9242,14.4069,10.2234,10.1112,9.1335
2021-11-06,-0.3846,17.8846,-0.7767,-0.6560,1.7839,-6.7688,-4.3427
2021-11-07,-5.1095,11.1314,-6.2576,-6.7711,-4.9767,-8.5636,-9.0925
2021-11-08,-8.6667,9.0000,-0.3917,-3.3434,-10.4094,-2.5998,-4.4954
2021-11-09,-4.3062,4.1467,-1.1038,-3.6698,-7.6065,-4.1468,-2.9055
2021-11-10,3.1250,3.6184,2.7958,3.1232,-1.9187,1.1612,4.5834
2021-11-11,-0.9772,-9.2834,-3.7469,-1.2970,-3.2935,-2.4374,-0.6914
2021-11-12,-2.0734,-17.3844,-6.5235,-2.5173,-4.8807,-1.6568,-0.4029
2021-11-13,6.6327,-11.5646,-1.2204,0.2660,3.3530,2.1234,0.9840
2021-11-14,1.9064,-5.0260,-5.4791,-2.3765,2.0734,-1.7693,-3.7395
2021-11-15,-5.2545,-1.4778,-0.0808,-0.3837,-3.9163,1.1677,-0.0262
2021-11-16,0.4950,3.4653,1.4953,1.4645,0.1658,2.6653,3.2908
2021-11-17,-4.5669,-4.2520,-5.1937,-4.4277,-4.8728,-3.3243,-2.2546
2021-11-18,2.0900,-1.2862,0.4974,2.3888,0.2638,1.9913,4.1716
2021-11-19,0.6472,1.4563,-10.2261,-7.6305,-0.5320,0.0182,-0.4047
2021-11-20,6.3683,1.2048,4.0601,4.5523,4.2695,0.2104,1.9469
2021-11-21,-1.5254,-2.2034,-4.7873,-3.9271,0.3893,-6.8277,-4.5473
2021-11-22,-3.1199,0.0000,3.5404,2.2993,-1.8327,1.7568,4.2703
2021-11-23,-1.6155,-2.1002,0.8274,-0.2205,-1.7416,-0.3762,0.6825
2021-11-24,-0.4823,2.0900,0.7769,0.4510,-1.8217,-0.1503,2.0829
2021-11-25,-0.1605,-0.1605,-1.0276,0.2879,-0.9721,0.0525,-0.0231
2021-11-26,-2.6563,-3.4375,-4.6397,-1.8652,-4.8593,-3.2791,0.1835
2021-11-27,5.9603,-3.8079,0.7746,0.6979,2.5012,0.0459,0.6768
2021-11-28,2.7211,0.3401,-1.2055,-0.8158,2.3070,-1.1759,-0.2352
2021-11-29,-4.7002,-1.2966,0.3803,0.6455,-2.9978,0.1498,0.0470
2021-11-30,-1.2800,-0.9600,1.1186,-1.0455,-1.1027,0.0014,1.2124
2021-12-01,-0.9509,-1.4263,-1.0817,-2.7067,-1.2555,0.0699,-0.2863
2021-12-02,-0.3160,-1.5798,-2.5950,-1.3168,-1.4652,-0.4625,-0.5741
2021-12-03,-1.4019,-0.3115,-1.7761,-0.2648,-3.7817,-1.0539,1.3219
2021-12-04,5.5921,-0.6579,1.4418,1.0596,2.4390,0.1474,3.2074
2021-12-05,3.2258,-0.1698,-0.7170,-0.7354,3.9892,-0.1159,2.5769
2021-12-06,-5.3055,-0.8039,2.4807,0.8262,-2.9328,-0.4401,-0.0371
2021-12-07,-2.5078,-2.0376,-0.0074,-0.8480,-2.2265,-0.9750,0.9901
2021-12-08,-0.7776,-1.8663,-0.5451,0.4061,-0.8620,0.7853,1.5592
2021-12-09,-0.1553,-1.7081,-1.5154,0.6606,-0.3868,0.2018,-0.0915
2021-12-10,-2.4242,-2.7273,-4.7809,-1.5093,-3.9885,-1.9257,0.0211
2021-12-11,4.2654,-3.9494,-1.1050,-0.2626,0.2199,0.6306,-0.0636
2021-12-12,5.3245,-1.9967,0.1108,0.6199,4.0377,2.9862,5.2318
2021-12-13,-7.3960,-4.1602,-1.4379,-1.8766,-4.8458,-1.0258,-2.4845
2021-12-14,1.4063,-0.3125,4.4363,3.2485,1.4298,2.8982,2.2323
2021-12-15,-3.4691,-3.0166,-0.8767,-2.1968,-2.2079,-1.2846,-1.7155
2021-12-16,-1.0448,-3.8806,-0.7635,0.0261,-0.5013,0.5812,-1.8136
2021-12-17,-3.3189,-4.7619,-4.0991,-0.7837,-5.3568,-0.7022,-1.7863
2021-12-18,3.7425,-5.2395,0.1190,0.3468,-2.1733,-0.4750,-0.4427
2021-12-19,4.5383,-5.9468,0.9524,1.7560,1.0749,3.3977,3.0944
2021-12-20,-11.3731,-9.9861,-3.2690,-5.3107,-10.0406,-4.8123,-6.1378
2021-12-21,-0.4144,-11.6022,1.8783,0.4270,-0.1353,0.4079,1.5499
2021-12-22,0.6954,-7.7886,1.7472,0.9345,0.6554,0.0484,1.2432
2021-12-23,-0.1389,-6.9444,0.2214,0.0843,1.1713,-0.4574,-0.5775
2021-12-24,-1.7735,-5.4570,-2.4414,-2.2975,-1.3377,-1.2629,1.1408
2021-12-25,7.7941,-1.7647,-4.8316,-1.8119,4.7617,1.4648,-0.1977
2021-12-26,5.1005,-1.2365,0.2574,2.4136,4.3355,2.9736,1.4175
2021-12-27,-4.1481,6.8148,4.7562,1.6650,-0.3188,3.1027,3.1677
2021-12-28,-4.5262,2.4045,0.3456,-2.0745,-0.5593,-2.5268,-4.1890
2021-12-29,0.8559,2.5678,2.6792,1.8787,1.8344,1.5185,0.5329
2021-12-30,0.8633,3.5971,1.8698,2.8892,2.4945,2.1770,0.5747
2021-12-31,-6.0811,-0.9459,-5.3196,-4.2407,-4.9338,-3.2488,-3.8303
2022-01-01,4.9645,-3.5461,1.8060,0.3176,1.8447,0.9571,2.3687
2022-01-02,6.3348,-2.4133,3.4942,2.9799,6.0505,4.1023,4.4850
2022-01-03,-7.6602,-5.9889,0.6335,-2.5500,-3.8375,-1.6927,-0.3151
2022-01-04,2.5714,1.0000,5.7388,3.5745,5.7702,2.7149,4.7709
2022-01-05,-4.6322,-4.4959,-4.6933,-7.4242,-2.0778,-4.5641,-4.4404
2022-01-06,3.0899,-2.3876,2.6090,3.2346,4.0932,1.5650,0.6983
2022-01-07,-1.1111,2.7778,-2.2200,0.8304,-0.5378,-0.5412,-0.4128
2022-01-08,24.1379,21.5517,16.6237,12.9734,21.3474,17.1582,16.1698
2022-01-09,-3.1720,10.6845,-6.2061,-4.5628,4.0945,-0.1642,-7.0067
2022-01-10,-17.2652,-0.8287,-7.5260,-8.4874,-12.6579,-8.3190,-10.8027
2022-01-11,-1.6304,-4.8913,0.7414,0.7115,-2.4040,-2.0751,0.1534
2022-01-12,0.6840,0.4104,3.0553,2.5526,-0.6539,0.2125,3.9567
2022-01-13,-2.9216,-5.4449,-2.7053,-2.2179,-3.0699,-2.8566,-3.4677
2022-01-14,-5.2830,-9.4340,-5.9450,-2.9948,-6.9853,-4.0442,-4.2583
2022-01-15,18.8341,-13.3034,12.8155,14.1579,12.2485,11.3456,11.5822
2022-01-16,0.7530,-9.7892,0.0917,-0.3702,3.0349,-0.4995,-3.6929
2022-01-17,-14.8718,-7.1795,-5.5816,-7.4768,-8.9141,-6.0595,-7.6671
2022-01-18,-2.2556,-7.7694,1.1525,0.3073,-1.5739,-4.2338,-2.9821
2022-01-19,0.2513,-8.1658,1.8703,1.1462,-1.4708,-2.7585,-0.3272
2022-01-20,2.4453,-3.0888,2.7640,2.7249,1.1213,-0.2744,1.5642
2022-01-21,-1.7699,0.5057,-1.7123,-1.7057,-4.7334,-1.4870,-2.0131
2022-01-22,17.0118,-1.0355,7.1708,8.7880,9.3075,5.6655,10.8122
2022-01-23,0.8955,-0.8955,-2.5635,-1.3704,1.6085,-0.6510,-1.8263
2022-01-24,-14.2125,-0.1280,-5.1855,-6.8932,-9.3662,-5.4402,-7.4717
2022-01-25,-3.2218,-1.1152,-1.3699,-1.6432,-3.5396,-5.2773,-5.2622
2022-01-26,16.6185,15.0289,8.9675,7.6534,13.0753,13.6933,1.5939
2022-01-27,-8.7071,2.5066,-4.8965,-2.5661,-5.5459,-6.2102,-3.5128
2022-01-28,-3.3163,0.8929,-2.3744,-1.6481,-6.7616,-3.1257,4.2195
2022-01-29,9.1922,-5.8496,4.3258,3.4936,0.1880,-2.8948,3.1620
2022-01-30,4.6647,-2.3324,1.9671,0.5939,2.6909,-1.8334,2.3230
2022-01-31,-4.1899,9.0782,5.8458,1.7653,0.5092,4.6608,7.0709
2022-02-01,-2.5850,9.7959,1.3883,-1.2960,0.4862,-2.4343,-3.8164
2022-02-02,0.1362,-5.7221,-0.3567,-0.3943,-0.5221,-2.3807,0.0824
2022-02-03,-3.5480,-0.3942,-6.1695,-8.8330,-4.5402,-5.1130,-4.2113
2022-02-04,-1.6796,1.2920,-3.6205,0.3949,-4.9308,-1.4309,0.5600
2022-02-05,6.4649,-1.2380,1.5754,1.6062,0.3766,-0.8719,-1.3645
2022-02-06,7.7037,1.6296,3.6818,3.5006,6.4971,3.9952,4.3941
2022-02-07,-2.4566,3.4682,4.5857,2.6862,2.2042,3.2392,8.8721
2022-02-08,-0.5747,5.6034,2.3684,0.4212,2.9686,-0.9186,-0.4555
2022-02-09,0.8696,6.3768,-0.0321,0.2666,2.0996,1.2135,3.2427
2022-02-10,1.7699,12.2419,1.6751,2.4124,3.7855,2.8660,1.6202
2022-02-11,-2.1645,11.6883,-2.6192,-1.2839,-1.1526,-0.4819,-0.8611
2022-02-12,8.1123,13.4165,3.3976,2.5208,4.1279,1.9561,-1.0230
2022-02-13,4.2276,9.7561,0.1779,-0.2425,4.3492,1.4442,1.4934
2022-02-14,-5.5300,6.2980,1.7305,-0.0431,-2.2306,0.8889,-1.5316
2022-02-15,-0.4587,6.4220,2.7841,0.3042,1.5442,0.1036,0.0833
2022-02-16,1.7107,7.3095,1.8989,1.8644,2.0792,0.8321,1.6431
2022-02-17,0.0000,5.4432,-0.7263,-0.1560,0.7501,0.5854,-0.3387
2022-02-18,-1.9817,5.6402,-4.1862,-1.6240,-2.7664,-0.5843,-0.7052
2022-02-19,7.5410,5.0820,-0.1760,0.9025,2.4839,0.6716,1.2803
2022-02-20,2.6936,3.5354,-2.8091,-1.5868,2.1508,-0.6395,-2.9653
2022-02-21,-3.2573,6.0261,4.0320,2.4755,-1.0356,3.1976,1.6924
2022-02-22,-2.8481,3.4810,-0.3153,-2.2578,-2.2965,-1.5995,-1.4424
2022-02-23,-2.9186,-1.2289,-2.1039,-3.3342,-4.0828,-3.1866,-2.0240
2022-02-24,1.0870,-0.1553,-0.4648,1.2758,-1.6989,1.2322,-0.3087
2022-02-25,-1.6794,0.1527,-4.2497,-1.2749,-5.5231,-0.4749,-0.3598
2022-02-26,5.9871,-1.2945,-1.1097,-1.3237,-1.0181,-1.2630,-6.8974
2022-02-27,4.7458,0.6780,-1.2976,0.4606,2.2951,0.9271,-3.7027
2022-02-28,-6.4976,-2.6941,-1.0453,-2.9848,-4.4754,0.0474,-1.4511
2022-03-01,3.4426,3.6066,-3.2829,-8.4678,2.8339,3.6476,-8.0466
2022-03-02,-3.4810,3.0063,-0.0128,1.0627,-3.9481,-2.2380,1.3868
2022-03-03,-2.6194,-0.7704,-1.9773,-1.0714,-5.4489,-2.9683,-2.3615
2022-03-04,-0.6126,0.3063,-2.5435,-0.6869,-6.2535,0.7379,0.8348
2022-03-05,8.1126,2.3179,2.5196,2.3161,1.0196,0.3367,-0.0372
2022-03-06,0.8347,-1.5025,-2.7071,-2.9285,-0.0194,-2.3317,-3.6393
2022-03-07,-6.2598,-1.2520,2.5310,-0.1471,-5.3505,-0.8084,-1.5140
2022-03-08,-2.5915,-7.0122,-0.4277,-1.5253,-3.7850,-2.6899,-1.6058
2022-03-09,3.6335,-0.1580,4.0093,4.5826,0.7475,3.5498,5.0514
2022-03-10,-3.7994,-1.3678,-3.9081,-2.8797,-5.3597,-2.9010,-3.7613
2022-03-11,-1.7910,-2.5373,-5.3237,-0.9068,-5.5748,-1.2521,1.1738
2022-03-12,5.0157,-5.3292,-2.5534,-0.1191,-1.5049,-2.6542,-1.3992
2022-03-13,2.2436,-4.0064,-3.3235,-0.9576,0.8830,-1.4996,-3.0355
2022-03-14,-9.5652,-7.3913,-3.0790,-2.7883,-6.5102,-2.7929,-1.3160
2022-03-15,-5.6088,-10.2599,1.5578,-3.0637,-4.4055,-4.9216,-0.6718
2022-03-16,-2.4032,-15.4873,1.4941,-0.3964,-3.0471,-0.8991,1.3096
2022-03-17,1.7663,-10.5978,3.1460,2.1112,1.2871,3.1897,4.9498
2022-03-18,20.0653,9.2985,14.0214,11.6623,18.4098,21.9191,18.8069
2022-03-19,-12.4286,-8.8571,-7.3491,-9.7200,-10.1679,-10.9166,-6.2255
2022-03-20,-5.6604,-15.9030,-5.0488,-5.8408,-8.4471,-3.9487,-5.8956
2022-03-21,-11.4558,-17.6611,-5.3763,-4.6716,-9.8396,-6.4329,-3.9049
2022-03-22,0.0000,-12.7685,1.9855,1.7280,8.2772,1.2595,4.2430
2022-03-23,0.2392,-10.4067,-0.1295,1.9120,4.6833,-1.2249,4.5033
2022-03-24,-0.3576,-12.2765,-1.2685,0.0761,0.6800,-1.5672,2.1094
2022-03-25,-1.2941,-27.8824,-8.1013,-2.0799,-1.1497,-3.1004,1.9309
2022-03-26,0.1178,-17.5501,-4.9731,-4.8776,-2.5098,-5.9741,-6.9628
2022-03-27,9.6899,-4.1344,6.0322,6.9854,9.4677,7.4269,7.1816
2022-03-28,-8.6187,-1.0626,0.4782,0.2561,-2.5023,-3.9691,-4.9885
2022-03-29,-4.9383,-5.9484,-1.8572,-1.0168,1.4552,-3.3214,0.8521
2022-03-30,-3.7797,-9.7192,-2.5085,-1.1267,0.2979,-3.5049,-0.5950
2022-03-31,-2.4236,-11.5911,-2.4249,1.1806,1.7355,-2.6653,0.1342
2022-04-01,1.8240,-8.7983,-1.8838,-0.0756,5.4653,-0.0093,3.5816
2022-04-02,3.9019,-5.3512,-0.4114,1.6825,4.4880,-2.2727,-1.7791
2022-04-03,2.7491,-11.3402,0.9748,2.0355,5.7373,1.4793,-0.3388
2022-04-04,-7.6190,-10.3704,-3.1955,-1.2279,-1.1541,-2.7875,-0.5169
2022-04-05,-1.2539,-6.8966,0.1188,0.9380,4.2322,-0.4132,0.7681
2022-04-06,-2.2472,-5.4137,-0.4454,0.6818,1.2784,-1.2824,-0.7943
2022-04-07,-1.5091,-4.5272,0.1781,1.7093,1.9577,1.0773,-0.6061
2022-04-08,-2.4534,-8.5378,-0.6828,0.3499,-1.0394,1.6290,-0.0913
2022-04-09,1.1917,-10.9235,1.2064,0.0497,0.1114,-0.0677,-4.0679
2022-04-10,2.2335,-11.3706,1.7448,-0.2477,2.3157,2.5094,1.2369
2022-04-11,-9.4669,-13.1434,-3.3198,-1.1086,-6.9583,-2.4014,-5.0440
2022-04-12,-1.0909,-13.0000,0.2703,-0.8678,1.9509,1.7088,-1.8148
2022-04-13,1.1029,-10.0184,1.2921,0.9439,2.9899,2.6382,-2.3113
2022-04-14,3.1280,-5.7820,-2.5911,-1.1905,5.4581,3.6526,-9.6603
2022-04-15,0.7641,-2.6743,-5.6008,-2.0344,2.6641,1.0216,-4.5359
2022-04-16,1.3553,-2.5169,0.9109,0.1844,1.6765,-2.3158,1.3203
2022-04-17,1.5733,-3.1465,1.1845,0.1556,1.9665,0.0839,-0.6814
2022-04-18,-9.6803,-3.3748,-2.1342,-0.8472,-7.2405,-2.5589,-1.3129
2022-04-19,-2.5952,-4.8443,2.3703,1.0397,-2.1195,1.5970,5.3121
2022-04-20,-0.3448,-6.2069,2.4432,1.6235,-1.2699,2.0414,7.4652
2022-04-21,3.3868,-5.9715,-1.2377,-3.1658,2.0732,1.8781,2.8429
2022-04-22,14.0244,6.4024,9.5128,11.8077,12.6937,11.6156,14.6385
2022-04-23,-6.1964,-1.5253,-6.2169,-9.8134,-5.0523,-9.4207,-4.4763
2022-04-24,3.1465,0.0000,1.0801,-0.0518,4.7831,2.7926,-2.4651
2022-04-25,-8.6253,1.1680,-1.6869,-1.0213,-5.7001,-1.7286,-2.5363
2022-04-26,-2.2827,1.4925,0.7974,-0.5109,-1.5978,-1.4002,4.4213
2022-04-27,-2.3156,-0.5146,-0.9143,-0.8686,-4.0216,-2.9401,-0.3165
2022-04-28,-3.7954,-7.4257,-0.6044,-0.5988,-6.2058,-1.1347,-2.9369
2022-04-29,-2.0210,-20.4527,-1.2101,0.2756,-4.9839,1.1771,-1.4381
2022-04-30,1.8107,-13.6626,1.5150,-0.6859,-0.6361,0.7077,-0.5249
2022-05-01,3.2285,-13.5939,-2.9359,-4.0366,2.0636,-1.4195,-5.0771
2022-05-02,-6.1404,-11.2440,-4.4680,-0.6797,-5.9815,-3.4785,-4.5762
2022-05-03,7.4550,-2.3993,3.3835,2.6971,8.1032,7.2275,3.3907
2022-05-04,-1.5190,-1.6034,-2.3943,0.0952,-0.2119,-1.9527,-7.1407
2022-05-05,14.1618,16.7630,11.3230,11.2307,13.5221,12.0416,11.0148
2022-05-06,-8.3848,9.1792,-5.2069,-6.7748,-7.8109,-6.4558,-9.7068
2022-05-07,2.3487,9.7561,3.3490,0.1468,1.1927,-1.1560,0.5005
2022-05-08,0.6364,7.0000,0.4693,-1.4629,0.5876,-1.2760,-0.3251
2022-05-09,-10.1307,2.4510,-3.1553,-0.8904,-8.8736,-3.1492,-2.7488
2022-05-10,-2.7800,-7.3074,-0.3783,0.4353,-2.8537,-0.5971,2.5331
2022-05-11,-3.0046,-8.7057,-1.0322,-0.5092,-4.3202,-2.5682,0.5253
2022-05-12,-4.6990,-23.7885,-3.9813,-2.6852,-6.5081,-2.9962,-1.6662
2022-05-13,0.2946,-16.5685,-1.1929,1.2807,-2.9903,0.7136,0.3057
2022-05-14,3.9021,-15.3022,1.9257,1.2007,-0.6856,1.5974,3.0136
2022-05-15,4.0605,-12.4204,4.6905,1.6151,1.3963,4.0152,4.7158
2022-05-16,-3.9755,-6.4220,-3.8079,-3.3526,-2.5865,3.3516,-3.6363
2022-05-17,-1.5060,-5.1958,-4.0056,-4.7112,-0.1610,-1.3648,-8.2692
2022-05-18,-2.3529,-4.5588,-1.4855,-1.3061,-1.6902,-3.1198,1.3590
2022-05-19,-1.5206,-1.3758,-0.1740,-0.4136,-1.8671,-1.1364,0.8722
2022-05-20,3.2909,1.5707,4.5350,4.6471,1.7409,8.0947,6.6761
2022-05-21,3.5631,1.2393,1.6084,-3.3617,0.9264,1.0136,0.9613
2022-05-22,12.1633,9.1225,6.6241,4.4360,11.7187,6.4203,4.8136
2022-05-23,16.0282,31.8548,3.5893,2.1421,20.2478,7.5738,-52.6952
2022-05-24,8.8913,45.7739,6.8160,7.2900,14.9787,7.2992,2.0565
2022-05-25,-9.1725,35.5932,-4.4498,-7.9852,-4.8976,-7.0663,-4.2318
2022-05-26,-5.0189,30.7765,-1.1597,-0.8232,0.7981,0.4538,0.9782
2022-05-27,-7.2871,17.3837,-3.1538,-0.4404,-5.4757,-4.0730,3.7097
2022-05-28,-3.8007,9.0372,-0.5473,-3.2080,-4.0154,-5.1660,-2.6297
2022-05-29,0.0000,-2.7872,-0.2169,-0.9149,-0.2697,-1.8500,1.5761
2022-05-30,-1.8242,-17.7446,1.1943,5.4530,-1.9444,0.5790,11.4847
2022-05-31,0.5000,-24.0833,-0.3249,-0.2984,1.5370,-0.3952,8.0559
2022-06-01,-2.8340,-18.7854,-2.1834,-2.6875,-2.9145,-3.4305,2.3161
2022-06-02,-4.1893,-18.0760,-3.5751,-2.0276,-4.9010,-2.7646,-1.4031
2022-06-03,-1.2261,-12.7203,-1.0381,1.2018,-1.3883,-0.8910,3.9116
2022-06-04,0.8501,-8.5008,0.1298,-1.1152,-1.9262,-4.6815,1.3237
2022-06-05,2.8617,-5.8824,1.6532,0.8957,1.2471,0.9301,3.3259
2022-06-06,-6.8148,-10.6667,-2.8549,-0.1288,-8.4941,-3.2417,7.4424
2022-06-07,-2.3861,-13.2321,-0.2595,0.8940,-2.0167,1.2994,2.1565
2022-06-08,-0.8602,-11.4695,0.9827,-0.5784,-1.2500,3.3696,5.8150
2022-06-09,-2.0365,-9.4803,-1.6131,-1.1376,-3.0083,0.5465,1.9093
2022-06-10,-2.0633,-10.2476,-2.3323,-0.4873,-2.3925,-0.7395,1.6901
2022-06-11,4.1547,-7.3066,2.8547,2.6867,3.0426,1.8053,2.5082
2022-06-12,2.9499,-7.2271,0.1769,0.6301,1.1708,-1.0701,-2.1625
2022-06-13,-9.7804,-10.1796,-5.4101,-3.2446,-10.7885,-5.1078,-0.5674
2022-06-14,4.2302,-4.0915,1.1189,-2.5024,4.7605,4.2768,5.5064
2022-06-15,-0.7571,-3.9917,-0.8702,0.0330,-1.6645,-1.0025,2.2119
2022-06-16,3.6377,1.5692,1.9297,0.0594,3.0964,3.7216,7.2653
2022-06-17,11.7131,15.8566,1.2448,-0.8749,11.8681,2.9103,5.9852
2022-06-18,15.5617,28.5451,8.6048,4.2540,14.0741,5.2422,7.8163
2022-06-19,10.1420,37.5254,-1.0677,-0.8492,9.7791,-3.5566,0.7338
2022-06-20,-6.0952,43.1429,-2.4460,-2.1544,-3.1868,-2.5162,-2.6337
2022-06-21,-2.5070,33.8904,-0.3645,-2.1435,4.9838,-1.1069,0.9924
2022-06-22,-4.0962,29.3856,0.0764,0.0590,-1.8843,-1.4369,-0.1553
2022-06-23,-2.7706,21.3853,2.3495,2.8165,-1.7077,1.8184,-1.7424
2022-06-24,-0.6879,7.9106,-0.3845,3.5543,-1.1996,-0.9423,-0.1585
2022-06-25,-0.4281,-7.0205,-0.3003,-2.2360,-2.4547,-2.0605,-2.0687
2022-06-26,-8.5356,-22.7878,-7.8362,-9.4698,-8.4274,-7.2678,-11.0061
2022-06-27,-12.1733,-27.7854,-7.3939,-4.8785,-10.8001,-5.2487,-1.6459
2022-06-28,-5.2769,-29.8371,-5.6972,-3.7291,-4.2810,-5.6886,0.0436
2022-06-29,0.4581,-26.5052,-1.5468,0.5323,-0.2484,0.3520,1.2183
2022-06-30,23.7247,-6.4777,10.2793,10.3322,22.0311,13.0337,17.3143
2022-07-01,9.4858,3.1028,1.7261,2.0526,6.9433,3.2455,2.4530
2022-07-02,3.3914,7.0577,2.8773,0.0125,4.4620,2.0809,-7.6817
2022-07-03,-2.9359,13.6121,-6.1516,-7.3847,2.0438,-4.1652,-8.4868
2022-07-04,-13.6713,11.6743,-8.2878,-5.6164,-9.1949,-3.2655,-4.4771
2022-07-05,-7.3969,9.1750,-3.5000,-3.4707,-4.7278,-2.0658,-0.6814
2022-07-06,-3.5665,4.8011,-4.5846,-2.7733,-5.7429,-4.6450,-0.0788
2022-07-07,-2.2133,-17.1697,-4.0428,-1.5515,-5.8928,-0.9525,-2.7390
2022-07-08,-0.1340,-24.4474,-1.8235,-0.3118,-5.5569,2.1273,0.8921
2022-07-09,8.8986,-20.4230,1.8837,-0.3533,4.0173,2.4780,2.0740
2022-07-10,17.5815,-3.6021,4.2894,6.2962,14.2610,7.8566,-3.0707
2022-07-11,-10.5828,-0.1534,-3.0854,-2.0744,-10.0522,0.6392,15.4969
2022-07-12,3.3281,11.4105,6.0684,5.3977,5.8509,7.1802,11.8736
2022-07-13,-1.7134,13.5514,0.2003,0.5794,-3.2906,-0.3562,0.8532
2022-07-14,-3.4586,12.1053,-4.6067,-3.6629,-4.8502,-5.4791,-4.5017
2022-07-15,2.7821,15.3787,3.7125,4.1250,0.7471,6.5374,-0.5167
2022-07-16,3.9357,10.1205,-0.8526,-4.2782,-0.4245,-3.8850,-5.0623
2022-07-17,9.3064,2.3705,3.8919,5.9504,5.7541,5.4067,6.9567
2022-07-18,-15.1899,-2.9039,-8.8531,-5.6239,-14.7919,-6.1921,1.4631
2022-07-19,-4.6842,-10.4329,-3.8547,-0.0166,-2.2595,-1.5782,13.9159
2022-07-20,8.7191,-0.9259,2.2777,2.2114,8.3481,3.9415,-14.2794
2022-07-21,9.1828,12.0472,3.7433,-0.7626,6.7007,2.8352,-22.2062
2022-07-22,-2.1434,6.6777,-4.4540,-5.7085,-5.2732,-3.9210,-8.0118
2022-07-23,10.0726,12.9764,3.8150,2.3380,8.4622,3.8540,16.3238
2022-07-24,-3.1634,0.0879,-4.3814,-6.0375,-4.8785,-3.0237,-11.0283
2022-07-25,-5.0876,12.0100,-0.4272,-0.0831,-4.9621,1.4814,0.7573
2022-07-26,-1.1542,16.1583,-0.9229,-2.0020,-1.4034,-1.5000,2.3362
2022-07-27,-1.8608,4.8544,-2.8307,-1.8167,-3.5442,-3.2496,-0.5644
2022-07-28,3.6044,-0.5029,-0.9760,-1.1216,0.6473,2.3298,-2.8170
2022-07-29,4.2832,6.0315,-0.4554,-2.7165,0.2265,2.2561,1.2692
2022-07-30,6.8161,2.8945,2.9691,2.0558,2.4519,2.8067,1.2942
2022-07-31,8.8415,15.6504,9.0528,6.1843,6.5580,9.1906,9.3926
2022-08-01,-12.9204,6.1062,-7.5890,-8.1634,-13.5304,-7.7975,-7.8160
2022-08-02,-6.8425,0.0000,-2.6848,-1.6606,-8.1967,-0.7481,-3.2861
2022-08-03,-3.6537,-1.8268,-2.7603,-1.6769,-6.8901,-2.0243,-1.1505
2022-08-04,2.4410,-2.9292,-1.1135,-2.0350,-0.0490,0.0776,6.3340
2022-08-05,4.5957,-2.6383,-0.5565,1.0112,1.5353,2.2070,7.4356
2022-08-06,1.9965,-7.0313,0.6540,-0.8992,-2.0419,-1.5589,-3.3279
2022-08-07,9.8189,-6.1964,2.2217,0.5611,7.1651,3.2369,2.7814
2022-08-08,-8.3042,-1.2238,-1.0088,0.1162,-3.6758,4.0436,1.7351
2022-08-09,-7.5182,-1.9402,-6.2238,-8.0806,-4.3374,-1.3794,-9.5113
2022-08-10,-5.8600,-4.1857,-2.2463,-0.5942,-6.9112,-2.7163,4.0032
2022-08-11,15.3644,7.9017,8.3945,5.6573,12.2642,7.7861,17.1139
2022-08-12,-5.0042,-2.0017,-3.9178,-5.8547,-8.0346,-3.4709,-6.0144
2022-08-13,0.1671,-3.7594,-0.0701,-2.3303,-2.5763,-3.4618,-6.1737
2022-08-14,6.3055,-6.8384,-0.3928,0.8044,4.8288,-2.9514,1.6345
2022-08-15,16.4426,18.3040,14.0154,14.7722,20.6626,21.9403,13.4897
2022-08-16,-11.5279,13.1747,-8.8043,-6.9950,-6.3478,-8.9376,-8.8682
2022-08-17,-3.5305,15.9753,0.3612,-0.0709,-1.3735,1.3612,-1.2269
2022-08-18,-5.5046,-5.0042,-3.8601,-3.0012,-7.9327,-3.6635,-4.1109
2022-08-19,1.4382,1.4382,-1.3301,-1.8133,-1.9188,2.6878,-2.8668
2022-08-20,-1.0050,0.2513,-6.0225,-8.2936,-5.5754,-10.6751,-9.1843
2022-08-21,1.3582,-4.4143,0.7379,0.9780,-2.1011,-0.7337,-3.1424
2022-08-22,-8.1123,-24.5710,-6.1432,-4.5082,-6.1880,-4.2385,-2.0219
2022-08-23,1.5044,-13.4600,2.0825,-0.9261,4.0851,0.6352,3.5864
2022-08-24,3.0179,-7.5856,1.3011,-0.4838,3.8442,1.5405,2.9021
2022-08-25,0.9053,-1.3169,1.3040,1.7470,0.6324,0.6630,0.1193
2022-08-26,-3.4948,-6.1160,-2.2552,-2.1744,-4.3899,-0.9963,-2.3324
2022-08-27,2.5244,-2.7687,1.9073,-0.2667,-2.1308,-0.2130,-1.1283
2022-08-28,5.4077,1.1159,4.6192,3.6379,0.7167,3.6763,4.3129
2022-08-29,-6.6506,2.7244,-1.5055,0.7912,-4.3189,-0.7463,-0.4270
2022-08-30,0.1605,1.3644,2.7366,4.1634,2.7471,3.9249,1.2348
2022-08-31,-2.3511,-3.9185,-0.2872,-0.2263,-0.7601,-0.1858,-1.7141
2022-09-01,-3.9157,-8.5090,-2.6420,-2.7554,-3.6250,-1.4019,-3.4194
2022-09-02,-0.8215,-5.9746,-1.3888,-0.7029,-2.3769,-1.4695,-0.2538
2022-09-03,4.2023,-4.4358,2.2355,0.7477,-0.4559,-0.8924,1.2346
2022-09-04,3.6290,-6.0484,1.7759,-0.8117,-0.2386,0.2898,1.1310
2022-09-05,-5.9181,-5.3111,-1.9412,-0.7877,-2.0605,-1.0003,-1.0385
2022-09-06,-1.0511,-6.4565,0.2788,-0.1301,1.5460,-0.0168,0.2772
2022-09-07,-0.6711,-4.8471,-0.0755,-1.1940,-0.5601,-1.0803,-0.0896
2022-09-08,-1.9737,-2.9240,-2.0719,-3.1714,-3.4007,-2.9372,-2.7211
2022-09-09,-1.5827,-3.6691,-2.7151,-4.6487,-3.8273,-1.9231,0.0848
2022-09-10,3.8864,-3.9611,-1.4248,-2.9591,-0.4262,-4.4524,0.8237
2022-09-11,6.8690,-0.9585,1.2262,-1.1925,3.4647,-0.6006,0.1856
2022-09-12,-5.5094,-0.5283,-2.3539,-2.1703,-3.3161,-2.0605,-1.6574
2022-09-13,3.9216,4.4706,3.3119,1.0301,7.9259,2.6419,4.6329
2022-09-14,4.8520,10.2796,-0.2493,-4.4991,8.3843,1.1196,3.8663
2022-09-15,8.0889,21.6000,2.4253,2.1251,11.4581,3.3129,3.8206
2022-09-16,14.2132,41.1168,10.7294,10.5580,16.0648,9.6529,10.6079
2022-09-17,0.5102,36.5306,3.1566,-0.8093,-1.5479,0.6197,-1.1440
2022-09-18,-1.3092,26.0826,-0.3049,-1.6298,-1.3329,-0.2747,-0.9369
2022-09-19,-10.9417,18.8341,-3.4001,-2.6165,-8.3244,-1.6108,-8.2004
2022-09-20,0.6318,15.0722,1.4433,1.4157,5.1229,0.1397,0.5302
2022-09-21,3.7453,13.8577,3.7897,3.9197,4.1345,4.0096,2.9252
2022-09-22,8.2067,13.9818,-0.5633,-5.3961,8.0523,2.0362,1.5038
2022-09-23,6.9339,6.7172,-3.1852,0.4413,4.8074,3.3920,-2.1821
2022-09-24,8.4606,15.1586,-0.7999,-3.0621,5.6925,1.5542,-3.9300
2022-09-25,2.4067,19.4946,4.2413,-1.2803,2.8135,2.7260,3.3753
2022-09-26,-12.7101,17.1218,-2.5166,-6.4817,-10.2158,-3.5988,-2.3836
2022-09-27,-3.9354,11.8063,-0.2232,-1.4001,-0.3743,-1.8646,-0.8891
2022-09-28,-3.7864,3.6893,-1.0968,-0.7057,-6.4372,-3.9709,-1.9893
2022-09-29,-1.1516,-5.2783,-1.3545,-0.1719,-4.8906,-3.0178,0.2714
2022-09-30,-1.8832,-13.0885,-3.7437,-1.0565,-5.9870,-3.0432,-0.8065
2022-10-01,2.8074,-17.6186,-0.4877,-0.7027,-1.6354,-1.2629,2.7303
2022-10-02,13.2675,-8.8816,2.9287,3.5392,10.0129,6.1389,10.9287
2022-10-03,-9.6135,-5.6492,-2.8633,-1.9458,-8.7408,-3.4732,-2.8356
2022-10-04,-3.7214,-5.4389,-1.0989,-2.4541,-1.4812,-1.0513,-1.1530
2022-10-05,8.9397,7.0686,3.2013,2.8956,6.0026,7.2044,5.9454
2022-10-06,-1.0288,7.2016,-1.2360,1.9419,-5.0162,-1.7310,-3.6163
2022-10-07,6.2295,16.0656,-0.7743,-0.3217,2.1576,2.3653,9.1441
2022-10-08,16.2643,31.2579,4.4247,3.1008,13.5799,10.7817,-0.6416
2022-10-09,15.0585,33.3333,-2.8861,2.6576,15.3138,11.2869,-27.2086
2022-10-10,-6.1728,38.4088,5.2343,5.0337,-3.5805,9.2857,-8.2102
2022-10-11,-5.0781,36.4583,0.3820,0.0251,-1.0756,-0.4138,24.2730
2022-10-12,-3.2746,21.1587,-0.7983,-0.5155,-4.7305,-3.9267,19.0174
2022-10-13,1.5345,24.2967,2.4626,2.4042,-1.2653,-1.6625,0.3906
2022-10-14,-1.5113,15.2393,-2.4616,-1.3343,-5.3974,-4.9112,-0.8643
2022-10-15,6.4343,5.4960,1.5190,0.4740,1.2741,-1.3846,13.3987
2022-10-16,4.9226,-3.7975,-0.8734,0.4990,2.6441,-2.9979,14.8153
2022-10-17,-10.0000,-7.7215,-4.6616,-5.1231,-8.5779,-7.0657,2.6683
2022-10-18,-1.2500,-4.0000,-0.8287,-1.4062,-1.7761,-1.7617,2.3872
2022-10-19,-0.9901,-1.7327,-2.2904,-1.1138,-4.3929,-2.7574,-5.7816
2022-10-20,0.1239,-3.0979,-2.5133,-0.6939,-4.3924,-1.6704,83.7876
2022-10-21,-1.1029,-2.6961,-5.2940,-1.5619,-5.3800,-2.9659,-52.7090
2022-10-22,7.0866,-2.0997,-0.3822,0.3489,1.2358,-0.3173,14.2147
2022-10-23,12.5554,5.0222,3.6447,5.5127,9.0231,6.8306,22.9527
2022-10-24,10.9836,29.5082,9.8737,7.8840,16.5113,21.4280,12.8482
2022-10-25,2.1776,34.0034,8.9174,10.2289,6.4886,10.3995,18.1831
2022-10-26,-3.3981,30.7443,2.1272,0.5240,-1.3734,0.5140,9.0032
2022-10-27,-9.1176,18.6765,-6.2785,-6.7963,-9.0657,-5.7028,-6.7235
2022-10-28,-4.3601,14.7679,-4.7277,-3.7275,-6.0704,-2.3188,-1.0944
2022-10-29,3.3430,10.7558,-1.2018,-2.4891,-0.5858,-3.4020,-12.6349
2022-10-30,7.1651,5.4517,0.5710,1.6334,2.2125,-1.2197,-7.6104
2022-10-31,-7.2254,-11.8497,-2.6803,-3.0937,-7.1843,-3.0267,2.7007
2022-11-01,-2.9453,-16.2693,-2.5247,-2.6087,-2.6804,-1.3998,-0.4086
2022-11-02,-1.3831,-14.5228,-2.8779,-1.9512,-2.0575,-1.9036,0.1633
2022-11-03,-0.1381,-6.0773,-1.9690,0.1190,-1.6976,-1.6298,0.1548
2022-11-04,-1.4966,-3.2653,-0.2240,-0.7896,-4.2451,-0.9696,-0.8395
2022-11-05,2.6536,-3.9106,-3.0514,-3.1282,-0.8213,-2.9077,-1.4922
2022-11-06,4.2213,-6.5502,-2.9017,-0.3186,-1.0468,-1.7370,3.7725
2022-11-07,-7.1622,-6.4865,-1.7923,-2.1588,-7.7297,-1.7654,-2.4140
2022-11-08,6.1693,2.2956,-2.0625,0.2984,7.4894,8.4158,6.4755
2022-11-09,-4.3896,-0.8230,-3.7606,-2.5204,-1.4406,-1.5695,1.3135
2022-11-10,-0.5457,-1.2278,-1.8138,0.1628,-0.7079,0.7834,25.0754
2022-11-11,-2.0053,-1.7380,-5.0226,-1.7894,-3.7647,-1.7337,-1.1715
2022-11-12,15.0769,10.1538,8.7929,8.9829,10.7448,9.1116,11.9608
2022-11-13,6.3830,12.4386,1.9166,1.4232,6.5333,2.6588,1.8857
2022-11-14,-9.0774,10.1190,0.7828,-2.6463,-5.2534,-0.7921,-5.8088
2022-11-15,-1.6105,2.0498,1.0002,-0.8702,0.5439,0.8909,-0.2916
2022-11-16,1.6369,8.4821,2.5854,1.6641,2.4785,2.4727,2.3033
2022-11-17,0.2985,9.4030,-1.1119,0.9088,1.5359,1.8160,-0.0896
2022-11-18,0.4498,12.1439,-2.1822,1.3572,-0.0389,1.1780,1.1261
2022-11-19,6.7200,4.0000,-0.2572,1.2461,4.9505,0.8985,1.3793
2022-11-20,3.1353,0.8251,-3.0878,-1.7429,4.8055,-2.0728,-5.6972
2022-11-21,-5.3125,5.0000,2.2921,0.7533,-1.4056,0.9451,-2.4712
2022-11-22,-3.0303,3.4848,0.0453,-1.7993,-0.1783,-1.3679,-2.9324
2022-11-23,1.2270,3.0675,1.1705,1.8519,2.1948,1.6092,1.7773
2022-11-24,-0.7610,1.9787,-1.0293,0.1437,-0.9223,0.3310,-0.6862
2022-11-25,-3.3824,-1.9118,-5.7074,-2.6175,-5.0439,-2.0718,-3.7442
2022-11-26,7.7655,-0.9509,1.2086,2.2579,3.6471,2.0942,2.2993
2022-11-27,3.4426,-0.6557,-2.1453,-1.1305,3.8545,-1.5182,-0.1763
2022-11-28,-6.1538,-1.5385,0.0621,-0.4997,-3.0392,-0.4309,-0.1210
2022-11-29,-0.3067,1.2270,2.3180,0.8942,0.0484,1.4945,-0.1969
2022-11-30,-1.9549,-1.9549,-0.9864,-1.3912,-2.6473,-1.3350,-2.5147
2022-12-01,0.0000,-1.2030,-1.0862,0.9798,-2.4433,0.5250,-0.4873
2022-12-02,-1.0417,1.1905,-2.5336,-0.1790,-3.5817,-0.3136,-1.3818
2022-12-03,2.7523,-3.5168,-2.6449,-2.6399,-0.5475,-2.4667,-2.0631
2022-12-04,9.3645,2.0067,2.6880,4.7203,7.8914,3.0295,7.6956
2022-12-05,-8.4227,-0.4594,-1.1168,-2.4448,-5.1624,-1.0124,-4.7666
2022-12-06,-2.6826,-2.8316,-0.7918,-1.6086,-3.6480,-1.1766,-2.3522
2022-12-07,-1.1782,-2.0619,-1.2512,-0.5025,-3.4654,-0.3197,0.7642
2022-12-08,0.7418,-1.3353,-1.1221,1.3670,-2.5295,1.0557,1.1852
2022-12-09,-1.7493,-2.0408,-4.2020,-0.8351,-5.5735,-0.7191,-0.7652
2022-12-10,6.3566,1.3953,0.6446,0.8987,0.9839,0.2378,2.6273
2022-12-11,2.7070,-4.7771,-3.2577,-2.1941,1.4161,-3.1732,1.4107
2022-12-12,-4.5593,-0.7599,1.9872,1.3681,-3.3302,1.0032,2.2262
2022-12-13,-1.9374,0.0000,-0.2038,-0.8970,-2.4504,-1.3957,-1.4568
2022-12-14,-3.7303,-2.5825,-3.8986,-3.2709,-5.4089,-3.2751,-2.9519
2022-12-15,2.9542,-0.4431,0.4736,3.4723,0.1024,4.2476,2.1137
2022-12-16,-4.9157,-3.6517,-6.6440,-4.1699,-7.3755,-3.9879,-3.9347
2022-12-17,5.6380,-4.3027,0.0928,0.3319,-0.8928,-0.5448,2.4271
2022-12-18,1.3534,-5.5639,-3.8396,-2.6416,-0.3952,-3.1499,-1.9117
2022-12-19,-3.3430,-4.3605,3.6520,2.1104,-2.6414,2.6581,0.4863
2022-12-20,-2.2727,-4.6875,1.2889,-0.6754,-1.1079,-0.3985,-0.9734
2022-12-21,-3.2967,-4.2582,-1.5012,-1.9302,-3.0609,-2.5084,-2.1091
2022-12-22,-1.2212,-8.1411,-1.6891,-1.2386,-1.7667,-0.7799,0.1382
2022-12-23,-2.8986,-6.1924,-3.4038,-2.5366,-4.0790,-1.8039,-3.1422
2022-12-24,3.5471,-8.0491,-0.5315,-2.0303,-0.2398,-2.4336,-1.6610
2022-12-25,1.3831,-8.0221,-9.5459,-4.5943,-0.9593,-3.1369,-6.2622
2022-12-26,-8.2487,-12.6904,-0.2274,-1.9045,-6.8566,-4.4080,0.5416
2022-12-27,-2.5958,-12.9790,1.1092,-0.4130,0.1241,-2.8271,-1.4598
2022-12-28,0.7472,-9.3400,2.1990,0.3831,2.8716,-2.1879,1.9561
2022-12-29,1.9036,-6.4721,2.0383,1.7866,3.2353,0.4167,2.2504
2022-12-30,-0.2532,-3.9241,-0.3068,0.1791,-0.4507,-0.5547,-0.3223
2022-12-31,6.9012,-0.8119,3.7404,0.9510,4.3495,2.3955,0.2794
2023-01-01,0.2714,-1.8996,-2.1505,-3.1411,0.4856,-3.0163,-3.4855
2023-01-02,-5.7545,0.7673,1.4034,1.4251,-2.2809,-0.3409,0.4256
2023-01-03,-3.9312,-0.6143,-0.4230,-0.8170,0.0701,-2.4873,-3.7398
2023-01-04,-4.9065,-6.1916,-2.9188,-1.9682,-2.1579,-5.0260,-5.3984
2023-01-05,0.0000,-7.9439,-0.1104,1.0259,1.2637,-1.1347,-1.6846
2023-01-06,-2.7273,-10.2273,-2.5763,-0.6524,-3.1926,-2.4480,-3.6994
2023-01-07,4.0189,-12.6478,0.8779,-0.2712,1.6797,-2.0261,-1.8944
2023-01-08,3.8037,-9.5706,1.3032,0.4498,2.6792,-2.0336,-0.9188
2023-01-09,-8.1172,-11.8377,-1.8896,-2.5759,-4.1338,-3.4306,0.2671
2023-01-10,0.6810,-7.6050,3.3713,1.6132,5.3763,0.9870,4.8278
2023-01-11,-1.0112,-3.8202,0.9299,-0.1167,1.9816,-1.9158,-0.4676
2023-01-12,5.0767,1.0626,3.9653,3.7717,7.5117,3.7568,4.6623
2023-01-13,1.8029,5.7692,-0.4978,-2.2436,2.2345,3.1769,-20.4842
2023-01-14,5.8524,7.6336,1.9652,-1.0447,2.7593,0.6867,1.0632
2023-01-15,-0.3802,3.2953,-2.9151,-2.8366,-1.5165,-3.8891,-3.2685
2023-01-16,-6.0714,5.5952,1.3404,2.1041,-1.4774,-0.1403,5.0275
2023-01-17,-0.8264,4.0142,3.0260,2.3682,5.1903,-0.4905,4.3189
2023-01-18,-0.9357,4.0936,1.6705,1.8179,1.1215,-0.4439,2.9972
2023-01-19,3.6364,2.6667,3.8741,2.7425,4.4454,2.9310,5.5205
2023-01-20,1.4760,2.3370,1.0814,1.1002,0.5739,1.9781,4.0063
2023-01-21,7.1146,3.5573,3.8849,1.1191,3.9217,2.7459,-4.7134
2023-01-22,3.9726,8.0822,0.7232,-0.8476,3.4161,-0.7664,-0.1315
2023-01-23,-2.1448,12.6005,4.4058,4.3385,2.0278,3.6968,3.2109
2023-01-24,-0.2674,13.2353,1.8791,-0.0345,4.6221,0.6595,1.6048
2023-01-25,-1.7083,12.3522,-1.0248,-1.8268,0.0581,-1.6607,0.0581
2023-01-26,17.4383,27.3148,7.0125,7.2302,17.5689,17.8938,3.1157
2023-01-27,-14.1722,7.6821,-11.6865,-6.6491,-14.5368,-7.9712,-6.5432
2023-01-28,2.0270,2.5676,-0.8693,-1.3867,-3.7398,-1.6794,0.8899
2023-01-29,4.3724,2.9619,-2.1282,-0.3206,-0.5511,1.2821,1.5884
2023-01-30,-7.1990,-2.3560,-2.5536,-0.7593,-8.2058,-1.8804,-1.1266
2023-01-31,-0.9079,-2.9831,2.6989,-0.5278,-2.6950,0.7662,0.8016
2023-02-01,1.5810,0.2635,3.3503,1.9103,-0.1552,2.3170,1.6587
2023-02-02,1.4706,-13.3690,-1.5135,0.1998,-0.0009,0.1969,1.1477
2023-02-03,-0.9272,0.0000,-0.7375,0.1201,-4.1312,-0.5258,0.6211
2023-02-04,8.3214,6.1693,3.2419,2.8854,3.2701,1.9256,2.0573
2023-02-05,4.4978,6.2969,-0.4170,-0.2340,2.5458,0.0439,3.4545
2023-02-06,-1.0386,13.3531,6.0551,4.7082,0.1239,4.4571,2.1014
2023-02-07,-2.8818,11.0951,0.6026,-2.2358,-1.8789,-1.0503,-3.0203
2023-02-08,-0.8571,8.4286,-1.5443,0.2586,-1.0435,-0.0118,-0.8918
2023-02-09,3.5503,10.6509,1.4621,3.8974,2.3542,2.7255,3.3231
2023-02-10,-1.4577,10.0583,-1.6247,-0.9949,-3.9281,-1.0751,-0.2236
2023-02-11,4.5732,6.2500,0.1645,-0.3831,-0.2354,-0.5143,-0.8920
2023-02-12,2.0218,3.7325,-5.3308,-4.3744,-0.5495,-1.3398,-5.1853
2023-02-13,-4.5994,0.0000,-1.4430,1.1486,-5.4069,0.1415,-2.5566
2023-02-14,0.7474,3.7369,2.6554,1.3993,-0.0290,0.9683,3.4949
2023-02-15,-3.1838,1.3025,-2.2238,-2.8517,-4.5588,-3.3420,-2.0252
2023-02-16,1.7673,-0.4418,-0.1862,1.1237,-1.2385,0.0380,-1.0664
2023-02-17,0.4438,1.4793,0.1275,1.0398,-3.8358,-0.2388,3.2596
2023-02-18,5.1322,2.0218,0.4124,0.7204,0.9463,0.7691,1.9932
2023-02-19,4.0453,4.0453,1.0779,-0.8400,2.8327,-0.5786,-1.5574
2023-02-20,-6.9277,1.5060,1.4449,-2.1315,-5.4997,-3.1573,1.0697
2023-02-21,-2.4963,-1.7621,-0.3940,-1.9518,-3.3771,-2.7969,1.4276
2023-02-22,0.2946,1.7673,-0.8942,0.8637,-2.1316,0.1719,1.8196
2023-02-23,1.3433,1.3433,-2.1299,1.4578,-1.6491,0.5112,0.4194
2023-02-24,-2.6163,-1.7442,-6.3908,-2.3137,-5.5436,-1.5689,-2.0118
2023-02-25,6.0092,-0.9245,-0.4783,1.1332,0.9875,0.6102,8.7107
2023-02-26,2.8526,-2.0602,-3.4009,-1.6290,1.3699,-2.0184,1.8513
2023-02-27,-6.7947,-1.9202,-0.7880,-1.2411,-6.3111,-2.3785,4.3389
2023-02-28,-1.5988,-1.0174,-0.6667,-0.7739,-3.9258,-0.8566,3.0665
2023-03-01,0.2915,-1.0204,-0.6228,0.7007,-1.5586,0.8411,1.1443
2023-03-02,-1.0101,-3.3189,-3.6857,-0.8041,-2.3193,-1.1798,-2.6009
2023-03-03,-1.7021,-2.4113,-4.4109,-1.3660,-4.9403,-1.2763,0.4290
2023-03-04,5.6972,-2.6987,-0.9789,0.9091,0.9748,-0.1967,2.7875
2023-03-05,6.8910,1.1218,-0.1780,2.4760,6.0503,2.8575,1.7155
2023-03-06,-8.5044,-0.7331,-2.4882,-2.4852,-4.5588,-0.8539,-0.7139
2023-03-07,4.4410,5.3599,5.9607,4.5599,5.2434,5.9802,4.6898
2023-03-08,27.5391,33.9844,16.7071,15.0092,30.6542,29.6471,11.1382
2023-03-09,-16.0656,13.6066,-12.1002,-9.2010,-8.5496,-3.8211,-9.4332
2023-03-10,-12.7325,0.8584,-12.0202,-10.0371,-12.9565,-6.2263,-4.5077
2023-03-11,2.6432,-2.0558,-1.9675,-0.8682,-2.7915,-3.3189,-1.2441
2023-03-12,3.9695,-4.7328,0.5620,0.2951,0.2994,-3.0331,-0.4120
2023-03-13,-7.2238,-3.3994,0.7651,-1.3246,-7.3911,-0.5372,-0.7302
2023-03-14,-6.8602,-13.8522,-6.0441,-5.5307,-7.6607,-4.9146,-4.6904
2023-03-15,-1.3021,-33.3333,-4.4442,-0.7581,-3.3415,-1.2904,0.4883
2023-03-16,-0.7752,-21.1886,-2.3255,-2.7923,-2.3049,-0.9726,-0.1219
2023-03-17,2.2457,-7.6618,-1.5449,1.1423,0.3156,1.8077,1.1039
2023-03-18,9.8694,-1.1611,1.5471,3.4730,5.6266,4.6563,1.7254
2023-03-19,6.8217,1.5504,-0.8729,2.3866,5.0079,4.5863,0.0396
2023-03-20,-4.8673,4.1298,-1.8925,0.0461,-1.7407,4.1826,-3.0778
2023-03-21,3.9877,16.2577,6.1142,7.2109,7.7282,9.1034,4.7811
2023-03-22,-5.6440,11.1433,-2.5646,-2.7052,-1.6987,-0.3432,-4.1443
2023-03-23,-0.5755,11.3669,0.3896,1.3111,0.7153,3.5950,-1.5017
2023-03-24,-1.6973,7.0721,-4.8142,-5.4930,-1.1547,0.9069,-3.0654
2023-03-25,5.5224,2.8358,1.6137,0.2646,3.7219,2.2366,-1.1995
2023-03-26,2.4465,-1.3761,-2.1712,-1.1336,1.4293,-2.2504,0.1825
2023-03-27,-6.0345,-2.5862,0.4253,-0.2331,-4.4690,-0.7549,-2.9461
2023-03-28,3.1111,-3.4074,4.2611,4.7994,5.0620,4.6536,5.8054
2023-03-29,-8.5366,-6.3686,-5.9338,-7.7911,-6.3161,-6.9555,-6.4662
2023-03-30,5.1282,-0.9972,-4.9734,-4.1126,3.4664,4.4584,3.5433
2023-03-31,0.7174,1.4347,-2.2739,0.4040,0.0505,0.3515,0.9691
2023-04-01,5.1282,1.0558,0.5561,2.5017,2.3968,0.1988,2.7173
2023-04-02,3.5937,2.1875,0.4105,0.3974,4.0303,-0.6105,1.6663
2023-04-03,-8.7019,-0.7133,0.0730,-2.5664,-5.8856,-3.0130,-5.8923
2023-04-04,-0.7082,-4.3909,-6.6648,-5.0951,0.1481,-1.0208,-2.2633
2023-04-05,-4.0761,0.2717,-1.3527,0.6809,-3.8027,-3.7060,-2.7621
2023-04-06,-0.6748,-5.2632,-1.7108,0.9701,-1.5526,-2.3550,0.2524
2023-04-07,0.1351,-5.8108,-8.8382,-5.6702,-1.9430,-1.5929,0.6415
2023-04-08,3.0641,-7.6602,-1.5950,2.3162,-1.1866,-2.4531,3.7025
2023-04-09,1.5559,-9.4767,1.2061,-0.0247,0.0468,-0.4751,3.8151
2023-04-10,-8.7742,-9.5484,1.6223,-2.3768,-6.4134,-1.0957,-2.2937
2023-04-11,-3.2459,-11.8602,2.8899,-0.8970,-3.2234,1.3566,-0.2991
2023-04-12,-6.2061,-13.8173,1.7494,-2.8291,-7.6450,-0.2067,-4.7159
2023-04-13,-3.2843,-16.0815,-0.0965,-2.0201,-5.7757,1.9503,-2.5428
2023-04-14,-0.4510,-16.5727,-6.1605,-4.3050,-3.7457,2.7317,0.1947
2023-04-15,-2.9540,-21.4442,-1.4028,-1.3259,-7.6978,-1.1697,-5.0793
2023-04-16,0.7718,-22.0507,0.8861,0.2622,-2.8934,3.3592,0.5980
2023-04-17,-10.2868,-23.3432,-0.6833,-1.0883,-9.0172,-0.4499,-4.9482
2023-04-18,-7.3327,-26.5811,-2.4926,-4.5404,-4.5140,-1.2919,-5.2542
2023-04-19,1.8674,-20.2614,-0.6101,0.0007,4.7888,2.1591,3.9197
2023-04-20,3.0799,-15.0144,-2.9607,-2.4779,4.5461,-0.3816,2.1289
2023-04-21,5.1619,-10.2227,1.7445,3.8941,5.6891,3.6456,7.1192
2023-04-22,10.6383,2.3516,-0.4031,3.5275,9.3013,4.1700,6.2149
2023-04-23,10.1110,11.8372,2.0342,7.0279,10.3286,4.2925,13.3315
2023-04-24,-5.9165,17.2854,-3.0407,-1.4648,-1.5205,-1.6884,6.6238
2023-04-25,-1.7104,24.4014,3.1175,1.2691,3.2201,2.3491,0.3633
2023-04-26,-5.0866,15.9091,1.9787,-0.6747,-3.7745,1.1353,-0.5555
2023-04-27,-1.8066,10.4145,0.5129,0.0822,-1.8775,1.5858,1.3322
2023-04-28,0.3198,5.3305,-2.9753,-1.3393,-2.1091,-0.3138,1.9867
2023-04-29,5.0392,0.0000,-2.4980,-0.5297,0.1721,-3.3585,0.7594
2023-04-30,9.4363,-0.6127,-3.6027,1.7530,6.4592,-1.2274,3.0815
2023-05-01,6.4996,12.5033,5.6140,8.9634,11.8580,9.5489,4.0317
2023-05-02,2.8318,17.7023,1.7609,3.6038,10.0250,5.3180,0.8412
2023-05-03,-0.2544,23.6948,-0.1369,1.3752,4.0845,3.1926,0.4013
2023-05-04,0.8233,27.0077,0.8731,2.1233,3.6872,3.5910,3.6574
2023-05-05,-6.2627,18.6741,-10.0896,-14.6706,-4.9234,-2.4575,-1.7782
2023-05-06,-2.7559,9.8671,0.6479,-0.8526,-2.3484,0.0115,3.5142
2023-05-07,-0.9505,-0.5606,1.8689,-0.9845,-1.1096,2.5450,5.3349
2023-05-08,-10.5516,-16.4814,-2.5773,-3.5040,-9.7317,-1.8867,-2.8993
2023-05-09,-2.2587,-20.6158,0.6788,0.1271,1.9223,2.4242,2.5241
2023-05-10,-1.3868,-21.5171,-0.1531,-0.2167,-0.0667,-0.0335,2.7302
2023-05-11,-4.6006,-25.7392,-2.7379,-2.5260,-4.3913,-1.5302,-2.4964
2023-05-12,-4.0027,-23.9488,0.2127,-0.3309,-4.6440,3.9827,-1.0017
2023-05-13,-0.4693,-22.1605,0.1452,-2.9612,-3.2450,0.4009,0.7419
2023-05-14,-2.3199,-23.2367,-5.0590,-6.6792,-5.5128,-4.5187,-4.7702
2023-05-15,-7.3737,-20.5095,-1.9143,-0.6478,-7.8647,-2.0701,-3.5693
2023-05-16,-1.9206,-20.2346,-2.2044,-4.9402,0.0352,-1.7217,-0.5659
2023-05-17,-0.8009,-19.7606,-0.7608,-0.3539,-0.1027,0.2453,-1.4756
2023-05-18,7.0288,-9.9792,2.5262,0.3144,6.2835,2.6065,4.5416
2023-05-19,-0.9297,-7.0975,-2.8568,-4.3895,-4.2104,-2.1772,-0.5966
2023-05-20,0.8838,-5.8346,0.1925,-1.6972,-2.4841,-1.9390,1.7672
2023-05-21,0.6170,-3.0034,2.3603,-0.4142,-1.2001,0.0241,1.0021
2023-05-22,-15.1447,-11.1411,-6.7704,-6.9781,-14.3882,-7.0921,-8.2143
2023-05-23,-3.7569,-12.8047,-2.8627,1.1939,-3.5193,-0.6644,0.9732
2023-05-24,13.3557,-0.3612,4.8936,3.4515,12.1267,6.7254,16.0172
2023-05-25,6.7713,-0.6009,-3.1113,-7.0829,4.7495,-3.0453,-0.3924
2023-05-26,7.4699,7.8265,2.3489,1.8367,6.7112,3.0904,3.3747
2023-05-27,6.4867,13.8150,-2.9678,-2.0060,7.4123,-3.1409,-14.5857
2023-05-28,-0.5613,12.4821,-4.5113,-2.5244,1.1422,-2.2523,-3.7072
2023-05-29,-0.9903,31.2449,2.9578,5.9059,2.8233,3.8582,13.5390
2023-05-30,1.2586,38.0845,4.1304,4.4459,6.3739,3.5272,3.5576
2023-05-31,5.7455,28.8141,-0.2755,3.9124,8.4252,-0.2629,3.9677
2023-06-01,4.3351,25.8749,3.6773,6.1910,6.1050,4.4203,0.1619
2023-06-02,-5.7158,10.4311,-3.5605,-2.7055,-5.9376,-3.6919,-6.8841
2023-06-03,-4.1522,-0.6019,-2.0184,-4.3368,-4.1503,-3.2912,-7.0978
2023-06-04,0.4818,0.4408,-0.6362,-0.1702,0.2173,-0.4239,1.6608
2023-06-05,-11.3424,-10.0609,-4.5401,-3.4158,-10.5833,-4.9974,2.2812
2023-06-06,-3.2023,-14.0230,-0.5604,-0.0036,-0.4927,-0.6067,3.3815
2023-06-07,-2.1267,-20.4236,-1.3152,-1.6516,-1.0780,-0.2321,1.9589
2023-06-08,-4.1670,-26.9082,-3.8738,-2.3631,-3.7904,-2.0564,-0.6684
2023-06-09,-4.1370,-25.6842,-2.6337,-1.6289,-4.5336,-0.1253,-2.2782
2023-06-10,0.2061,-22.3050,-0.3301,-2.8045,-1.1435,-0.9233,0.5500
2023-06-11,5.9100,-18.1078,2.9712,0.9513,3.0757,3.4593,4.2493
2023-06-12,-11.8870,-18.6108,-5.9246,-4.9658,-11.4390,-4.3160,-5.9488
2023-06-13,-5.8565,-20.8426,-3.1189,-3.1955,-3.9775,-0.5285,-1.9662
2023-06-14,0.6801,-18.5725,0.1122,0.1224,0.4308,2.0032,3.2004
2023-06-15,2.9671,-12.5108,-0.8120,-3.2945,1.5299,-0.7396,2.9328
2023-06-16,1.2277,-7.6147,-3.1331,-2.1446,-0.3842,-2.5363,-0.2366
2023-06-17,3.5568,-4.5255,0.6332,-0.7135,0.4597,-2.2541,0.0257
2023-06-18,4.2771,-5.9975,-0.6259,-0.6254,1.8507,-0.5978,1.6937
2023-06-19,1.2060,7.9706,-2.4493,-4.4177,1.7962,1.7991,4.6561
2023-06-20,-2.7268,11.5600,-3.2709,-4.5908,-0.3519,0.5193,-3.4564
2023-06-21,-2.8015,7.7022,-6.8080,-6.4598,-0.9536,-2.9748,-2.8334
2023-06-22,-3.5189,0.9180,-3.3269,-2.1245,-2.5656,-2.4833,-3.1898
2023-06-23,-4.1815,-4.4747,-6.1298,-4.3458,-4.9926,-4.2888,-1.6926
2023-06-24,5.0143,-3.1303,0.9932,0.7152,3.5076,1.9626,-2.8690
2023-06-25,27.8564,18.7740,15.8223,14.2141,25.6827,17.1000,13.5620
2023-06-26,-6.4615,9.7756,-3.4561,-2.1806,-7.2609,-2.7226,1.0117
2023-06-27,-4.6401,7.6164,-2.4307,-0.8750,4.4157,0.3571,-5.0819
2023-06-28,-2.3432,8.1238,-1.6884,0.6693,3.1071,0.9920,-3.2430
2023-06-29,5.9974,18.7884,-0.7387,-1.0055,8.7431,4.6123,-1.5406
2023-06-30,-2.2171,21.2237,-0.5587,5.6570,-1.4141,0.8884,7.7389
2023-07-01,0.9569,16.5399,1.6078,2.6286,0.3734,-1.8488,-1.4745
2023-07-02,0.1969,-8.6715,0.1022,2.1573,0.3775,0.7421,4.6712
2023-07-03,-14.6676,-16.6837,-8.5637,-6.2365,-11.3944,-6.7185,-11.2256
2023-07-04,-1.8357,-14.2335,-1.2881,0.8123,1.4476,-0.5367,0.6210
2023-07-05,3.7572,-8.8758,-1.1720,-1.0241,2.7630,-0.4230,6.3487
2023-07-06,8.8781,-6.3994,5.6476,6.5440,7.5174,5.9942,9.7366
2023-07-07,-1.2084,-5.4337,-3.9934,-5.4778,-2.0610,-3.2599,-3.7289
2023-07-08,12.2328,5.1284,2.2219,0.8122,10.9587,3.2389,2.5077
2023-07-09,9.8244,15.2298,1.1642,1.4710,7.9544,4.5316,3.3198
2023-07-10,-6.0165,26.9120,-0.9872,0.5804,-2.9946,4.1036,-2.9059
2023-07-11,-2.0877,26.5862,3.6708,5.0964,3.8975,5.7509,3.2026
2023-07-12,-7.8769,12.3923,-5.1430,-1.8140,-5.4734,-3.5194,-5.0175
2023-07-13,-3.5020,-0.3873,-2.5043,0.1102,-1.0149,0.8128,-2.5888
2023-07-14,0.4376,1.2724,-1.2778,-0.4653,0.0636,2.1913,-1.0556
2023-07-15,2.3813,-7.6170,-1.6497,-3.2027,-0.2242,-2.3911,-0.5932
2023-07-16,5.8958,-10.9217,0.3343,0.4391,2.3571,-0.3025,0.9297
2023-07-17,-10.5127,-15.1832,-6.6237,-2.7898,-9.4119,-2.8003,-4.5411
2023-07-18,-0.1021,-13.4632,-2.0434,-5.2747,2.0011,-1.3710,1.2976
2023-07-19,-2.1896,-8.1208,-2.3162,-2.6573,-3.1266,-0.9570,1.7213
2023-07-20,-7.4187,-11.8501,-7.3152,-6.6815,-8.4505,-5.4218,-2.8809
2023-07-21,-5.9221,-17.4317,-6.7023,-4.7619,-8.1969,-5.9646,-1.7742
2023-07-22,4.6279,-15.6200,-0.4386,-2.7075,0.5686,-3.8159,5.5677
2023-07-23,4.8986,-16.4145,0.8365,-0.3025,0.0046,-1.9239,2.7993
2023-07-24,-6.9628,-13.0987,-5.6296,-3.7393,-8.0113,-5.6183,-2.8062
2023-07-25,-0.6719,-13.5944,-4.1419,-2.7121,-0.1117,-2.4717,-0.6640
2023-07-26,15.1364,1.7113,5.5122,0.8158,14.9398,8.1517,4.1428
2023-07-27,-0.3349,9.4938,-1.3454,-5.8988,-0.1993,1.1517,-4.0831
2023-07-28,2.6954,19.5233,0.8092,-0.1930,3.4869,5.5244,7.0046
2023-07-29,10.9110,26.7010,1.3419,1.0034,9.4711,2.0045,0.1863
2023-07-30,-0.5470,20.1235,0.2117,2.2193,-3.0390,-1.7590,1.4381
2023-07-31,-13.8350,11.2505,-5.7146,-2.9173,-11.8802,-4.5814,-1.4758
2023-08-01,-3.2863,8.3223,0.9869,1.9550,-1.2716,-1.1347,2.2107
2023-08-02,-2.3757,-8.1533,-1.2000,2.2563,-2.6793,-3.6020,1.2293
2023-08-03,1.1911,-6.7470,-0.2796,1.6404,-0.5230,-2.2884,-3.8044
2023-08-04,2.8305,-6.6243,-2.0695,-4.6187,1.0666,-1.8253,-3.3493
2023-08-05,5.3418,-11.3130,2.2590,2.7277,2.8566,0.0334,-2.2697
2023-08-06,2.5742,-8.5297,1.5078,0.3633,0.8475,-3.3654,-6.6527
2023-08-07,-3.7589,2.1668,1.9192,2.2048,-1.0832,1.2970,4.9403
2023-08-08,-0.5945,5.0104,2.9098,-0.0325,2.7475,0.9317,2.3712
2023-08-09,0.1392,7.7155,3.4929,2.0792,2.1466,0.6358,6.2609
2023-08-10,-2.0298,4.2869,-1.3350,-1.5059,-1.5594,-2.2018,0.3632
2023-08-11,-2.0622,-0.6750,-1.5669,-1.0100,-1.5473,0.2692,0.2581
2023-08-12,4.2937,-1.6633,4.1396,2.8590,4.5325,2.9122,5.4674
2023-08-13,5.2692,0.9203,4.3172,3.5464,4.2143,1.2480,9.5705
2023-08-14,-4.7697,-0.1396,-2.5022,-3.3672,-2.5907,-2.4355,-1.4273
2023-08-15,14.3998,14.9233,11.2395,13.5116,18.4013,15.9134,11.1645
2023-08-16,-16.1259,-3.7431,-10.7211,-8.8192,-13.7957,-8.8580,-11.4714
2023-08-17,-3.3932,-5.0827,-0.9093,-1.0176,-2.8865,0.1715,-1.6820
2023-08-18,-3.5836,-6.5571,-2.9273,-1.3403,-5.8490,-2.9470,-1.6082
2023-08-19,3.8661,-6.9402,-0.5734,-2.2379,0.8036,-2.8166,-1.9933
2023-08-20,4.6170,-7.5168,3.6999,1.9196,2.0121,0.7756,2.8529
2023-08-21,-10.1387,-12.7310,-4.8833,-3.2780,-9.6073,-4.9409,-3.4680
2023-08-22,-0.1217,-23.8086,-3.7091,-2.1288,0.2815,-2.3758,1.9455
2023-08-23,14.0907,3.6403,5.0071,-0.3449,15.1058,3.9900,6.0065
2023-08-24,5.7327,13.4306,4.8019,-0.6453,8.4535,2.2289,0.4930
2023-08-25,-2.2557,14.9928,-0.5873,-5.0282,2.1139,-1.5771,-0.1696
2023-08-26,1.7188,12.6155,2.0024,-0.6263,4.3134,-0.9309,0.1922
2023-08-27,3.5774,11.4965,2.6573,2.2330,4.7212,-1.3597,0.0853
2023-08-28,-7.2513,15.0791,-2.4202,-1.4523,-4.8255,-2.9006,-0.8482
2023-08-29,-3.2917,11.4266,-0.2008,-0.9629,-0.4113,-1.8889,-2.1655
2023-08-30,1.5917,-0.7805,3.0848,5.0128,2.7850,2.3479,3.5616
2023-08-31,-1.2096,-7.2951,-0.9454,-0.4698,-0.4340,-1.3142,-1.4101
2023-09-01,-4.1866,-9.1265,-3.7099,-2.8463,-3.5845,-2.0104,-3.0025
2023-09-02,2.2137,-8.6844,0.2050,-1.5519,0.7895,-3.4774,-2.6352
2023-09-03,5.0066,-7.4244,1.2017,0.3259,3.3604,-3.0935,1.8653
2023-09-04,-5.2798,-5.4566,-1.7274,-0.8518,-4.2556,-2.3860,-3.7971
2023-09-05,-3.8924,-6.0439,-3.6430,-5.9552,-2.3438,-5.1897,-4.2562
2023-09-06,1.9554,-5.7075,0.9205,1.0455,2.8749,-0.7944,1.8873
2023-09-07,6.5257,1.6756,3.4024,2.8083,6.1557,4.8401,6.2248
2023-09-08,2.4571,8.7258,1.8692,0.8461,2.8039,1.0334,5.7795
2023-09-09,12.2723,19.4253,5.0518,1.9746,12.8865,-2.5227,7.5809
2023-09-10,17.0323,33.1022,6.3342,5.6984,18.2243,4.0041,6.1759
2023-09-11,-9.7581,26.8092,-1.1968,-1.0030,-7.3908,-0.0461,-6.8862
2023-09-12,-7.8796,21.5484,-0.8950,-1.1636,-1.3760,-1.1330,-4.0213
2023-09-13,-8.3997,9.2034,-3.6057,-0.8505,-4.6522,-2.1479,-8.7886
2023-09-14,-7.8225,-5.5055,-7.6588,-4.4326,-6.7577,-7.0240,-8.8367
2023-09-15,4.8591,-3.2902,-0.3241,2.1417,2.4360,-0.1295,2.3264
2023-09-16,8.4497,-6.5830,2.6899,2.4369,3.4359,0.5206,2.5091
2023-09-17,11.8533,-10.7169,3.4230,4.3225,10.5527,0.8874,8.2232
2023-09-18,-5.6896,-6.6916,-1.5070,-2.2070,-3.1143,0.1240,0.5568
2023-09-19,-7.8227,-6.6340,-4.7100,-4.7556,-1.0681,-5.4521,-7.4863
2023-09-20,-4.8598,-3.0259,-2.9523,-1.1873,-2.4900,-2.8559,-5.1223
2023-09-21,-3.6871,1.3247,-3.8487,-1.5774,-2.5305,-4.8654,-3.5022
2023-09-22,-0.0809,-3.4488,-1.7467,0.7854,-0.6884,-0.9686,0.4841
2023-09-23,8.9140,-3.0354,4.1672,4.7118,5.4551,1.4228,5.6999
2023-09-24,11.9018,-2.9934,5.3058,5.6953,11.0850,0.7347,8.9000
2023-09-25,-5.4967,-2.7950,-0.7471,-0.9248,-1.8769,2.2823,-1.5007
2023-09-26,-3.4982,1.7654,-0.7625,-2.6329,4.3393,0.4554,-2.3981
2023-09-27,1.5521,8.6238,0.9275,-1.2806,4.8098,-2.5354,2.3160
2023-09-28,6.7612,20.4076,-1.2503,-2.3000,6.8864,-8.0193,7.1461
2023-09-29,-1.5872,18.5925,-2.4265,0.3951,-2.8495,-4.4858,0.2150
2023-09-30,2.7417,11.8717,2.1242,1.1235,1.9325,-0.4053,1.8431
2023-10-01,8.4329,8.4038,4.3963,3.4561,6.3554,-1.2338,11.1876
2023-10-02,14.9799,31.8923,12.8135,14.2992,16.6579,14.2973,12.9753
2023-10-03,-8.9411,24.4533,-4.2190,-3.8328,-8.4415,-6.9945,-9.8095
2023-10-04,-3.0378,18.8283,-2.1123,-0.6144,-1.1663,-4.2381,1.1539
2023-10-05,0.4458,11.7991,-0.5017,1.1470,-0.7072,-0.4914,-5.9719
2023-10-06,-1.5892,11.7968,-0.7320,-1.0431,-5.4073,0.5445,-4.8613
2023-10-07,-1.1469,7.5655,-0.4146,-4.6383,-6.4363,-1.4797,-7.4705
2023-10-08,-1.1810,-1.9714,-0.1170,-4.1867,-4.4944,0.8659,1.4644
2023-10-09,-8.3450,-21.8575,-3.9798,-3.5634,-10.7296,-1.1829,-0.8370
2023-10-10,-0.5383,-14.6466,-0.0976,-3.1963,-1.5526,1.5702,-8.9003
2023-10-11,5.9224,-6.7592,1.0916,1.9234,3.7452,-0.0233,-0.8013
2023-10-12,6.9013,-0.7668,1.0527,1.9871,4.2464,0.7561,-7.4952
2023-10-13,-2.5857,-1.7717,-2.7909,-3.2845,-5.9372,1.5665,-3.6156
2023-10-14,1.5660,0.9240,0.1537,-2.6076,0.8189,-1.2544,1.4388
2023-10-15,6.9934,9.2726,2.8798,0.8503,4.7403,1.4652,2.6425
2023-10-16,1.2006,20.6530,-1.0641,-0.2976,-0.0320,-0.9845,6.8931
2023-10-17,16.1752,40.9274,14.6922,17.7124,15.7754,14.8715,12.2144
2023-10-18,1.2763,34.7460,1.5196,2.2931,-0.4272,-0.4166,-2.8600
2023-10-19,1.2039,27.5646,-0.6631,1.8689,1.1940,2.2367,-4.3990
2023-10-20,0.0251,30.9834,-0.8279,1.8775,-2.6082,-0.6702,0.8350
2023-10-21,4.3729,34.6033,1.8625,1.3096,0.5970,-3.1213,0.3831
2023-10-22,4.6875,31.7023,1.1874,1.2865,1.1490,-2.2503,-1.1834
2023-10-23,-5.1235,23.4720,1.6655,-0.9182,-8.4638,-1.5583,1.8321
2023-10-24,10.0773,16.9911,3.9097,0.0333,7.0814,10.1914,5.9908
2023-10-25,-10.0206,3.9413,-7.4554,-6.7075,-12.3143,-8.9562,-9.3215
2023-10-26,-1.9944,0.6564,-3.6800,-1.9060,-6.1966,-0.3763,-3.3675
2023-10-27,-0.2016,0.4283,-2.6453,0.2990,-4.3884,0.4512,-1.1625
2023-10-28,7.3718,3.3139,4.0896,2.1829,2.0322,3.2729,3.9104
2023-10-29,0.4757,-0.8426,-3.8305,-3.9901,-3.7195,-5.7712,-1.7139
2023-10-30,-7.6788,-3.5132,-2.1529,-3.1875,-10.0082,-3.7607,-0.1433
2023-10-31,-1.4833,-13.6465,-0.8182,-0.8079,-3.1337,0.3453,1.5003
2023-11-01,-0.7849,-4.7829,-0.4702,0.4913,-3.7236,-0.1839,1.1006
2023-11-02,0.8410,-2.0282,-1.4109,0.2082,-2.1989,1.5193,0.7359
2023-11-03,-0.6878,-2.5055,-5.0989,-2.5547,-4.3843,-0.4291,0.1785
2023-11-04,6.9065,-2.9280,-0.7851,1.3674,2.4755,0.5458,0.4607
2023-11-05,5.1208,1.5597,-1.2720,0.3760,1.6162,-2.3802,-1.0862
2023-11-06,-6.3227,3.0515,-1.4735,-0.9121,-7.3629,-1.5411,9.6463
2023-11-07,-0.6551,3.9178,0.1197,-0.0136,-1.9075,0.3366,3.3308
2023-11-08,-0.0642,4.6727,-0.4522,-0.1782,-2.4794,1.0747,-1.0696
2023-11-09,0.2574,4.0669,-1.7802,-0.1636,-1.7384,0.9817,-3.1584
2023-11-10,2.4796,7.3859,-2.1349,0.8794,0.5127,4.0795,3.5067
2023-11-11,10.5409,11.0366,3.3509,2.3944,8.3081,5.0002,2.6587
2023-11-12,15.1805,21.6625,-0.7973,1.9771,15.8856,8.1225,1.0342
2023-11-13,6.5295,38.3542,18.9661,17.5168,13.5742,20.2206,15.9616
2023-11-14,-7.2353,29.1902,1.2364,-2.2903,-0.9487,0.8229,-3.2223
2023-11-15,-5.4448,22.2344,-0.0655,-1.1776,-2.0988,0.6770,-0.6200
2023-11-16,-4.0066,17.0357,-1.5753,-2.8673,-3.6294,0.1590,2.2518
2023-11-17,-3.3484,10.3800,-3.1448,-2.8450,-4.6043,0.4887,10.1653
2023-11-18,3.9812,3.8299,0.0075,-0.6482,0.7205,-0.1176,-6.2260
2023-11-19,5.2414,-5.1298,-1.3871,0.6060,4.5729,-0.1724,-2.9149
2023-11-20,-5.2957,-15.6608,-0.6406,-0.5942,-3.0597,0.5265,-0.7200
2023-11-21,-4.9613,-13.5933,-2.7400,-3.1190,-4.6735,-2.2752,-1.4444
2023-11-22,-1.9404,-10.3909,-1.6827,-0.0343,-2.8647,-0.8570,1.6831
2023-11-23,-0.6288,-7.2377,-2.8992,-0.0105,-3.2357,-0.5463,-3.3686
2023-11-24,1.1304,-2.9391,-1.5147,1.2282,-2.2092,2.4253,4.1629
2023-11-25,2.8036,-4.0383,-2.9593,-2.2292,-1.7894,-2.6912,-8.0392
2023-11-26,2.4862,-6.5505,-3.5701,-2.5333,-0.7980,-3.6739,-1.9623
2023-11-27,-1.7552,-3.0569,-5.9204,-0.6936,-2.8679,-0.0947,1.6748
2023-11-28,-2.0066,-0.0430,0.4497,0.9831,-2.3777,0.4719,5.0038
2023-11-29,-0.3286,1.6000,1.5560,1.3049,-1.2428,0.1231,7.0038
2023-11-30,0.7049,2.9636,-0.0347,1.4464,-0.7703,1.3358,4.6001
2023-12-01,-2.1537,-0.3801,-3.5984,-1.6128,-4.1613,-2.7203,0.0140
2023-12-02,6.8271,3.5188,2.0668,1.9806,2.9806,1.6539,2.1403
2023-12-03,-0.5384,0.4637,-5.2219,-4.6353,-0.1942,-5.6130,-4.3459
2023-12-04,-3.7016,-1.5267,1.1032,0.7963,-3.3983,-0.0165,2.6469
2023-12-05,-0.7718,-0.2858,0.5975,0.1084,-1.7952,0.1046,0.2978
2023-12-06,0.6473,0.6904,0.9265,1.5257,0.1966,0.3374,3.1164
2023-12-07,1.3707,1.3561,-0.2382,1.8604,1.0245,0.9277,2.5639
2023-12-08,-3.6662,-0.2107,-6.2282,-3.0768,-4.3880,-3.0562,-0.2873
2023-12-09,6.1745,-0.8203,-1.0531,0.4812,3.7207,0.8263,-0.1053
2023-12-10,3.2492,2.9566,-2.2224,-1.0119,2.8878,-1.7334,-1.0644
2023-12-11,-8.8689,-2.5681,-3.6783,-4.3959,-7.4846,-4.2902,-3.8914
2023-12-12,0.8491,-0.9765,2.6743,1.8124,-0.5310,2.5312,1.5094
2023-12-13,0.5264,-1.0955,0.9517,1.5701,-0.1749,1.1419,1.5125
2023-12-14,2.9136,0.4100,2.0159,3.5726,2.9983,3.9470,1.7263
2023-12-15,-3.3399,0.7501,-4.1841,-2.6662,-3.3633,-0.1330,-0.3359
2023-12-16,0.2838,-4.8396,-4.8121,-4.8267,-1.7978,-2.8321,-4.9701
2023-12-17,2.5022,-5.5281,-3.0002,-1.8465,0.7446,-1.3236,-1.3379
2023-12-18,-3.4822,0.0562,2.2671,2.1001,-2.5858,1.4424,2.4660
2023-12-19,-2.5851,-3.3511,-0.4189,-1.5059,-1.9543,-0.0790,-0.4870
2023-12-20,-2.0498,-5.8280,-1.0616,-1.3649,-2.2192,-1.0362,-1.1268
2023-12-21,0.6744,-7.8770,-0.1825,0.9911,0.5671,1.2494,1.1700
2023-12-22,-2.2802,-6.8670,-3.5670,-1.8116,-2.9099,-0.3896,-0.4521
2023-12-23,5.7716,-1.7705,1.6347,0.5625,2.9542,2.2297,1.8177
2023-12-24,4.0923,-0.2467,-0.6678,-0.4185,3.0321,1.3397,1.0701
2023-12-25,-3.0665,0.1829,-4.4845,-5.9595,-1.9242,1.1095,0.9723
2023-12-26,-3.7243,-0.9886,0.5164,0.2804,-2.3769,-1.6188,-0.6193
2023-12-27,-3.6786,-2.6350,-1.9383,-2.3214,-4.1881,-2.8475,-1.7458
2023-12-28,0.2485,-3.0469,0.3555,0.8995,-0.9996,0.7204,1.0258
2023-12-29,-4.4483,-5.1981,-5.0318,-3.6028,-6.3038,-2.7717,-1.8291
2023-12-30,6.4512,-4.5890,2.7344,-1.6920,2.6904,3.5505,2.2599
2023-12-31,2.9299,-5.6544,-0.7049,-0.7080,0.7159,0.2930,-0.0701
2024-01-01,-8.2643,-10.7134,-1.8659,-1.2659,-7.1902,-2.2080,-2.7910
2024-01-02,-0.6117,-7.8267,3.5501,3.0217,1.2067,1.4194,0.7332
2024-01-03,-5.6753,-9.7374,-2.6568,-2.5711,-6.1228,-5.8938,-4.2874
2024-01-04,-3.0922,-12.7453,-2.9624,-2.8745,-2.6012,-3.1407,-3.8266
2024-01-05,-3.0209,-11.4419,-4.0872,-2.5063,-3.4194,-2.8728,-1.3500
2024-01-06,5.6588,-12.1010,1.0340,0.8648,3.6591,-0.1201,0.3217
2024-01-07,4.7392,-10.5560,1.1911,1.6191,2.3590,-0.6090,1.6188
2024-01-08,-7.6035,-9.9117,-0.8587,-1.6804,-5.8414,-3.1372,-0.0641
2024-01-09,-3.1558,-12.2178,-0.7323,-1.9440,-0.4944,-2.9260,-1.3742
2024-01-10,-1.7442,-8.5594,-0.3508,-0.0582,-1.2454,-1.8792,-1.5332
2024-01-11,0.1510,-5.4992,0.1153,1.0965,1.2076,-0.4287,-1.7829
2024-01-12,-2.7577,-5.2427,-2.8364,-2.6814,-2.3783,-2.9325,-0.3894
2024-01-13,9.2190,-2.0499,6.0790,5.0276,7.2832,3.0041,5.7893
2024-01-14,1.7597,-4.8363,-0.8713,-1.8823,1.2464,-3.5267,1.0446
2024-01-15,-4.7825,-1.9308,2.1983,1.5259,-2.1515,-0.3123,1.3003
2024-01-16,-1.9689,-0.7288,2.2104,-0.8582,1.0037,-1.5026,-1.1922
2024-01-17,-1.1612,-0.1398,1.4595,-0.4588,1.2093,-1.2158,-0.8264
2024-01-18,1.1968,0.9031,1.8332,1.3492,3.4278,-0.0125,-1.9607
2024-01-19,-5.2279,-1.6601,-4.8102,-4.4984,-4.6630,-5.1394,-4.1341
2024-01-20,6.9475,-3.7053,3.2706,3.2230,4.5175,1.6099,-2.2363
2024-01-21,3.6817,-1.8866,1.1552,1.7308,3.2750,-0.6634,-1.2652
2024-01-22,-3.4977,-0.5627,3.4119,2.4314,-0.8539,1.6200,3.0194
2024-01-23,-0.7990,0.6239,2.7284,0.2620,2.3076,0.7206,0.7458
2024-01-24,-0.6633,1.1308,1.4913,-0.2024,0.7028,-0.6345,1.0446
2024-01-25,-0.0761,-0.1412,0.3689,-1.0453,1.0931,-0.3733,-1.3516
2024-01-26,16.9653,23.2431,10.4323,8.4253,16.8089,17.2388,1.0121
2024-01-27,-0.9441,14.1490,-0.7629,-0.9557,-1.6256,-2.5382,-8.9404
2024-01-28,-2.5635,7.2734,-4.7041,-5.2016,-2.3377,-4.6282,-3.7719
2024-01-29,-4.5316,6.1241,2.3450,0.2341,-2.4435,-0.1086,5.8537
2024-01-30,-1.6016,5.2656,2.2218,-1.7728,0.3500,-1.4657,-1.5507
2024-01-31,-2.1533,3.6866,-1.7990,-3.5566,-1.9565,-2.1398,-1.4737
2024-02-01,4.7844,8.7301,1.8620,1.4331,3.6623,4.5494,2.8574
2024-02-02,-3.0133,-9.8419,-6.1356,-4.0601,-3.6964,-3.0653,0.5345
2024-02-03,8.1939,-1.5247,2.6249,2.3952,4.9634,1.8022,-1.5032
2024-02-04,6.5936,7.7299,1.0314,1.3857,5.6261,2.4973,-0.6317
2024-02-05,-4.9366,7.2730,0.0657,-0.6042,-3.3143,0.4805,5.1186
2024-02-06,0.1006,9.1286,2.8417,0.7839,1.4483,2.0094,0.8796
2024-02-07,-3.3422,7.8026,-1.9242,-1.1758,-3.4021,-3.5687,-2.9686
2024-02-08,1.6932,4.6224,-0.0793,1.8153,0.4258,0.6293,-0.6655
2024-02-09,1.2641,9.2365,0.3529,0.7765,-1.2503,0.9837,0.9728
2024-02-10,6.8039,7.8332,1.7241,1.3807,3.0593,2.1996,-0.9064
2024-02-11,4.0328,5.2427,-0.0146,-0.0467,0.9444,0.2709,-0.6180
2024-02-12,-4.6160,5.5976,1.9171,0.2628,-5.4876,1.1582,-1.0589
2024-02-13,-1.5925,3.8115,0.6125,-1.7377,-1.7969,-0.2363,-0.6554
2024-02-14,0.2880,7.7104,1.5274,0.2884,-0.3511,1.1714,1.6309
2024-02-15,3.0904,9.1903,1.7559,2.2891,1.3051,2.7273,3.7134
2024-02-16,-1.0152,6.7326,-3.2312,-0.1903,-3.3133,-0.5789,-0.1273
2024-02-17,9.1890,9.1161,2.7732,1.9402,5.0963,2.9822,2.7896
2024-02-18,2.3895,7.3925,-2.1162,-1.4610,1.1289,-2.3121,1.6930
2024-02-19,-4.9808,6.9817,1.8056,-0.5960,-4.7357,-1.1561,-0.8464
2024-02-20,-1.2472,7.3571,2.3191,-0.5030,-1.7247,-0.0866,0.2931
2024-02-21,-2.5802,4.2867,-2.8467,-2.5783,-3.5541,-2.0481,-2.3586
2024-02-22,1.1461,2.3198,-2.7012,0.9397,-1.9547,0.3608,0.8159
2024-02-23,-2.5040,0.7808,-7.1098,-2.4284,-6.1736,-1.2359,-2.0726
2024-02-24,5.8120,-2.3362,-2.6266,0.0847,1.3375,0.0338,1.9384
2024-02-25,3.4026,-1.3699,-2.4935,-0.6874,0.5018,-0.9813,2.5741
2024-02-26,-4.3803,-0.7465,-0.3514,0.6151,-4.6009,1.2196,1.8711
2024-02-27,-0.6576,-0.1539,1.6945,0.0872,-1.5752,1.0694,-0.6186
2024-02-28,-0.0559,2.4332,0.0225,0.7918,-1.1601,0.8135,-0.8463
2024-02-29,-0.6943,0.5694,-1.7167,-0.2562,-2.2332,-1.1667,-2.1581
2024-03-01,-1.3021,1.8092,-3.7300,-1.0910,-4.0100,-1.0577,-1.1795
2024-03-02,7.1523,3.0988,-0.3555,0.5828,1.8940,0.2220,2.8372
2024-03-03,2.0993,1.7994,-4.0168,-4.2752,0.3562,-1.4043,-2.5028
2024-03-04,5.8235,12.6626,11.0538,11.0380,6.4178,11.7233,14.2243
2024-03-05,-9.6487,2.4659,-6.2445,-7.1994,-7.7064,-3.9863,-12.4473
2024-03-06,-2.0640,0.4072,-3.4911,-1.3549,-4.2860,-1.1005,-3.8525
2024-03-07,4.0772,5.2316,2.4351,4.8366,-0.5109,4.5067,5.0149
2024-03-08,-3.0874,3.3281,-4.0310,-2.2508,-5.7449,-0.4612,2.4514
2024-03-09,7.0173,3.1979,2.1094,2.3541,1.6623,2.4455,1.4872
2024-03-10,2.5649,3.6686,-0.7947,-1.3549,2.1590,-1.0657,-0.4714
2024-03-11,-7.1449,-9.0358,-0.1443,-2.2197,-5.1542,-1.9129,2.4197
2024-03-12,-0.5598,0.1148,3.6214,2.2442,-1.9899,0.6127,3.1081
2024-03-13,-1.5265,0.6643,-1.0492,-0.3204,-2.6882,-0.6435,-0.5195
2024-03-14,0.1132,-3.1697,-2.1514,0.5663,-2.3644,-0.1078,2.8801
2024-03-15,-0.8975,-0.9816,-3.7782,-0.0098,-2.9217,0.2243,3.3152
2024-03-16,5.4882,-2.3964,-1.6219,1.0838,2.2152,0.1765,-2.0649
2024-03-17,3.8881,-1.1372,-2.7626,0.0281,4.3185,-0.1293,0.2526
2024-03-18,-6.3606,-0.3022,-0.5075,-0.0700,-3.5869,-1.8877,2.1450
2024-03-19,-3.3115,-3.0611,-1.4411,-1.6119,-2.9612,-2.6109,-3.1103
2024-03-20,-3.8914,-5.3891,-3.3838,-2.2340,-4.4226,-3.5686,-3.2815
2024-03-21,2.5929,-3.0457,0.9100,1.4355,1.0767,1.4300,4.5011
2024-03-22,-4.3940,-6.4664,-3.4378,-3.0671,-5.7333,-2.8855,-0.6759
2024-03-23,4.9704,-6.9255,3.6669,0.4576,1.3485,1.6584,7.1151
2024-03-24,9.5806,-1.8256,-0.4850,3.4383,8.1914,3.2750,5.3140
2024-03-25,19.1015,24.8697,16.8528,17.2593,23.8096,29.1402,29.9273
2024-03-26,-18.0171,5.8780,-6.8594,-12.3174,-7.9270,-2.7174,-0.6519
2024-03-27,-12.4016,-3.4972,-0.1495,-8.3343,-9.6317,6.1639,-2.7212
2024-03-28,-5.7414,-11.3368,0.8594,-2.8541,-7.9629,2.5758,-1.7145
2024-03-29,-2.4677,-9.5504,-8.5810,-8.1310,-5.8636,-0.1502,-7.7842
2024-03-30,-0.6249,-14.3716,-1.5375,-1.6441,-4.2609,-3.4470,0.1575
2024-03-31,3.0870,-19.4458,-3.2684,0.5014,1.2382,-3.2846,-0.1444
2024-04-01,-1.1295,-33.1291,-7.5205,0.2434,0.2562,-5.1139,3.2690
2024-04-02,0.8605,-17.7312,0.7552,2.6040,5.0607,-1.6578,3.8061
2024-04-03,-3.4293,-9.3048,5.2860,0.8300,-0.4142,2.1313,0.1702
2024-04-04,-3.9676,-7.5981,0.9651,-0.6357,-2.5190,-2.1374,-3.3613
2024-04-05,-1.2542,-6.4484,-3.9806,-0.0442,-0.7866,-1.3643,-0.9294
2024-04-06,3.8976,-2.1910,-2.4210,-0.5150,3.3499,-4.5287,-0.3362
2024-04-07,5.6917,0.2803,-1.5937,2.2377,4.6708,-3.5060,-0.8683
2024-04-08,-7.3719,-6.0510,-1.7554,-0.7351,-4.9445,-4.8346,-1.5506
2024-04-09,-3.0111,-9.6573,1.2404,0.0961,1.2412,-0.6648,1.1056
2024-04-10,-0.9651,-7.3520,1.1059,1.3750,2.9145,0.2073,2.6313
2024-04-11,1.2516,-2.3166,-1.5491,-2.3117,1.7314,3.0251,-3.2079
2024-04-12,-5.8896,-6.9023,-2.0041,-0.5573,-4.8032,-1.4194,-1.8301
2024-04-13,6.5390,-4.5354,7.4442,4.1569,4.7951,4.8555,3.6443
2024-04-14,8.8034,-1.7248,-8.4884,-2.1156,9.1820,-0.1957,-2.2565
2024-04-15,-9.2697,-3.7383,-1.8354,0.0052,-5.0471,-4.1255,4.1111
2024-04-16,-2.1272,-2.8611,5.5044,0.9901,2.1153,1.6451,3.3266
2024-04-17,4.3044,2.3075,0.4531,-0.0347,5.9253,3.8848,-1.2588
2024-04-18,-7.2443,-6.2770,-1.2728,-2.1307,-5.3328,-2.3897,-5.6397
2024-04-19,-6.7818,-7.1655,-2.1039,-2.8807,-7.9519,-3.6415,-4.4093
2024-04-20,3.7623,-9.5850,-0.9591,-1.6921,0.7280,-5.0871,-0.5714
2024-04-21,6.6108,-11.4070,-4.6384,-0.1084,4.4442,0.1113,-0.3652
2024-04-22,-7.5081,-9.6869,1.0266,1.7074,-4.4343,-0.4676,3.2267
2024-04-23,0.2164,-7.5243,2.7013,3.2504,3.9650,-0.0743,5.0536
2024-04-24,2.1706,-9.4161,1.6250,1.9193,3.5825,1.4204,2.3811
2024-04-25,-5.3187,-7.5357,-4.3329,-3.6513,-4.1880,-5.4298,-4.1946
2024-04-26,-3.4185,-4.1996,0.7830,0.3935,-4.6420,0.7436,-2.4313
2024-04-27,2.5830,-5.2885,2.3279,-2.0803,0.1418,-0.0747,0.0845
2024-04-28,5.9423,-5.8824,0.3858,1.8760,3.4752,1.0546,3.8673
2024-04-29,-7.6377,-6.0142,-2.7148,-0.5587,-6.7406,-4.5615,-7.5699
2024-04-30,2.7193,-3.6669,2.0446,1.0108,3.8983,0.9646,3.0635
2024-05-01,7.1363,1.0151,-1.2782,1.4805,7.9099,1.6616,4.9800
2024-05-02,-0.3036,6.3658,-3.4025,-0.6031,2.2177,-1.1643,-3.0138
2024-05-03,-3.8813,5.8560,-1.1608,-1.1843,-3.0667,0.9297,-4.1780
2024-05-04,-2.7252,0.3785,2.6312,-2.3741,-4.1561,-0.1079,0.1923
2024-05-05,-1.0023,-6.2014,0.0992,-2.0367,-2.2217,-2.4694,3.0162
2024-05-06,-10.7740,-9.3865,-3.5140,-2.9035,-10.6566,-5.2238,-5.7762
2024-05-07,-5.6913,-16.8059,-2.4183,-1.5012,-5.3239,-4.6462,-4.7440
2024-05-08,-1.3837,-23.4220,-2.8705,-1.5386,-0.8199,-3.8626,-0.9126
2024-05-09,1.0288,-22.3985,-0.9324,1.4024,0.2840,-1.7401,0.3985
2024-05-10,-0.0236,-19.2839,-2.3279,0.4308,-1.0820,-1.4344,-0.7381
2024-05-11,10.1159,-8.6287,5.5713,4.9247,8.0174,4.0431,6.7033
2024-05-12,-3.2134,-10.6695,-5.1519,-7.1308,-4.9418,-8.0106,-5.6973
2024-05-13,-7.9849,-7.8771,-2.8485,-1.0848,-6.1000,-1.6761,-3.7058
2024-05-14,1.7312,-0.6267,3.1612,2.5956,2.6145,1.5270,4.5356
2024-05-15,-1.2760,-0.5181,1.8071,0.4100,-1.2985,-0.1995,1.1977
2024-05-16,-4.0940,-5.5626,-1.8797,-1.5165,-3.6828,-2.0254,-2.5600
2024-05-17,-3.5068,-8.8528,-1.0849,-1.3356,-4.6095,0.9903,-0.1844
2024-05-18,-1.2927,-18.2961,-1.7801,-3.9644,-4.6266,-2.5553,-0.5325
2024-05-19,2.2094,-13.7184,0.5576,-0.0173,-1.2283,0.3169,0.6382
2024-05-20,-9.1327,-14.7946,-5.1639,-4.4685,-9.9275,-5.9371,-4.9225
2024-05-21,-3.7692,-19.4015,-3.9735,-2.5601,-3.9530,-3.2203,-3.3388
2024-05-22,-1.5233,-19.6033,-2.5161,-2.4614,-1.7761,-1.3099,-3.2141
2024-05-23,2.0041,-14.4914,-2.1891,-0.2780,0.7998,3.0367,1.1638
2024-05-24,-0.0127,-11.3951,-0.3950,2.2172,-2.6814,2.1935,0.7119
2024-05-25,9.4303,-1.7695,10.0003,7.5841,6.2483,6.8743,10.8338
2024-05-26,-1.1659,-5.0134,0.3752,-4.2133,-3.0509,-3.2501,-2.3718
2024-05-27,-9.4685,-5.3645,-3.9247,-2.7879,-7.7694,-1.9293,-2.2547
2024-05-28,-0.4143,-2.0652,0.7204,0.1183,2.9552,2.8618,5.9881
2024-05-29,-1.0341,-1.5788,1.6586,0.3025,-0.5718,1.3200,4.2603
2024-05-30,0.4178,-3.1093,2.8023,1.1274,0.8150,4.9810,5.4214
2024-05-31,-0.6532,-3.7299,-2.4550,-0.9886,-1.3341,1.4448,3.1823
2024-06-01,6.2046,-6.5677,2.1664,2.4412,4.7984,2.8175,1.1405
2024-06-02,6.6445,0.8159,3.8151,3.5559,5.6366,3.2110,0.3684
2024-06-03,-6.8946,3.6822,-2.1907,-0.4551,-5.6751,-1.7214,1.8439
2024-06-04,-0.5378,3.5536,1.9225,0.5917,1.6956,1.9073,3.0374
2024-06-05,-1.7612,2.7928,-0.7175,-2.1928,-1.5236,-1.7887,0.0038
2024-06-06,8.2970,10.8583,6.6546,7.3882,8.0483,6.3612,8.2161
2024-06-07,-0.4206,11.1179,-0.2974,-0.2815,-0.7006,0.6691,-4.6223
2024-06-08,3.1125,7.8828,1.0511,-1.8253,3.2262,-2.3248,-3.3041
2024-06-09,4.6173,5.8320,3.1284,1.1743,5.1751,-0.2737,-4.9277
2024-06-10,-9.1538,3.2640,-3.1028,-2.7120,-7.7944,-6.4148,-0.1484
2024-06-11,-2.3752,1.3564,0.8859,-0.5678,0.5234,-0.5761,1.8918
2024-06-12,-2.0656,1.0423,0.8179,-2.0354,-1.3950,-1.3015,2.6880
2024-06-13,-3.7911,-10.2360,-2.2111,-4.2788,-4.2822,-3.2090,2.8431
2024-06-14,-0.7826,-10.5624,-0.8269,-1.2432,-2.2967,0.8521,0.8430
2024-06-15,4.3558,-9.4840,3.0768,2.3663,2.3744,0.8224,1.7091
2024-06-16,2.0679,-11.6898,1.6299,0.3834,0.0842,-1.0683,1.9304
2024-06-17,-5.5942,-8.2296,-3.8577,-2.1177,-4.9423,0.9169,-5.4305
2024-06-18,-7.7391,-13.2718,-4.7803,-5.3454,-7.3370,-3.9187,0.5678
2024-06-19,0.8400,-10.6987,-0.6639,-1.4857,1.3510,1.2334,1.6074
2024-06-20,10.6374,2.6939,4.1803,6.4583,10.2746,6.3325,-0.5385
2024-06-21,5.9759,9.6892,0.6596,2.6993,4.5870,1.4406,-3.0069
2024-06-22,5.4526,10.8421,3.5243,1.6146,5.0360,0.2293,-2.9224
2024-06-23,0.2674,8.8869,0.7941,-0.6529,2.0806,-2.3027,-3.8333
2024-06-24,-7.0990,7.1513,-2.8761,-0.2112,-4.5165,-0.3626,-2.7654
2024-06-25,-1.0094,14.9670,-1.2627,-3.2814,2.0487,0.5647,-4.3258
2024-06-26,-1.0247,12.8410,-5.1747,-6.6386,-0.0440,-4.0477,-8.5358
2024-06-27,8.7629,10.9292,-0.9050,-2.0609,9.1244,0.8582,2.0726
2024-06-28,12.4990,17.7572,3.6696,3.4598,11.0058,6.3276,10.9006
2024-06-29,-1.2841,10.2344,-3.7060,-9.0251,-3.6068,-5.9104,-5.0051
2024-06-30,-1.8972,7.8546,-1.3212,-3.1967,-0.3125,-0.8450,-0.3760
2024-07-01,-7.4714,7.4222,-4.2883,-0.4166,-4.7455,0.3108,0.0852
2024-07-02,-4.4228,3.7181,-5.7954,-4.2299,-3.9682,-2.7528,-9.1970
2024-07-03,7.9241,13.0958,6.3504,4.4721,6.4453,7.8144,3.9493
2024-07-04,8.1128,12.4197,3.4582,1.4262,5.7757,2.2172,0.6737
2024-07-05,0.2670,0.1963,-4.2899,-5.3507,-0.5517,-1.4027,-0.6711
2024-07-06,2.8424,4.3847,0.7596,-1.5992,3.3248,0.1701,-2.3647
2024-07-07,7.6870,14.5826,5.8548,4.7243,8.4174,4.0957,3.9360
2024-07-08,-3.8783,19.0321,2.0074,4.6035,-2.1446,3.1297,8.2098
2024-07-09,-4.7983,18.5645,-0.3492,0.5285,-2.2546,3.6960,0.0399
2024-07-10,-5.1261,4.2277,-2.1361,1.9095,-4.2938,1.2056,1.6464
2024-07-11,-8.5600,-11.8459,-6.8557,-2.9201,-8.9925,-2.6200,-5.4382
2024-07-12,3.1179,-9.3394,0.5941,4.5239,0.6982,3.3715,5.3570
2024-07-13,7.1875,-5.5089,3.0150,1.3458,2.8257,1.9151,-4.3165
2024-07-14,-0.2815,-12.5010,-1.0789,-1.7352,-2.7688,-0.9600,-7.0205
2024-07-15,-7.4958,-15.7939,-5.7811,-5.7357,-7.2288,-1.6008,0.6286
2024-07-16,-5.5194,-16.4317,-5.4416,-3.9363,-5.7239,-1.9946,-3.6818
2024-07-17,-0.8832,-12.6944,-4.4552,-3.0833,-1.4557,0.6222,-3.1371
2024-07-18,1.6481,-2.9479,1.8526,3.5848,-0.7467,1.6241,3.9436
2024-07-19,0.1140,-5.7750,-1.1716,0.0372,-2.9545,-0.6466,0.3752
2024-07-20,3.0054,-9.4514,1.0684,0.7266,-0.6384,-2.0218,-0.7689
2024-07-21,-0.7338,-9.8621,-2.7584,-3.0933,-4.6968,-5.7322,0.2426
2024-07-22,-1.6326,-4.1490,1.1505,4.8065,-2.6430,0.6361,0.0741
2024-07-23,0.6792,2.1395,1.5603,2.2031,0.7450,1.3623,1.6215
2024-07-24,3.4209,6.5749,1.2896,0.9298,3.7346,0.0846,4.5708
2024-07-25,-1.3102,3.4731,-0.1014,0.5863,-1.6681,0.7492,0.9326
2024-07-26,-0.7295,2.6013,-3.4831,-5.3084,-2.2727,-2.2541,-1.1838
2024-07-27,1.2049,0.8079,-1.1208,-2.4048,-1.7282,-2.5584,-1.4653
2024-07-28,1.1839,2.7555,0.4260,-1.5298,-0.9258,-2.0895,-1.4870
2024-07-29,-8.5047,-4.4232,-4.3033,-3.1635,-7.8331,-3.7470,-3.4209
2024-07-30,-4.9053,-9.7247,-2.4615,-2.9928,-4.8774,-1.2902,-1.2642
2024-07-31,3.7534,-9.4344,-1.5389,4.0073,3.2337,2.9240,3.5209
2024-08-01,16.6790,7.0739,7.4329,4.2119,15.3032,7.6424,10.6313
2024-08-02,-2.3060,5.3735,-5.0256,-6.3167,-2.2363,-4.7154,-5.6779
2024-08-03,4.0205,8.3050,1.4695,0.3397,6.1359,-2.2190,-3.3733
2024-08-04,5.0059,12.3960,4.0006,2.4126,8.2347,1.5184,-0.4870
2024-08-05,-4.4935,17.3235,-0.7116,-1.0031,-0.4616,-0.6461,2.0509
2024-08-06,-1.9289,20.9956,-0.1433,-1.6950,3.1868,1.1939,0.0673
2024-08-07,2.7206,19.7912,-0.7262,-2.0498,6.5743,-0.9165,-0.2646
2024-08-08,2.2919,5.0203,-0.4040,0.8445,5.3181,1.0773,-1.6309
2024-08-09,-1.7764,5.5896,-2.7644,-3.1478,-1.6903,-2.0206,-3.4761
2024-08-10,4.7902,6.3709,1.6153,-1.2944,4.6811,-1.4631,-0.1886
2024-08-11,9.1140,10.5323,4.6645,3.9428,9.3147,2.6148,0.0803
2024-08-12,-3.8714,11.2523,-1.3657,-2.8927,-2.0383,1.7082,3.1039
2024-08-13,-2.5506,10.5470,-0.6256,-0.7874,-0.4894,1.9137,0.9469
2024-08-14,-4.8463,2.4036,-3.2739,-5.0032,-3.4805,-0.7502,-2.4668
2024-08-15,13.4183,13.5422,8.9779,9.9852,14.1006,16.6261,8.8699
2024-08-16,-12.9114,0.6706,-11.2622,-10.1817,-15.8729,-9.8932,-8.0943
2024-08-17,-2.1792,-6.0247,-3.3024,-3.6538,-4.9499,-4.0200,-3.8913
2024-08-18,1.6713,-12.4348,0.0529,0.0928,-1.1807,-0.2496,-1.8046
2024-08-19,1.1006,-7.9058,5.5117,7.6729,0.0247,5.3735,14.6621
2024-08-20,2.1293,-3.4829,3.1062,1.9024,3.5241,3.2746,3.5487
2024-08-21,-2.6058,-1.2104,-0.9159,0.2729,-1.6953,-1.7237,-5.0723
2024-08-22,-6.4479,-18.5142,-7.6466,-3.8087,-6.0545,-5.7934,-4.4305
2024-08-23,6.8758,0.0000,2.7975,1.7738,4.3792,2.1874,8.9800
2024-08-24,2.0853,4.3595,0.0685,-2.7558,-1.2317,-1.1605,-2.2132
2024-08-25,4.2836,7.0409,2.2987,-2.6249,0.1796,0.5999,0.1145
2024-08-26,-2.0339,3.7222,-3.9282,-3.1804,-1.3693,0.2651,-0.0060
2024-08-27,-2.2014,-0.6762,-2.3741,-2.1806,-0.5794,-2.2451,3.2957
2024-08-28,1.2821,3.2887,0.1699,-0.6779,2.2473,1.3815,4.1558
2024-08-29,5.6715,16.6695,3.8162,1.9444,5.9003,4.6595,10.7782
2024-08-30,-4.8595,3.8588,-3.9722,-2.9512,-5.3939,-1.1256,-0.9497
2024-08-31,-2.8694,-1.1820,-0.7778,-3.7770,-6.8869,-3.2498,-2.6322
2024-09-01,-0.4104,-5.6300,-0.3232,-2.0882,-5.4239,-2.1031,-3.7185
2024-09-02,-3.1936,-6.7471,-3.2570,-1.5579,-4.4466,-2.7519,-2.0800
2024-09-03,-1.1853,-5.7782,-2.5597,-3.1493,-0.0292,-0.6190,-1.9475
2024-09-04,11.2586,3.5028,9.6857,8.7084,12.0724,9.2108,12.0760
2024-09-05,2.7002,0.5925,3.0219,1.2224,3.0646,3.9698,3.8608
2024-09-06,-2.9172,2.6461,-5.6469,-7.9257,-2.7883,-3.2683,-2.3163
2024-09-07,6.1127,12.1381,1.6169,-0.7629,3.8339,1.9635,2.5456
2024-09-08,4.0370,17.1460,2.6967,-2.2571,3.1764,1.9710,0.7556
2024-09-09,-8.8556,10.2944,-1.4665,-0.5379,-6.0553,0.4295,-3.7859
2024-09-10,-2.0887,9.2859,-1.2320,-2.2935,-0.9535,-0.8956,-3.1251
2024-09-11,1.8050,0.0000,0.7334,0.7810,1.1704,2.7695,1.4904
2024-09-12,7.8681,5.0320,-3.6406,-5.1713,6.0877,-0.3000,2.0730
2024-09-13,13.6162,22.9192,8.5634,8.0763,14.2513,14.5848,10.1554
2024-09-14,2.1988,18.3855,1.6031,-1.0311,2.1402,-0.3888,-0.4085
2024-09-15,-2.7507,10.6616,-3.2943,-4.2349,-0.8084,-3.0003,-0.6241
2024-09-16,-6.9761,12.9436,-3.9781,-5.2737,-5.3194,1.6029,-3.4827
2024-09-17,-6.1936,8.2085,-0.4991,-0.6066,-4.4052,-1.3581,-0.1081
2024-09-18,5.8709,12.5301,-1.1066,0.2273,6.3623,-0.1519,2.3200
2024-09-19,4.6898,9.2145,5.0214,1.9813,2.6418,2.8942,2.6242
2024-09-20,-7.3581,-10.9472,-4.3285,-6.6869,-8.2598,-5.4634,-6.3982
2024-09-21,-3.3976,-15.8238,-3.4846,-4.2048,-5.2788,-6.0270,-5.3984
2024-09-22,-2.3007,-15.4342,-1.6221,-1.9323,-3.8310,-2.4995,-2.5326
2024-09-23,-10.3099,-18.4649,-4.7383,-2.1990,-10.4420,-6.5654,-3.7148
2024-09-24,-5.5180,-17.8777,-2.8310,-1.2333,-5.7098,-4.5962,-3.7747
2024-09-25,-0.7072,-22.9802,-1.7730,-0.9903,-2.3997,-3.5891,0.5572
2024-09-26,4.7673,-22.9232,-0.3644,-1.8014,1.6905,-2.9574,3.1318
2024-09-27,3.1416,-14.1876,-0.8148,-1.2313,-0.2009,-1.4945,1.7608
2024-09-28,10.8497,-1.5316,3.5013,3.4843,8.6870,-1.9372,3.2103
2024-09-29,3.0691,3.8804,-2.5369,-4.0623,2.7458,-2.4207,-1.0456
2024-09-30,-9.2662,5.0892,-3.9524,-5.2838,-6.8800,-3.8416,-3.2692
2024-10-01,-1.2095,9.8814,2.1894,1.2989,0.5278,2.0048,1.5894
2024-10-02,9.5618,21.2455,7.1239,3.7604,8.2069,9.7216,10.4849
2024-10-03,-8.8066,5.5367,-6.3798,-3.9024,-11.8636,-7.5929,-6.6367
2024-10-04,-1.3249,0.9664,-1.5977,-0.3474,-4.2363,-1.6742,-1.6144
2024-10-05,2.4104,-6.7204,-0.2172,-0.9311,-0.1316,-4.0886,-4.2679
2024-10-06,6.7752,-3.3663,2.7284,2.1247,5.0006,-1.1801,3.4490
2024-10-07,-2.8562,3.4606,-0.4734,-2.1654,-1.2741,-2.5900,1.3218
2024-10-08,1.4190,6.2133,2.8582,-0.6315,2.9776,1.5353,1.6993
2024-10-09,3.0544,-0.0952,1.5007,0.6607,3.4171,-0.5874,2.1313
2024-10-10,2.6650,12.4722,1.5558,0.4884,1.2645,-2.7613,2.8302
2024-10-11,5.7591,20.5468,1.9849,2.1475,5.3418,-0.0201,7.1802
2024-10-12,16.2516,36.8392,6.4336,6.7610,15.8446,6.1049,12.6037
2024-10-13,0.6596,29.0018,1.7533,2.1970,1.1574,-0.5072,-0.4838
2024-10-14,-7.9073,22.2942,-0.5526,-1.1951,-6.9021,-1.9514,-12.5653
2024-10-15,1.6780,22.6065,3.5925,4.3985,2.7072,4.3655,0.3086
2024-10-16,-0.8168,18.0008,1.0802,0.9600,-1.5440,-0.7589,-1.5363
2024-10-17,-2.8758,11.6323,0.1134,-0.4438,-4.2208,0.3629,0.0332
2024-10-18,-0.2572,5.2819,-0.3618,0.6803,-2.6020,1.5094,0.1900
2024-10-19,2.3901,-7.2716,0.4110,-0.0604,-2.8022,-0.0509,1.6905
2024-10-20,0.7345,-7.2026,-2.9545,-2.1797,-2.3731,-1.9647,-2.9835
2024-10-21,-6.3533,-5.6368,-3.8868,-1.4256,-6.5380,-1.2741,-4.2997
2024-10-22,0.7120,-6.5332,-0.6452,0.5010,-0.0182,0.5082,0.8965
2024-10-23,3.7226,-2.2555,2.3242,2.6437,1.7240,3.0568,4.2024
2024-10-24,0.4713,1.1130,-1.3119,0.1991,-1.3869,-1.1509,-0.2235
2024-10-25,3.1334,4.5502,-1.5069,2.5099,0.5996,1.1120,2.9309
2024-10-26,5.8450,8.0779,-0.3494,1.7018,1.6001,-2.1717,-0.3155
2024-10-27,3.1733,10.6945,0.1290,-1.1535,1.2519,-0.1383,-1.0280
2024-10-28,-7.8947,8.8725,-1.3046,-3.5475,-7.1650,-1.8462,-2.9748
2024-10-29,-2.9967,4.8633,0.3757,-2.7162,-4.8993,1.0433,-1.4710
2024-10-30,1.6513,2.7692,3.2857,0.6566,-2.2456,4.1649,3.0296
2024-10-31,17.3850,20.0698,8.2995,7.2814,14.1115,14.4096,13.5365
2024-11-01,8.1933,25.9607,4.7883,13.3600,6.2719,8.2455,8.5874
2024-11-02,5.5113,25.5635,1.1289,2.7883,4.0286,1.2577,3.2055
2024-11-03,0.2066,21.9529,-2.8923,-2.1791,-1.5045,-3.7732,-1.8261
2024-11-04,-8.2396,21.4963,-1.9356,-2.2315,-8.2519,-3.2275,1.4553
2024-11-05,-3.1812,21.2651,-0.1789,-1.9307,-2.4195,-0.8922,-6.0746
2024-11-06,-0.8733,18.2535,-0.4222,0.5925,-2.3372,-1.7566,-4.3157
2024-11-07,1.7399,2.4926,0.0027,1.0969,-1.0858,0.5845,-1.1321
2024-11-08,-2.1492,-7.3050,-4.3901,-3.0053,-5.1688,-1.3325,-2.7327
2024-11-09,2.2974,-10.1285,-3.1689,-2.5412,-2.6326,-2.3799,-3.4646
2024-11-10,3.2390,-7.4088,-3.1996,-1.3435,-0.1646,-1.6321,2.0573
2024-11-11,-5.1065,-4.2473,-1.9395,-0.3722,-4.2933,-1.3110,-1.4541
2024-11-12,0.2913,-0.8131,2.7271,0.5109,0.4664,2.1341,0.4638
2024-11-13,3.5957,3.6585,1.6282,2.2722,2.7489,1.5975,5.6283
2024-11-14,2.1708,4.0976,-0.6641,1.1025,2.0651,0.3341,1.8367
2024-11-15,2.8945,9.4634,-8.5642,-7.6637,2.0309,0.6897,1.9037
2024-11-16,5.3760,12.7577,1.1886,4.3138,5.2588,1.1457,-4.6036
2024-11-17,4.2090,13.8171,0.3865,1.4693,4.8430,0.2093,-1.9061
2024-11-18,-3.4608,15.7909,2.7188,1.3165,-1.4912,2.1032,2.1620
2024-11-19,0.4928,16.0237,2.1413,1.9907,1.8537,3.3369,0.9179
2024-11-20,-2.7123,8.9589,-3.0868,-1.5545,-2.8028,-2.1645,-3.7630
2024-11-21,2.3412,9.1406,0.6751,3.0998,0.1148,1.7483,-1.0072
2024-11-22,-0.4605,5.5819,-2.9749,0.7403,-1.9984,-0.6111,-0.8997
2024-11-23,6.1315,6.3389,1.3643,1.9000,4.2881,0.7976,-0.5300
2024-11-24,3.3839,5.4969,-1.1823,-1.4378,4.3157,-1.0843,1.4527
2024-11-25,-6.3522,2.3373,-0.4323,-2.5649,-4.8277,-0.5421,0.6295
2024-11-26,-0.2146,1.6168,0.6245,0.4675,-0.5648,3.8003,2.4242
2024-11-27,-1.1317,3.2678,-1.1804,-0.2198,-2.0059,-0.1279,2.3825
2024-11-28,-1.1605,-0.2657,-3.5751,-0.6480,-3.2368,-0.4168,-1.0072
2024-11-29,-0.8319,-0.6378,-4.2053,-0.1373,-2.8535,-0.4989,2.9632
2024-11-30,3.0580,-3.5153,-3.1670,-0.8515,0.7516,-1.6812,-3.0892
2024-12-01,4.2300,-2.7256,-1.3526,0.4096,3.9050,0.2476,2.3762
2024-12-02,-4.5493,-0.8530,1.5161,1.6340,-2.2599,1.0382,2.3940
2024-12-03,-1.6224,-2.2517,-0.2239,-0.7503,-1.4076,0.4747,0.3979
2024-12-04,-1.8262,-2.9383,-1.8560,-1.2013,-2.8806,-1.4583,-0.4926
2024-12-05,1.0405,-0.7769,-2.2767,1.2603,-0.6235,0.1184,1.3226
2024-12-06,-1.3819,-1.3271,-5.3176,-1.0066,-3.3271,-1.9012,-1.2094
2024-12-07,6.1737,1.6560,-1.0129,2.1104,3.4974,0.9329,4.3696
2024-12-08,2.1517,-0.3710,-4.9834,-2.3079,2.9145,-1.6841,1.0949
2024-12-09,-5.4574,-1.3187,-0.3007,-0.6805,-3.7811,-0.4409,-2.4596
2024-12-10,-4.9980,-4.7048,-3.5067,-4.1178,-5.5344,-3.4356,-4.3638
2024-12-11,-1.2503,-4.1458,-1.2316,-1.1487,-3.0413,-2.0578,-1.1177
2024-12-12,1.5911,-3.6235,-0.3362,1.2620,0.0061,0.6870,0.9145
2024-12-13,-2.4521,-4.6694,-4.5592,-2.7920,-5.0877,-2.0026,-1.3964
2024-12-14,4.1429,-6.4928,-1.3047,-0.9528,-0.2858,-0.1863,2.1293
2024-12-15,2.6778,-6.0112,-2.4002,-1.1492,1.0554,-0.9819,1.3833
2024-12-16,-6.6163,-7.1633,-1.0414,-1.3821,-5.8095,-1.3101,-0.8302
2024-12-17,-1.8033,-4.0414,0.7354,-0.8754,-3.5789,1.2174,0.0419
2024-12-18,-4.1437,-6.8530,-3.3945,-3.6062,-5.0167,-2.6583,-1.0346
2024-12-19,0.7908,-7.5868,-1.2236,1.0544,-0.6468,0.6837,-0.5815
2024-12-20,-2.6113,-7.7377,-4.7455,-2.1681,-4.3885,-2.4041,-0.9897
2024-12-21,7.8660,-4.4393,1.9120,2.1729,3.2510,2.8066,3.0924
2024-12-22,5.6790,-1.6461,0.4982,1.7389,4.3109,2.2187,2.6456
2024-12-23,-8.5205,-3.6517,-4.0375,-6.5591,-6.2649,-0.9308,-4.5703
2024-12-24,-1.5808,-3.4334,0.2382,-1.5462,0.2810,0.3092,-0.1808
2024-12-25,3.3836,4.1496,-2.4399,-5.3516,4.0998,3.6111,-0.1883
2024-12-26,-1.2483,2.0426,-0.2773,2.7915,1.0214,-0.7416,1.1758
2024-12-27,-0.9739,3.7583,-3.9469,-7.3232,-1.2483,1.3765,-1.1839
2024-12-28,1.9216,-1.9598,-2.6546,-3.5669,0.0397,-1.8132,-3.3242
2024-12-29,-0.4560,-7.6514,-3.9008,-3.7893,-1.0841,-3.7583,-0.3762
2024-12-30,-5.3364,-4.4370,1.7853,1.0745,-4.3534,0.1008,3.5118
2024-12-31,-2.1014,-4.9425,1.3829,0.4140,-0.8011,0.1349,0.5585
2025-01-01,-2.5735,-10.4198,-0.3367,-0.6969,-2.1297,-2.2348,2.4662
2025-01-02,0.7955,-8.5658,2.3603,1.5707,-0.1033,0.6136,0.8264
2025-01-03,-3.2891,-10.7035,-2.9763,-2.3738,-4.5676,-2.0432,0.2013
2025-01-04,6.4823,-6.7078,3.7086,3.3645,1.6642,1.3975,-0.8637
2025-01-05,3.2610,-3.2242,0.6082,-1.8551,1.3065,1.7358,0.4037
2025-01-06,-7.0109,-4.9362,-0.5040,-1.3306,-4.4926,-1.2941,2.5370
2025-01-07,-2.9539,-5.7639,-0.0542,-0.3583,0.2324,-1.2426,0.5224
2025-01-08,2.2627,-1.0861,3.9000,3.2840,2.8998,0.7508,7.1521
2025-01-09,1.9610,0.0577,2.8144,2.8620,3.4261,0.6535,1.9236
2025-01-10,-4.0509,-0.7305,-3.8144,-2.5943,-3.9597,-2.6839,0.3607
2025-01-11,4.6929,-2.3986,0.7288,0.2010,2.0289,-0.3438,-1.4829
2025-01-12,3.6388,-2.0416,1.0422,1.3103,2.9197,0.5878,-0.9826
2025-01-13,-5.5574,-0.5104,1.6425,0.3288,-1.4438,0.8275,3.4591
2025-01-14,-0.1133,2.4017,3.7535,1.5960,2.7442,2.2163,3.4420
2025-01-15,0.1021,0.2381,1.5377,0.5022,1.6596,0.4304,1.3447
2025-01-16,-0.1133,-1.8011,0.1287,0.9352,0.7586,-0.7611,-0.1118
2025-01-17,-3.3078,-1.0405,-2.8774,-2.2588,-3.9345,-1.9529,2.3945
2025-01-18,8.4452,2.5062,4.6741,3.6796,4.5586,2.4444,1.2018
2025-01-19,7.0031,5.8338,4.0155,4.0499,6.9356,4.2708,4.2097
2025-01-20,-2.3579,9.4192,5.5619,3.2043,1.6689,5.6503,5.7396
2025-01-21,0.2613,9.8295,4.0419,1.6854,5.5196,3.8227,1.7902
2025-01-22,-0.0373,9.6766,1.6301,0.4039,3.6977,1.5063,1.3183
2025-01-23,3.8626,14.0421,4.3320,4.0815,6.2002,3.5260,2.3915
2025-01-24,-3.6350,13.6562,-3.5778,-3.1040,-3.0202,-2.0930,-0.7015
2025-01-25,5.3646,10.4276,1.4973,-0.4241,3.8585,0.9331,-2.1910
2025-01-26,14.6466,18.3158,2.3713,3.8375,13.7397,10.4487,-5.9526
2025-01-27,-12.8098,5.6510,-3.3297,-4.9654,-11.2669,-4.2991,1.9345
2025-01-28,-4.1473,1.0054,0.4319,-2.6110,-4.5591,-1.7553,-3.1535
2025-01-29,-0.1255,0.9163,1.5104,-0.7279,-0.6244,-0.2305,-0.2230
2025-01-30,2.3641,-0.5396,2.4376,2.0125,0.6383,1.3615,1.9383
2025-01-31,-1.6926,1.4652,-1.3008,-1.1335,-3.6937,-0.3295,-1.4295
2025-02-01,7.2764,3.3062,2.9853,1.1551,3.1079,1.8740,2.3600
2025-02-02,1.5131,-8.5282,-4.3512,-2.7707,-0.2409,-2.9893,-2.5774
2025-02-03,-3.9630,0.7530,1.9698,1.5808,-4.5119,0.6047,-2.8981
2025-02-04,-2.1332,2.8701,-0.1278,-1.0024,-2.6118,0.4175,-2.2998
2025-02-05,13.8840,17.2998,13.0394,12.7919,12.1247,14.3221,13.2799
2025-02-06,-8.8567,4.4418,-9.0613,-8.3550,-7.7682,-7.7520,-10.1488
2025-02-07,-5.3354,0.5716,-6.5482,-5.0961,-8.9308,-5.4206,-5.0088
2025-02-08,6.9856,0.2990,1.5378,1.5901,-0.2471,-2.4591,2.7034
2025-02-09,4.5616,3.3111,-0.3111,0.7998,1.0085,-3.0095,0.8996
2025-02-10,-4.7252,2.4912,1.4107,0.0805,-4.8320,-0.2096,-2.3803
2025-02-11,0.2715,5.0095,3.2856,1.6077,-1.9746,0.5807,1.1467
2025-02-12,-0.9680,-8.6851,-2.7129,-1.7257,-2.5417,-1.7056,-1.0942
2025-02-13,-0.2815,-0.0938,-0.7273,0.3753,-2.9530,-1.7252,-2.4285
2025-02-14,-0.7848,4.7087,-2.4503,-0.0276,-3.7236,-0.8933,-1.5758
2025-02-15,10.8032,8.4451,5.0698,4.7053,6.4215,3.2315,5.4852
2025-02-16,-1.2373,2.4309,-5.7467,-5.2324,-0.4502,-3.8936,-4.1621
2025-02-17,-4.5170,2.6546,3.0943,0.6117,-4.6825,0.6752,-1.3214
2025-02-18,-1.3438,1.0010,0.1775,-1.0710,-3.4255,0.0466,-0.1353
2025-02-19,-0.6809,1.2937,-1.2423,-0.2721,-3.3651,-0.9710,-1.2193
2025-02-20,0.4927,2.0802,-3.0876,0.3069,-2.3325,0.6336,-0.2244
2025-02-21,-2.6771,0.1332,-4.7042,-2.1241,-5.6929,-0.8083,0.8743
2025-02-22,7.1500,-3.1683,-0.5571,0.4883,2.1364,-0.3562,0.7228
2025-02-23,2.8626,0.8514,-1.3937,-0.7416,2.9886,-2.1697,-1.3526
2025-02-24,-5.4414,-0.1249,1.2434,-0.2716,-2.7867,-0.1961,-0.5314
2025-02-25,-1.0032,0.2199,1.9728,-0.5275,-0.7165,0.8547,-0.1617
2025-02-26,1.4357,2.3557,-3.8388,-6.9443,0.5750,1.7938,-5.4429
2025-02-27,-0.4303,1.4157,-2.4361,-1.3332,-1.8018,-0.7070,2.9593
2025-02-28,-4.3796,-0.3583,-6.2417,-2.6886,-5.6285,-3.0839,-2.2182
2025-03-01,5.4731,-1.9177,-0.5306,0.0061,1.2127,-1.9212,-0.7027
2025-03-02,5.1981,0.3092,1.3037,2.2639,5.3019,0.2311,2.2453
2025-03-03,-5.6937,0.0417,1.0255,-0.1057,-2.4678,-0.7263,1.1644
2025-03-04,-1.5853,-0.5467,1.1993,-1.1303,-1.6760,0.0393,-0.7822
2025-03-05,0.2329,-1.7260,-0.8876,0.9740,-1.3394,-0.1609,-2.8083
2025-03-06,1.3185,0.0000,1.4020,2.4298,-0.1581,0.9656,1.8558
2025-03-07,-2.6351,1.8243,-3.0890,-1.5365,-3.4850,-0.7886,0.5049
2025-03-08,6.0172,2.3496,0.9682,1.4118,3.2830,0.2184,0.6831
2025-03-09,1.3062,-1.4369,0.0281,-1.5784,2.6147,-2.6552,-0.6905
2025-03-10,-4.6235,-0.3184,6.3134,1.3809,-1.8549,2.8625,3.4263
2025-03-11,-5.4574,-4.2403,3.7145,-3.4707,-4.8818,0.1769,-0.3124
2025-03-12,-1.2918,-5.6969,1.6481,-1.3101,-2.1855,0.9388,0.0457
2025-03-13,3.7111,-3.4700,1.1545,3.2613,2.2787,4.1512,5.7836
2025-03-14,23.9661,22.9032,13.5160,13.8473,22.2757,28.8285,21.7439
2025-03-15,-7.3550,7.4011,-12.7972,-7.9954,-0.3936,-2.9915,-6.7623
2025-03-16,-4.7626,0.9672,-9.1756,-7.5408,-1.7655,-4.2728,-4.7628
2025-03-17,-8.5009,-3.1376,-3.3113,-3.5211,-7.5929,-4.9966,-3.4318
2025-03-18,-0.9167,1.5145,1.8679,2.0308,-0.9658,-1.8382,-0.8315
2025-03-19,-2.9776,-0.2191,1.6737,-1.3557,-3.7625,-1.6196,-1.5736
2025-03-20,-1.6730,-5.3992,1.5159,-0.6639,-4.1311,-0.0233,0.5089
2025-03-21,-1.0906,-24.5205,-5.6105,-0.7649,-3.9226,-0.6087,-0.7700
2025-03-22,4.0162,-15.2562,-2.1056,-0.0117,0.0230,-1.5197,-0.1083
2025-03-23,4.0288,-7.4335,1.9837,1.3147,1.5316,-0.0899,1.3751
2025-03-24,-8.2286,-7.1580,1.8547,-1.9632,-6.0858,-0.6218,-3.8504
2025-03-25,-2.2155,-8.3749,6.1404,2.3926,-1.2572,5.6849,0.2945
2025-03-26,-4.6763,-9.9791,3.3801,-0.2861,-3.7584,2.5109,-3.2358
2025-03-27,-4.0632,-12.1674,0.5234,-2.3356,-5.5127,2.3646,-3.0375
2025-03-28,3.8737,-7.7590,-4.4662,-0.2274,0.7059,2.6450,2.6779
2025-03-29,15.0153,1.9949,-1.5813,7.0477,10.1816,3.2441,9.1712
2025-03-30,3.9254,1.8936,-2.0751,-0.2590,4.8635,-1.4497,0.5632
2025-03-31,-4.0196,6.5667,-1.4102,-5.9640,1.4645,3.4530,-0.5283
2025-04-01,-4.4129,4.1720,1.9586,0.4266,0.9544,1.3947,-0.3497
2025-04-02,-3.0847,5.9113,3.6514,0.0039,-0.3754,1.6504,-0.7635
2025-04-03,-4.3381,5.6078,4.1125,0.4029,-2.9400,1.5189,-2.4989
2025-04-04,-3.5820,-1.9723,1.6820,0.8763,-5.3475,2.3790,-2.0104
2025-04-05,2.9525,-12.2535,-0.3302,-1.3129,-2.3831,-1.7522,-1.1447
2025-04-06,2.3653,-13.5707,4.0864,2.4354,-0.8801,0.9040,-0.1784
2025-04-07,-13.0557,-21.7075,0.4887,-1.7856,-11.0050,-3.4285,-9.1596
2025-04-08,-6.2056,-23.1758,1.5442,-0.9127,-6.9408,0.3184,-3.5042
2025-04-09,-7.7220,-26.8519,-2.7613,-2.5859,-8.8092,-3.2998,-6.1954
2025-04-10,2.8001,-21.3936,-3.9074,-2.4168,1.0415,2.7508,1.0119
2025-04-11,8.0264,-11.9297,-3.9360,-1.2740,6.5765,1.3476,4.7222
2025-04-12,12.6518,-3.6325,2.3965,6.7354,8.6916,4.2510,5.2318
2025-04-13,0.0000,-5.8592,-0.8098,-2.0198,-1.0887,1.9638,-2.5970
2025-04-14,-9.3763,-1.8753,-5.5599,-6.2231,-3.2794,1.2993,-3.6538
2025-04-15,-7.3815,-3.1055,0.4653,-0.3314,-1.0830,-1.5337,-0.3701
2025-04-16,-4.2740,0.5150,2.6913,0.3620,-0.7434,-0.1542,1.1948
2025-04-17,-3.7485,-5.8880,0.8887,0.7858,-2.3689,-1.5543,-2.3895
2025-04-18,0.6566,-12.3085,-3.6463,-0.0032,0.5559,0.7092,-3.5265
2025-04-19,2.6694,-20.0791,0.6685,2.1048,-0.2312,-1.6239,-2.6007
2025-04-20,1.2099,-19.1122,0.9708,0.3608,0.0287,-1.6714,-1.0726
2025-04-21,-7.2634,-17.2263,0.4730,1.7527,-3.0309,-2.3597,1.4825
2025-04-22,4.0463,-7.0131,6.3108,6.2164,9.3280,3.5372,7.1730
2025-04-23,1.2171,-1.6791,2.1373,-0.2022,3.4263,-0.0059,2.5827
2025-04-24,-1.9085,0.2004,0.2675,-0.3921,-0.5952,-1.3982,-1.1403
2025-04-25,-2.0236,-2.4676,-0.2612,0.3941,-2.2217,0.4053,1.3396
2025-04-26,2.7008,-2.4377,3.0881,1.0470,-0.8198,0.1818,1.9352
2025-04-27,1.0455,-2.5961,2.0839,-1.0209,-0.1959,1.8055,0.2529
2025-04-28,-7.6810,-3.0348,-3.0480,0.8508,-2.9842,-2.8168,-2.0063
2025-04-29,2.3441,-4.6212,0.5564,-1.1224,7.7471,0.8572,3.0492
2025-04-30,-1.6387,-7.3123,-2.4224,-3.1032,2.1043,-3.3391,-2.4328
2025-05-01,-1.4686,-6.8966,-2.2058,-1.7163,0.6570,-1.9168,-2.5941
2025-05-02,19.4052,13.4664,3.5719,2.9541,18.9251,9.4992,7.5006
2025-05-03,3.5721,14.4291,0.1224,-1.2039,5.5032,1.1322,-6.5477
2025-05-04,-0.9245,12.1980,1.9972,-2.6426,1.6493,1.6123,-1.2517
2025-05-05,-2.3872,18.6317,2.9425,5.9235,4.2683,3.2396,4.2080
2025-05-06,-1.9039,13.7078,-2.8837,-3.7220,3.3562,-1.3443,-1.2608
2025-05-07,-4.5694,10.3198,-3.6704,-5.4522,-1.2318,-3.7099,-3.0175
2025-05-08,-2.5754,9.0804,-2.1769,-2.6635,-2.0160,-4.1606,-3.2083
2025-05-09,-4.5693,-12.8209,-2.9646,-1.9406,-6.5458,-2.6808,-0.1566
2025-05-10,3.5599,-12.8313,2.6865,1.0864,-2.7634,-1.3972,3.4082
2025-05-11,10.3252,-2.9335,10.3668,8.2201,6.1007,8.3634,9.5006
2025-05-12,-10.6792,-11.1791,-5.9449,-6.0867,-6.9966,-3.1369,-5.5302
2025-05-13,-4.3844,-13.4251,3.9329,3.0224,0.8810,3.7538,3.6092
2025-05-14,-1.3255,-10.4822,5.1611,2.3435,1.5919,2.9697,5.5656
2025-05-15,-3.8846,-11.6852,1.8219,0.0027,-3.4469,1.6466,1.3324
2025-05-16,-3.7031,-10.8836,-2.1767,-0.8130,-4.9759,-0.0040,1.2186
2025-05-17,4.7957,-9.8202,3.6394,2.8780,0.6475,2.8050,4.4985
2025-05-18,0.2768,-18.0337,-1.3341,-1.4932,-3.3852,-1.4195,-2.5516
2025-05-19,-13.6171,-20.7297,-9.5140,-5.4355,-12.2000,-8.5372,-9.0529
2025-05-20,-3.3608,-19.8811,-2.4436,-0.9570,-2.4371,-1.5237,-0.8137
2025-05-21,2.1310,-17.0747,2.1459,4.1921,2.1457,2.4410,1.5114
2025-05-22,16.3880,0.4160,9.8309,5.8869,15.0175,9.8191,13.0942
2025-05-23,-5.4892,-1.4465,-6.8786,-6.8045,-4.8144,-6.8196,-7.7805
2025-05-24,-0.9041,-6.8068,-1.4523,-3.8855,-3.7249,-5.0352,-4.6523
2025-05-25,24.9678,16.1400,11.4225,12.9377,22.1885,15.9331,15.9947
2025-05-26,-10.5285,20.2926,-5.5430,-3.5568,-2.6719,-3.7632,-5.5383
2025-05-27,-6.6876,16.1515,-0.8384,-0.5960,1.1351,-1.3273,-2.3700
2025-05-28,-8.3890,4.1875,-2.8532,-3.2508,-5.2320,-5.7878,-5.4739
2025-05-29,0.1196,-10.3756,0.7364,2.9933,-0.5673,-1.2553,1.2677
2025-05-30,9.5645,3.8998,5.4864,2.5898,6.8599,6.4441,7.4741
2025-05-31,2.7886,7.7715,1.9946,-0.0691,-0.0013,-1.0830,-3.3215
2025-06-01,10.9519,-4.3157,5.5575,3.9099,10.1643,5.3697,7.6629
2025-06-02,-4.3789,2.2609,1.3582,2.3731,2.4536,0.9503,1.1041
2025-06-03,2.2165,12.0189,4.4854,2.1066,11.3025,3.1753,4.0702
2025-06-04,0.0774,22.3712,1.2992,1.3828,3.0243,-0.8603,-0.1695
2025-06-05,0.0430,22.2777,3.4084,2.7684,1.2134,1.4606,0.5325
2025-06-06,-7.5541,3.1727,-3.5568,-3.3505,-8.8303,-3.4099,-5.8355
2025-06-07,-2.4133,-2.0486,-2.2818,-4.8839,-7.3479,-2.7795,-5.9315
2025-06-08,-3.3233,-14.6512,0.6255,-0.6835,-7.6213,-1.6513,-3.1124
2025-06-09,-10.1934,-19.8410,-1.5828,-0.8009,-9.4491,-0.4759,-4.5715
2025-06-10,-1.5194,-22.7707,2.0798,1.0396,0.1880,1.3657,1.9148
2025-06-11,-5.2195,-26.8583,-2.8188,-3.4274,-4.9311,-3.3411,-2.6824
2025-06-12,-8.6249,-33.1954,-8.2781,-8.6111,-9.6425,-7.5593,-8.6037
2025-06-13,0.6594,-27.2601,-1.6307,-0.8815,-4.1367,-2.0681,-1.2526
2025-06-14,5.0748,-21.6786,2.3893,1.6478,-2.4523,-1.0780,0.6269
2025-06-15,13.8843,-7.7381,7.2249,5.7101,5.6461,5.3539,8.8274
2025-06-16,-3.1246,-0.4761,-8.5174,-6.8291,-2.1780,-3.7994,-6.2998
2025-06-17,5.6831,6.8027,2.2210,3.2600,9.1476,3.5166,1.2788
2025-06-18,5.3370,18.6982,3.4685,2.7859,6.7697,1.5133,6.8267
2025-06-19,-4.4573,24.1121,-4.2291,-4.5108,-3.9488,-3.6722,-3.9503
2025-06-20,0.0428,23.3519,-3.5843,-3.6244,0.3608,-0.6642,2.6326
2025-06-21,-0.5111,16.7944,-0.7176,-1.0212,-3.3474,-3.6756,0.8957
2025-06-22,1.0399,3.6219,-0.2553,-0.4590,-2.5996,-1.1348,-1.1959
2025-06-23,-6.1646,0.3701,-0.4477,2.2180,-5.9600,-1.1071,-1.0386
2025-06-24,0.3715,-4.6744,2.1877,4.6171,3.2196,2.1504,1.5250
2025-06-25,-1.1881,-10.5794,-5.8955,-7.6262,0.1170,-5.9413,-7.3352
2025-06-26,-1.3498,-7.6710,-2.0003,-0.9941,-1.0370,-2.7749,-11.8465
2025-06-27,-3.0638,-10.5381,-4.2967,-3.8674,-4.8397,-4.1411,0.0779
2025-06-28,5.8224,-4.8430,2.7479,1.8106,2.7381,0.3725,7.2175
2025-06-29,15.6821,8.9467,8.2453,4.0511,10.8191,7.3597,7.5467
2025-06-30,1.2660,17.5740,1.5199,3.3868,2.6591,4.6846,0.3768
2025-07-01,-2.6198,14.0700,-0.8565,1.2683,3.7667,1.5881,-2.3954
2025-07-02,-8.9966,5.0557,-6.1246,-5.3257,-5.1666,-3.3229,-6.5462
2025-07-03,-4.7616,1.4225,-4.3860,-2.0016,-3.2336,-3.2971,-1.1774
2025-07-04,-0.5644,4.0375,-1.0029,2.1455,-1.8652,-0.7794,1.9739
2025-07-05,3.3988,1.6548,2.0196,3.0504,-0.7682,-0.0012,3.1844
2025-07-06,3.5331,-9.0211,-3.3784,-0.7082,0.7427,-1.0251,-3.1146
2025-07-07,3.1683,-7.3121,3.3219,6.4791,4.7363,3.2290,3.1223
2025-07-08,-7.9152,-12.3523,-3.7781,-3.7864,-3.8972,-2.5933,-9.2212
2025-07-09,6.4563,2.5307,5.1850,1.3394,7.2049,4.1823,4.4028
2025-07-10,11.4146,19.9455,7.1497,2.5916,11.6217,7.9111,13.3924
2025-07-11,-3.7916,16.0527,-3.3550,-3.7753,-5.2093,-0.7202,-1.6658
2025-07-12,1.4701,13.8880,3.0624,1.9741,0.8069,1.8361,2.1729
2025-07-13,6.0101,16.6128,2.3524,0.9349,3.4775,1.0455,2.4311
2025-07-14,-3.8268,8.7061,-1.4444,-1.1572,-0.6884,2.0412,-3.3638
2025-07-15,-0.7203,17.1996,2.0319,1.5590,4.1398,2.4816,1.3233
2025-07-16,-4.9146,4.6813,-3.0686,-2.3150,-2.2702,-2.7471,-1.9242
2025-07-17,1.5205,-4.6149,-0.1255,0.6820,1.9360,0.0869,3.9324
2025-07-18,1.8601,0.9884,0.9209,1.3163,1.0580,1.7903,3.4209
2025-07-19,2.5132,2.0265,1.3962,-0.8577,-0.5851,-1.4347,2.8714
2025-07-20,-1.5861,-5.2842,-0.9235,-3.6166,-4.3013,-2.1752,-1.9309
2025-07-21,-4.7135,-6.1574,-3.0511,-2.7947,-4.4454,-3.0588,-0.8247
2025-07-22,1.2116,-4.3314,5.2190,6.5993,1.5218,4.6369,2.8693
2025-07-23,2.9708,3.6023,4.8901,2.6072,2.8294,5.1193,3.2476
2025-07-24,-6.4278,-4.5090,-4.7279,-3.9526,-6.2895,-2.8002,-6.5942
2025-07-25,-8.9121,-14.6076,-8.0377,-7.2784,-11.6135,-3.3789,-7.8950
2025-07-26,3.5154,-13.7727,-0.2861,-0.8666,-1.3220,-0.7301,1.7052
2025-07-27,1.4729,-11.0925,0.1380,-1.4690,-4.6719,-0.1793,-2.0442
2025-07-28,-6.1702,-12.4517,-2.3663,-0.9828,-7.3412,-1.6337,-1.4431
2025-07-29,9.0033,-5.7118,5.6894,5.4678,8.2195,5.1789,7.6228
2025-07-30,3.7328,-5.0141,-1.3663,-3.7360,5.7705,0.5277,-2.5080
2025-07-31,5.5586,7.1535,0.9647,2.0163,7.2216,3.3167,-2.7780
2025-08-01,0.0704,17.7202,-0.7708,0.5345,0.4516,2.1996,-1.1375
2025-08-02,0.2431,13.9989,-0.8082,-1.5586,-1.7135,-1.1458,-0.1535
2025-08-03,2.8141,15.5056,2.4614,1.8689,0.5618,2.9310,4.1755
2025-08-04,-7.5237,13.8394,-5.4360,-2.5761,-6.8040,-4.4146,-1.4504
2025-08-05,3.0743,7.6474,1.1992,4.2315,3.5315,1.9443,3.4925
2025-08-06,-3.5222,0.1186,-3.3163,-3.1678,-3.9247,-3.0172,-5.3310
2025-08-07,-4.4021,-9.3287,-2.6817,-3.1387,-5.0379,-2.3291,-3.7529
2025-08-08,-1.1423,-10.4275,-2.6475,-2.4785,-3.9400,-0.8666,3.6721
2025-08-09,26.7431,13.2516,17.9585,16.4596,22.0337,14.2996,25.5227
2025-08-10,-1.8995,8.0596,-2.2259,-4.4056,-4.5319,-0.0656,-7.5411
2025-08-11,-12.9937,1.6678,-5.6767,-2.8951,-8.7243,-2.5529,-4.3028
2025-08-12,0.0303,-1.3346,0.9598,3.1543,3.1619,0.8227,0.9940
2025-08-13,-3.9898,-1.8129,-1.8993,-3.5408,-1.9680,-2.1109,-3.1124
2025-08-14,7.0788,9.9790,1.9625,0.3724,8.1277,0.4451,3.3137
2025-08-15,20.9752,34.5846,14.4053,15.5257,21.5136,21.9808,11.1031
2025-08-16,-9.0027,-3.3728,-14.2271,-12.1231,-8.3133,-5.0029,-14.3485
2025-08-17,-3.4711,-4.9209,-2.7650,-0.9786,-2.4822,-0.9368,-0.3822
2025-08-18,-7.9393,0.6025,-1.2787,0.7466,-4.1473,-1.1120,0.5094
2025-08-19,-2.3896,-1.8313,0.2191,0.8406,0.3186,-0.4975,-0.1240
2025-08-20,-2.4544,-0.2614,-0.4420,-0.6513,-2.4449,-2.7790,1.3006
2025-08-21,-3.4089,-10.0302,-2.8444,-3.3132,-4.3207,-4.5709,-1.1803
2025-08-22,0.3661,-25.3573,-1.3468,0.4830,-2.8378,0.8258,2.1798
2025-08-23,7.1590,-12.1002,0.9338,-2.5142,3.3908,-2.9196,3.3498
2025-08-24,9.9080,0.0829,3.9990,2.4164,7.1403,2.5134,4.4637
2025-08-25,-2.2292,6.2905,-3.2936,-3.1833,1.4892,-1.2738,0.8461
2025-08-26,1.0816,10.0705,1.0179,-0.8410,6.2957,2.0780,1.2471
2025-08-27,-0.4892,12.2880,3.5384,3.4685,2.4634,2.5668,4.2452
2025-08-28,-6.0302,9.2407,-4.2908,-4.4685,-5.9839,-3.5698,-3.1602
2025-08-29,0.4851,9.3702,-2.7235,-1.6367,-0.7267,-0.8602,2.7574
2025-08-30,3.1776,5.3066,0.7796,1.3822,-2.3723,-0.7664,-1.5488
2025-08-31,7.5346,3.0326,0.8151,-0.5981,3.5676,-1.1217,2.0746
2025-09-01,4.7048,10.3399,3.3005,3.4412,8.2708,4.9669,3.5366
2025-09-02,2.6724,12.0764,-0.8019,-2.5978,8.8928,0.9599,-2.6946
2025-09-03,-0.5752,11.9795,0.9903,-0.9899,2.2490,1.8686,-0.2261
2025-09-04,-4.2825,14.0622,-1.0933,-1.3786,-2.1750,1.9074,-2.5610
2025-09-05,-0.3223,13.1457,-3.4841,-3.2402,-1.9725,2.3270,-1.5001
2025-09-06,-2.9260,6.4524,-2.5421,-1.8205,-7.7157,-5.8199,-2.5758
2025-09-07,2.8529,1.8179,2.7420,3.2976,-1.9779,0.5090,1.5978
2025-09-08,-7.9798,-10.5170,-1.5405,0.5546,-9.0243,-3.4761,-1.5647
2025-09-09,-5.8052,-17.9056,-2.7121,-2.8406,-4.9427,-4.2288,-4.2033
2025-09-10,-2.1035,-19.1675,-0.9213,-0.8570,-0.5900,-3.6152,-3.2496
2025-09-11,2.3802,-13.5409,1.4552,0.8465,1.3164,-1.5733,1.6457
2025-09-12,0.0681,-13.2023,-1.2143,-2.0570,-1.5599,-1.8731,2.1858
2025-09-13,1.1240,-9.5810,1.7315,-1.6665,-1.7113,-0.8769,1.7414
2025-09-14,0.6619,-11.5071,1.1418,-1.9843,-0.6125,-1.1007,0.5983
2025-09-15,-6.3572,-9.9467,-0.6034,0.4460,-4.1614,-1.3276,-0.5990
2025-09-16,-2.0129,-6.3211,-0.0443,1.1682,0.3203,-0.4535,-1.1956
2025-09-17,-0.5269,-4.8124,-0.4540,1.0210,0.0644,-1.1975,-0.2431
2025-09-18,2.1750,-5.0032,-1.0205,-2.0743,1.8522,0.4317,0.0830
2025-09-19,-1.9910,-6.9579,-3.0163,-3.0104,-3.0118,-1.9759,-1.2340
2025-09-20,2.7246,-5.4853,1.3845,0.2557,-0.3381,-1.3250,-0.2525
2025-09-21,6.3158,-0.1767,3.8090,2.3495,3.1882,0.2439,3.4208
2025-09-22,-5.8453,0.3690,-0.2570,-0.4320,-3.0150,-1.5553,2.0283
2025-09-23,2.3698,4.8582,5.4181,2.6854,3.8144,2.7935,6.0093
2025-09-24,0.8740,6.3350,2.7497,-0.1820,1.3667,-0.1830,-0.6956
2025-09-25,-0.7636,3.2767,0.1700,-2.1349,-0.2636,-0.8797,-0.7418
2025-09-26,-1.6693,3.6157,-0.2380,-2.0009,-2.7480,-0.9511,-2.2601
2025-09-27,-0.4860,0.3772,0.9051,-1.4197,-3.5134,-2.2018,0.3729
2025-09-28,-0.2244,-5.7976,-1.0267,-4.6260,-1.9785,-2.8424,-2.6576
2025-09-29,-6.0966,-6.0491,-1.6680,1.1428,-6.1175,-2.6388,-4.0499
2025-09-30,10.0366,0.9872,8.6654,7.5853,11.1143,7.2064,5.8625
2025-10-01,8.3725,8.4941,5.5462,2.6335,10.1708,3.3855,3.3916
2025-10-02,14.4952,25.1763,8.5330,5.0483,16.8052,11.5586,9.0853
2025-10-03,-9.5973,15.0839,-5.4719,-3.9103,-8.1176,-3.7272,-7.8551
2025-10-04,-1.6015,13.7940,1.9842,0.7673,1.4701,-0.8977,-4.0642
2025-10-05,5.3025,20.0974,4.3255,3.0878,6.8446,-0.7267,2.1024
2025-10-06,7.0638,36.9288,1.5495,3.7610,10.3045,-4.2401,4.7704
2025-10-07,13.9690,41.8222,11.2890,11.6050,15.7430,8.4734,6.4736
2025-10-08,5.2820,37.7778,5.7417,2.5122,1.4773,3.8573,-1.8575
2025-10-09,0.8787,21.3924,1.7268,2.0033,-4.0491,-0.3464,0.9913
2025-10-10,1.1048,35.7631,2.5103,4.2165,-3.5750,-1.2563,3.9402
2025-10-11,2.5941,41.5518,1.3928,0.4785,-1.6681,-4.6147,1.3958
2025-10-12,3.6203,39.2905,5.4905,1.8998,0.0057,-0.1602,0.7166
2025-10-13,-8.7000,18.7818,1.8225,-2.7752,-11.6074,-2.9141,-1.2112
2025-10-14,-1.2769,2.8921,3.7740,0.8112,-3.1636,0.7427,-1.5207
2025-10-15,0.5707,-1.7122,4.2305,2.1926,-1.9838,1.7699,-1.0205
2025-10-16,-0.5241,-3.0789,-0.0164,-0.0648,-3.3255,-1.3474,-7.9803
2025-10-17,-2.0637,-6.1163,-2.4213,-2.0579,-6.8095,-1.9068,-2.8344
2025-10-18,1.5639,-7.0591,0.8622,-1.1505,-3.4320,-1.3454,-2.0438
2025-10-19,6.8461,-4.1657,5.9243,3.5723,1.8704,4.7304,4.0454
2025-10-20,7.5234,12.8634,10.0851,7.3415,4.3106,13.3149,-2.8613
2025-10-21,-1.7408,12.3330,2.3561,-0.6363,-3.0866,1.8784,-6.2083
2025-10-22,-0.3543,11.2998,5.4390,2.5344,-1.3543,6.4582,4.2367
2025-10-23,-0.5709,11.2474,1.3820,0.0330,-2.5816,-1.4342,-5.1350
2025-10-24,-4.0219,9.0231,-5.3723,-3.9085,-6.5864,-4.8561,-35.7108
2025-10-25,3.5740,11.1809,-0.6902,-0.9454,-0.4274,-1.7777,-31.1609
2025-10-26,5.7727,10.0639,-0.6514,0.6766,2.6802,-3.3554,-46.6178
2025-10-27,-3.9028,-1.6323,-4.1105,-1.8782,-5.5930,-4.6240,17.3198
2025-10-28,0.9290,1.0405,-2.0928,-2.4686,0.3800,-1.2359,2.9782
2025-10-29,-2.5235,-1.1591,-0.8230,-2.9422,-3.3754,-4.0594,1.7376
2025-10-30,-2.0114,-2.5911,-4.5135,-3.6983,-3.6060,-2.0572,-1.2048
2025-10-31,-3.0956,-1.6510,-4.3953,-2.9937,-5.3486,-1.9108,-2.2573
2025-11-01,5.2111,-0.0965,-0.2875,0.7673,2.3879,-1.7789,-0.5433
2025-11-02,7.5785,1.6091,-2.5654,1.3523,4.4361,-0.2922,6.0608
2025-11-03,-3.7231,1.7991,-1.5466,0.3242,-4.3147,-1.6701,12.0633
2025-11-04,-1.8396,-0.9934,-2.3818,-2.8512,-2.0549,-1.6190,-0.4168
2025-11-05,0.0491,1.6196,-7.8889,-7.8001,0.7366,-0.4464,-4.4512
2025-11-06,4.0736,7.9300,1.6365,4.3353,4.1695,3.7793,7.0117
2025-11-07,1.5299,13.0818,-0.4302,2.6848,1.8987,2.7043,5.5465
2025-11-08,7.0358,15.0430,1.7670,2.6601,6.6649,3.1010,-1.6835
2025-11-09,4.4499,11.6973,-1.6163,0.5311,6.1795,-0.2257,2.8020
2025-11-10,-6.1105,8.9276,0.2839,-1.0606,-3.2156,-0.2654,1.6722
2025-11-11,-0.2850,10.6527,2.3818,1.1859,1.3783,3.1420,4.3744
2025-11-12,-1.8514,8.5509,-0.7516,-1.0853,-0.6138,-0.8258,0.1551
2025-11-13,0.4549,4.7766,-1.2671,0.0954,0.1552,0.9549,0.7749
2025-11-14,-2.4027,0.7182,-4.7689,-2.2535,-2.9361,-1.5444,0.9655
2025-11-15,5.8758,-0.3733,-0.5954,1.3022,4.2369,1.1145,5.8926
2025-11-16,5.0545,0.2033,-2.3895,0.5879,6.1044,-0.0831,4.7586
2025-11-17,-6.7705,-0.5010,-1.4403,-1.1296,-3.3279,-1.0947,-2.4277
2025-11-18,-2.7394,-2.9501,-0.9097,-1.4096,-2.1920,-0.7758,1.1116
2025-11-19,-0.5631,-1.6763,0.0156,-0.0021,-1.2799,-0.3225,2.1771
2025-11-20,0.6193,-1.5154,-0.6354,0.7343,-1.4608,0.9684,2.3231
2025-11-21,-2.0774,-1.1871,-3.6127,-1.5909,-3.6813,-0.4840,1.1248
2025-11-22,6.1935,-0.8907,-0.2318,0.8267,3.4858,1.3480,7.6187
2025-11-23,2.8902,-2.9325,-3.8293,-1.4006,3.7507,-1.6068,6.2843
2025-11-24,-4.4842,-0.5521,0.2256,1.5272,-1.9714,1.5788,2.4438
2025-11-25,-1.1843,1.0379,-0.2537,0.1140,-1.5237,1.5027,-0.1205
2025-11-26,-1.8673,-0.2873,-2.1302,-1.4455,-3.2112,-0.6780,-1.4453
2025-11-27,0.2487,-0.6545,-1.0795,0.3954,-1.2655,1.3783,0.4660
2025-11-28,-1.1133,0.3236,-4.4329,-0.5119,-3.9055,-0.0099,1.9979
2025-11-29,3.2202,-2.4853,-2.3805,-2.3234,-0.2809,-1.8405,0.0947
2025-11-30,5.2898,-0.2110,-1.8008,-0.2105,3.8048,-1.1895,1.8006
2025-12-01,-5.9913,-1.7855,-1.1945,-0.8707,-4.2287,-2.1795,0.2421
2025-12-02,-0.7873,-1.3909,2.1470,0.2844,-2.1691,0.4582,0.5319
2025-12-03,-3.4339,-2.9650,-4.0992,-3.4416,-5.5294,-2.3463,-2.8041
2025-12-04,-0.6171,-3.8030,-3.4298,-0.5966,-3.6741,-0.2320,-1.9040
2025-12-05,0.2778,-2.4498,-3.1102,0.3534,-2.6293,2.0144,1.8140
2025-12-06,5.6148,-0.1867,0.0523,0.3274,0.9717,0.9875,3.3588
2025-12-07,2.2501,-3.0683,-3.1614,-1.8349,1.3190,-2.7982,-0.5932
2025-12-08,-4.7539,-1.7924,1.3649,1.1402,-3.6423,-0.9646,0.4816
2025-12-09,-2.4332,-3.4216,-0.4080,-1.4722,-2.8145,-0.5769,-1.6310
2025-12-10,-2.8920,-2.8796,-2.0029,-2.0664,-4.2276,-2.2422,-1.5690
2025-12-11,2.8347,0.4935,0.8503,3.1079,0.5511,3.1726,2.3765
2025-12-12,-3.2211,-3.0129,-6.1247,-2.7903,-4.6301,-1.4535,-0.2813
2025-12-13,8.7072,-0.1731,3.4804,3.1178,5.5229,4.5079,2.6063
2025-12-14,0.0400,-2.3308,-4.8217,-4.2909,0.7285,-3.1148,-3.0415
2025-12-15,-5.9501,-3.5576,-1.5018,-0.9490,-4.0259,0.4099,-3.9072
2025-12-16,-0.4489,-1.5962,1.2107,1.1408,1.0558,1.3190,0.7647
2025-12-17,-1.4623,-0.1475,-0.7984,-0.4804,-0.4720,-0.6130,0.2288
2025-12-18,-1.3934,-4.2530,-3.2852,-2.0155,-1.8552,-0.3322,-0.6683
2025-12-19,-4.3906,-5.4101,-6.7291,-3.7289,-5.8076,-2.6840,-2.6932
2025-12-20,2.7741,-10.5727,-3.2926,-2.1009,-0.8980,-2.1466,-2.7482
2025-12-21,4.0382,-6.9986,-0.8852,0.5178,1.4508,0.8297,1.6450
2025-12-22,-6.0077,-7.0555,-0.7636,-0.3022,-5.8903,-0.9983,0.3545
2025-12-23,1.2138,-5.5032,3.0790,2.6253,2.2284,1.7480,4.1145
2025-12-24,0.4974,-3.6239,0.6140,0.0329,1.1882,-0.6404,4.7247
2025-12-25,3.7346,1.3882,-4.2547,-3.6455,5.2678,2.3734,-3.3019
2025-12-26,-3.9528,1.8525,-3.4327,-0.3061,-4.2226,-2.3108,3.5348
2025-12-27,5.8581,4.9088,2.7963,1.2120,1.5622,2.0350,-0.3711
2025-12-28,1.6764,2.5273,-0.8416,-1.2368,0.9246,-0.2172,3.1853
2025-12-29,-7.7770,0.5973,-0.4553,-1.4415,-6.0603,-1.6826,3.2977
2025-12-30,-2.4674,-3.0615,0.7164,-0.7711,-1.7340,-2.6256,0.2889
2025-12-31,-4.5990,-7.9773,-3.0623,-3.7372,-4.6315,-5.1261,-2.7912
2026-01-01,2.4908,-9.0808,-0.0634,1.0903,2.9189,2.4186,2.7309
2026-01-02,-0.2340,-5.5605,-1.0631,2.0284,-0.4077,0.0998,-0.1947
2026-01-03,6.7190,-4.7925,2.3535,2.3263,4.5269,1.7079,3.8706
2026-01-04,-0.2373,-6.5844,-3.7826,-1.9958,-0.0231,-3.1919,-2.4703
2026-01-05,-7.0263,-5.8240,0.0674,-0.1780,-4.7827,-3.1714,-1.3880
2026-01-06,-5.8176,-9.0588,-2.8280,-3.1101,-4.6535,-6.7926,-4.6098
2026-01-07,0.7114,-3.9967,1.4496,2.7157,0.8181,-0.7040,2.3503
2026-01-08,-0.3545,-6.6618,-0.9524,-0.0439,0.1393,-0.5521,-3.7589
2026-01-09,-2.5005,-8.7823,-3.0042,-1.9108,-3.2472,-2.3221,0.5656
2026-01-10,7.9438,-7.7354,3.7594,3.3209,3.3790,2.8929,0.8554
2026-01-11,0.8632,-6.7176,-1.8992,-1.2836,-1.4362,-3.4130,-2.3552
2026-01-12,-5.8063,-5.4936,0.7319,0.4872,-3.0689,-1.6766,-2.4602
2026-01-13,-0.5907,-0.2487,2.5717,1.2020,1.5386,-0.1450,-1.1207
2026-01-14,-1.7812,-2.7176,-0.5935,-0.7095,0.2494,-2.6021,-1.8232
2026-01-15,0.6247,-1.7616,-0.0193,0.8128,2.5671,-0.2546,-1.1293
2026-01-16,-1.7113,-0.9664,-2.3275,-1.8251,-1.2559,-2.6947,0.3391
2026-01-17,8.2017,-0.7298,4.0874,3.6490,5.1890,1.7347,0.9390
2026-01-18,4.9617,3.3040,0.1378,1.3687,4.3444,0.2687,1.3334
2026-01-19,-2.2900,7.1604,2.8743,2.2791,2.0657,0.7112,3.2527
2026-01-20,2.1801,10.1472,3.5667,3.0802,6.6154,1.0258,2.2756
2026-01-21,0.4471,12.6462,-0.0941,0.4755,3.5383,0.2958,0.4642
2026-01-22,2.9145,15.2094,1.6598,2.5758,5.5070,1.8135,1.7565
2026-01-23,-3.9551,12.5793,-9.6922,-8.7008,-3.2499,0.1989,-2.9663
2026-01-24,2.9758,7.1420,-1.5913,-1.1401,0.2882,0.4261,-6.5422
2026-01-25,1.8180,3.9330,-1.6051,-0.5222,-0.4075,0.6081,-0.3173
2026-01-26,10.6059,17.6502,10.8289,8.1834,11.2514,17.3825,12.1318
2026-01-27,-14.5056,-1.5618,-9.2458,-8.8808,-10.7780,-6.2812,-10.2799
2026-01-28,-4.3422,-6.2554,-3.5022,-4.6292,-3.4834,-3.5564,-1.7424
2026-01-29,0.5186,-8.4378,-0.7549,-0.4462,-0.8584,-0.2951,0.4096
2026-01-30,0.7401,-3.9617,0.1877,0.4059,-1.3516,0.1738,1.4733
2026-01-31,6.7255,-0.4646,2.8243,1.1682,2.2501,2.5568,1.3655
2026-02-01,4.8599,2.5091,1.2958,-1.1837,3.3900,2.1875,1.6213
2026-02-02,-7.8357,-14.5824,-4.4823,-4.1769,-5.3037,-1.6417,-3.5972
2026-02-03,-0.1009,-0.1906,2.5820,1.5078,1.3180,0.6680,0.9375
2026-02-04,3.0033,7.4737,3.2672,3.2624,3.8772,2.3588,4.2199
2026-02-05,1.7513,8.7917,0.5975,1.2615,3.3248,2.2248,0.7509
2026-02-06,-1.6757,6.1828,-3.8311,-2.3260,-1.8346,-0.7330,0.7698
2026-02-07,6.3022,5.7617,1.4183,1.2379,3.4910,-0.0030,3.0809
2026-02-08,6.5724,7.4889,1.3041,2.7474,4.7503,2.3426,4.1772
2026-02-09,-5.4352,10.2885,0.3736,-0.3508,-3.6278,1.0779,-2.5216
2026-02-10,0.6605,11.1291,3.5669,1.3411,1.3422,1.7907,1.8074
2026-02-11,0.4507,8.3751,1.5394,0.7300,1.0275,-0.0780,0.5513
2026-02-12,1.9658,8.6035,0.3253,1.0219,2.3163,0.7889,2.0260
2026-02-13,-2.5258,7.6646,-3.7763,-2.4036,-4.6211,-2.4449,-2.5630
2026-02-14,6.9461,8.3167,1.7150,2.6594,2.0965,-0.6405,1.6086
2026-02-15,3.5837,5.2791,-1.4697,-0.2776,2.7823,-2.0415,0.7363
2026-02-16,-4.3002,6.5427,2.3337,0.8654,-2.7786,-0.7201,-0.8770
2026-02-17,-1.6221,4.1267,0.8355,-1.7143,-1.5248,-1.7846,-0.4377
2026-02-18,-3.4457,0.0877,-7.0315,-8.0511,-4.6761,-2.1942,-2.5696
2026-02-19,2.9275,1.0317,0.1765,2.0185,0.5086,0.7842,2.5885
2026-02-20,-1.4489,2.1479,-3.0311,-0.9793,-4.1283,-0.8158,0.7856
2026-02-21,5.0748,0.3606,-0.8959,0.0138,0.4398,-0.4716,-1.7926
2026-02-22,4.9180,1.6534,-1.1038,1.0505,3.6234,-1.2983,2.2904
2026-02-23,-5.3699,0.5171,0.4829,-0.0172,-3.7715,-1.7064,0.1897
2026-02-24,-2.2044,-0.0778,0.2114,-0.9557,-3.9623,-1.4630,-1.3230
2026-02-25,-1.0140,2.4387,-1.8594,-0.5031,-3.4880,-1.0852,-0.7072
2026-02-26,1.3134,0.8322,-2.2571,0.7127,-1.4947,0.6582,-0.1665
2026-02-27,-2.2623,0.0000,-5.2498,-1.7715,-5.3062,-1.8238,-0.9966
2026-02-28,4.3778,-0.6633,4.4481,-0.2861,-0.5765,-1.7390,0.3094
2026-03-01,3.8721,-1.6536,-4.9004,-0.3770,1.3781,-5.6798,0.8696
2026-03-02,-6.0704,-2.3816,-2.7750,-0.4638,-5.0785,-2.6534,-2.8661
2026-03-03,3.6212,3.4335,6.1357,4.5895,2.2196,4.9100,4.8211
2026-03-04,23.6279,29.1826,20.7347,12.3850,23.5676,28.2690,14.4009
2026-03-05,-14.6838,8.7848,-2.8216,-5.2318,-8.3176,5.9498,-1.1456
2026-03-06,-13.8137,-4.0722,-8.3727,-10.8248,-15.2934,-5.6446,-4.0288
2026-03-07,-1.5366,-9.5078,-1.6612,-4.7513,-8.6869,-4.1530,-6.8677
2026-03-08,3.2090,-10.0855,3.2918,1.0405,-2.0202,2.3487,-1.5441
2026-03-09,-8.6371,-12.5424,0.2558,-0.8771,-10.3575,-1.2986,2.9370
2026-03-10,-3.7376,-18.7534,2.0748,-0.1807,-4.9208,-0.7159,1.8505
2026-03-11,-1.0139,-34.9477,-1.4545,1.2284,-1.2676,-0.9668,3.8444
2026-03-12,-0.0539,-23.7926,-0.3062,1.3050,-0.9556,-1.0657,0.1548
2026-03-13,-0.7277,-12.2217,-4.1277,-2.7711,-0.9010,-4.1331,-1.5335
2026-03-14,10.9475,-1.0924,3.1521,5.3995,8.5555,1.3070,1.3972
2026-03-15,4.9340,0.5607,-8.2315,-4.0910,4.0911,-6.9265,-0.3473
2026-03-16,-4.2358,5.4051,-2.3719,1.3136,-1.7260,-3.7832,0.6295
2026-03-17,-1.1791,8.2066,0.1037,0.4263,3.6603,-4.1626,-0.3665
2026-03-18,-1.1999,8.0033,-2.8908,-0.1156,2.2257,-4.4221,0.2267
2026-03-19,-4.5267,3.1698,-9.8553,-8.8814,-1.2652,-7.4195,-6.0045
2026-03-20,17.4220,22.0321,6.3287,10.4368,19.2475,21.2041,17.0575
2026-03-21,2.0661,12.2634,-10.1716,-6.6618,6.5086,1.2323,-10.4695
2026-03-22,4.5138,11.8139,3.2770,5.7168,8.6784,5.2574,2.7413
2026-03-23,-10.6881,4.2802,-4.5015,-4.8894,-4.7993,-3.1565,-2.6694
2026-03-24,-1.0222,4.4458,3.3498,0.8051,2.3251,1.3113,0.2337
2026-03-25,-3.0216,2.5200,2.1512,-1.8506,-1.2495,-0.7971,2.0777
2026-03-26,-1.1335,6.1637,1.9701,-8.9467,-1.1893,5.1815,-3.4631
2026-03-27,-3.9142,-13.1268,-5.9480,-5.9779,-4.6655,-5.0374,0.6518
2026-03-28,0.9969,-14.0369,0.7606,-1.7153,-2.0373,-2.9392,-0.3047
2026-03-29,0.8785,-17.0269,2.3420,-0.2064,-0.9728,0.2985,-0.8639
2026-03-30,-7.0085,-13.6085,-1.2717,-1.9036,-6.0047,-3.0791,5.5981
2026-03-31,10.2382,-3.7801,2.6783,2.9449,11.5473,7.5053,8.5417
2026-04-01,-5.1158,-5.8579,-3.5700,-2.2595,-2.4589,-2.2847,4.3128
2026-04-02,-4.9482,-9.4902,-0.5841,-2.9463,-4.3595,0.1775,-1.8491
2026-04-03,0.1713,-5.6418,-10.5127,-5.4338,-1.5487,-4.1390,-3.2667
2026-04-04,5.7033,-1.2448,-3.6563,2.9967,3.6119,-2.2107,1.4332
2026-04-05,3.4051,1.2286,-3.8641,-0.0379,2.6169,-2.1875,-2.2762
2026-04-06,-5.6837,2.6708,3.1081,0.3612,-3.2952,-0.5922,4.2644
2026-04-07,1.9464,-5.0518,-3.3751,0.7568,3.8270,-0.5105,2.3294
2026-04-08,5.6963,5.7676,4.1114,5.0644,7.9323,7.9386,3.8321
2026-04-09,-0.9541,10.2120,-1.2029,1.2319,2.7269,2.5873,4.4370
2026-04-10,-2.0761,7.7393,-1.5499,-0.1994,0.0059,1.0912,5.0144
2026-04-11,0.7554,2.6961,4.7078,-1.5532,-0.1287,2.0096,6.5020
2026-04-12,6.5371,5.8066,11.0748,5.6410,6.0736,7.1614,10.8269
2026-04-13,-9.9554,1.0145,1.7352,-1.5024,-7.0870,-2.1044,-1.2896
2026-04-14,-2.8485,-3.7366,1.9494,-2.7851,-3.7204,1.4371,3.0043
2026-04-15,-8.7648,-16.9071,0.8298,-0.8670,-9.7195,-2.3840,0.1072
2026-04-16,-5.9130,-21.0673,2.5036,-0.7367,-6.9491,1.4465,0.0723
2026-04-17,-1.5919,-20.6770,0.2953,1.7417,-4.4211,1.8259,2.1349
2026-04-18,3.3667,-18.6211,4.6389,2.3643,-0.6941,0.8383,-3.7460
2026-04-19,0.3035,-23.3827,1.8640,-0.6283,-1.6230,0.4300,-4.9526
2026-04-20,-7.6478,-21.4192,0.2359,1.5918,-6.4860,-1.2931,-0.1525
2026-04-21,-1.8487,-20.6105,0.8855,0.1622,-0.4570,-1.1907,-3.0333
2026-04-22,-4.1773,-16.6186,-0.3679,-0.8370,-3.0980,-2.0899,-4.3464
2026-04-23,-4.5758,-15.4336,-1.3739,-1.3843,-3.5509,-1.1259,-3.4277
2026-04-24,-3.7970,-17.3285,-2.3958,-0.3404,-4.3212,-0.8178,-3.2067
2026-04-25,-1.3505,-21.1013,-1.8559,-2.2636,-4.0743,-3.4886,-5.7452
2026-04-26,1.1319,-20.4497,-0.7238,-0.5979,-1.0571,-1.3304,-4.8482
2026-04-27,-5.7267,-18.7949,-0.7982,2.2652,-6.2423,-1.8441,-1.4480
2026-04-28,-1.5271,-18.5289,-3.0500,-6.1712,-0.4867,-2.7976,-5.0701
2026-04-29,6.6333,-9.3374,3.1076,5.5093,6.7995,2.1484,2.4757
2026-04-30,5.0702,-0.1727,1.4392,1.7821,5.5906,0.1042,3.3430
2026-05-01,10.2926,14.4477,-0.0099,0.8934,11.1646,3.4012,3.9001
2026-05-02,-6.8988,8.0110,-5.6943,-5.2952,-8.1428,-8.0959,-9.4119
2026-05-03,6.7630,14.0251,4.9172,3.0985,8.0016,2.7590,3.4357
2026-05-04,6.3312,28.6093,1.3640,1.4366,9.2810,2.0574,10.4604
2026-05-05,2.2929,33.5985,0.8108,-1.7095,5.0803,1.5320,2.3981
2026-05-06,-1.0190,24.0111,4.3619,2.7480,2.0306,1.3370,0.2319
2026-05-07,-0.0185,18.0050,-0.7805,-2.3713,2.9616,-1.0519,0.5478
2026-05-08,-0.4426,6.5191,-1.1471,2.2571,0.2395,1.0729,1.8067
2026-05-09,-3.6599,10.2247,0.5991,-2.9154,-4.9323,-2.4676,-0.9484
2026-05-10,0.0889,3.3342,2.9339,0.9225,0.0005,0.3648,1.9721
2026-05-11,-10.9290,-13.4395,-3.0412,-1.8014,-10.3765,-5.0824,-2.4585
2026-05-12,-6.0910,-20.5340,-2.9615,-1.7205,-3.1098,-5.0807,-2.4884
2026-05-13,1.4333,-18.5652,2.8492,4.5972,3.2357,1.1467,5.8228
2026-05-14,-0.4282,-18.8988,0.9636,1.1961,-0.1833,0.5161,5.2999
2026-05-15,-2.4617,-20.5436,-1.4790,-0.9856,-2.5141,1.0160,2.7831
2026-05-16,0.6935,-16.9532,1.1091,-1.7662,-0.6916,-0.9606,1.3650
2026-05-17,-0.6086,-17.5319,0.1868,-2.6681,-2.1661,-0.5974,-3.0797
2026-05-18,-9.4242,-16.1387,-2.5288,-1.7216,-9.6048,-0.9868,4.7711
2026-05-19,-3.3010,-13.6472,1.1028,0.4388,-4.2958,1.6962,2.1778
2026-05-20,-3.9776,-18.2536,-2.3884,-1.6525,-5.3937,0.0637,-1.3661
2026-05-21,-1.7867,-19.3689,-1.7964,-0.6724,-3.9320,1.6229,0.4850
2026-05-22,0.5971,-16.8403,-1.0779,0.8659,-1.3071,3.8592,1.3261
2026-05-23,4.3089,-13.8545,0.8702,0.3519,0.2978,1.5660,0.2195
2026-05-24,3.8408,-9.9980,0.6783,0.3001,0.4879,0.2641,-2.4696
2026-05-25,-9.7391,-10.3109,-4.7174,-3.6437,-10.9185,-4.1232,4.9719
2026-05-26,2.0609,-5.3377,2.9328,3.0152,2.5777,3.6376,4.5777
2026-05-27,0.7472,-0.6799,-1.5532,-0.9558,-0.0382,-0.1638,-2.1589
2026-05-28,1.7766,2.9236,-0.4043,-0.6515,0.9505,-0.8644,1.4027
2026-05-29,12.8923,15.5032,4.1883,1.3826,12.3390,4.4799,4.8113
2026-05-30,14.4399,26.7214,5.2118,7.1511,12.6823,0.7958,5.5731
2026-05-31,8.4549,32.3522,1.8392,-4.8968,8.1999,0.3330,-1.0736
2026-06-01,-9.1710,33.1852,-4.2364,-4.7919,-5.4847,-5.8702,-5.3849
2026-06-02,-6.7195,21.7272,-1.7634,-2.5098,1.0049,-3.7899,-4.0179
2026-06-03,-6.5491,12.9115,0.3357,-0.7039,-1.3611,-3.2177,-3.9446
2026-06-04,1.4239,12.5202,3.4438,5.7277,3.7741,1.5726,3.0688
2026-06-05,8.6082,8.2502,3.2043,-1.2211,9.4424,4.3884,4.9533
2026-06-06,-4.3570,-9.5301,-1.0400,-4.1227,-6.8545,-3.1465,-4.2563
2026-06-07,2.4636,-14.5278,1.9005,2.5170,5.4995,0.7479,4.2332
2026-06-08,-10.7714,-16.0338,-2.2945,-2.0540,-8.6791,-1.8407,1.7452
2026-06-09,-4.5342,-14.0668,1.2549,-0.2561,-1.2389,-0.7374,1.4363
2026-06-10,-3.8638,-11.5975,-0.1492,-1.0559,-3.4607,-2.1439,-1.2130
2026-06-11,1.8810,-11.1990,-1.2033,-5.0963,1.6607,-3.3001,-11.5512
2026-06-12,15.7201,-5.3842,1.3133,1.3792,14.6081,3.5544,-5.9054
2026-06-13,11.0809,9.8879,5.3421,3.8389,8.9461,5.5319,-2.0673
2026-06-14,-3.5968,3.3884,-2.7591,-5.7290,-0.1825,-1.3869,-2.4235
2026-06-15,-2.4544,13.0251,1.5000,3.9408,5.3119,3.2190,4.2164
2026-06-16,5.8495,25.3188,1.4211,-0.9123,11.3949,3.2452,7.3344
2026-06-17,-1.7154,28.1194,3.8439,2.7875,1.5210,4.2662,2.8410
2026-06-18,-10.8761,12.0768,-1.9313,-4.7145,-8.0616,-2.3176,-7.0309
2026-06-19,-1.2069,-4.3172,-0.4193,1.0878,0.9154,0.7328,0.6261
2026-06-20,-2.1856,-15.7447,-2.0498,-4.0573,-4.2103,-3.9024,-3.9940
2026-06-21,5.8328,-7.5034,3.0441,1.1586,5.7863,3.6916,1.6996
2026-06-22,-1.3036,-6.4121,1.2201,3.5292,-1.0928,0.0788,0.6159
2026-06-23,-1.8398,-13.2107,0.1911,1.7383,-1.0625,-1.3183,-4.9630
2026-06-24,-0.9726,-12.5548,-1.3471,0.3789,0.1529,-2.1856,-0.3957
2026-06-25,-2.9900,-4.8173,-0.0992,-0.6833,-2.4614,-0.0107,-4.3676
2026-06-26,-0.3377,-3.9799,-2.4118,-1.9177,-0.6925,1.0499,-0.8035
2026-06-27,-5.3407,-7.0770,-3.9168,-6.5371,-6.6676,-6.0492,-1.8576
2026-06-28,-0.5672,-12.6963,0.1012,-2.4338,-0.5604,-0.4608,-1.9053
2026-06-29,-7.4634,-18.1451,-3.1894,-2.4143,-7.9564,-2.4669,-4.0191
2026-06-30,-1.3934,-17.7728,-4.9999,-6.4980,-0.9107,-5.4907,-3.4439
2026-07-01,8.3965,-9.9932,-1.2292,-2.6266,7.5296,2.4837,4.0537
2026-07-02,10.8977,2.8919,2.5531,0.9078,7.5998,3.7246,7.8149
2026-07-03,-4.8465,-1.7629,-5.9663,-6.4076,-6.5166,-4.5018,-1.5955
2026-07-04,-0.4726,3.2891,-0.1695,-3.5831,-1.0147,-3.3259,1.6849
2026-07-05,8.9902,13.2171,5.6636,4.6109,6.4852,3.0883,8.0739
2026-07-06,-8.4738,11.9809,-3.2854,1.1957,-9.1523,-3.6174,-1.9382
2026-07-07,2.4821,16.3820,0.6459,0.3121,2.8429,0.6452,4.2186
2026-07-08,13.7479,22.1277,5.6004,5.8638,13.4437,8.1320,8.4678
2026-07-09,9.0745,20.1199,-1.4767,1.3742,8.9021,5.3786,4.8467
2026-07-10,-6.2803,18.3099,-2.9148,-0.8499,-4.1989,1.2266,-17.1514
2026-07-11,-3.5627,14.6367,0.6719,-0.2623,0.0312,-2.0533,14.6902
2026-07-12,-4.8181,0.1130,-2.7662,-3.2263,-3.5881,-4.2199,-7.8991
2026-07-13,-8.9769,-0.4373,-2.5613,-0.5423,-7.9331,-4.0635,-7.5292
2026-07-14,-1.2760,-4.0884,-0.8415,-0.1323,0.0044,-4.2565,-0.3926
2026-07-15,-2.2465,-17.5748,-3.4738,-2.2246,-2.4536,-6.1289,-1.7207
2026-07-16,-4.8816,-28.1211,-3.2824,-3.1585,-5.2668,-3.7934,-3.8536
2026-07-17,-0.0649,-23.3542,-0.6442,1.5000,-0.6224,-2.4492,-0.0126
2026-07-18,2.3919,-18.6216,-0.2630,-1.8383,1.1778,-2.9328,1.4704
2026-07-19,3.0627,-11.8837,-1.8326,-1.3312,-0.2380,-4.4703,2.7702
2026-07-20,1.2671,-1.9668,-4.0399,-1.1512,-0.5486,-3.9415,2.0176
2026-07-21,12.5195,11.7322,5.2704,4.6341,12.2562,8.1337,8.8120
2026-07-22,-0.1629,14.1137,-0.5260,-1.6155,-1.0671,-0.5588,-1.2192
2026-07-23,-1.3759,18.3196,-1.2899,-0.4327,0.9316,0.2119,3.5534
2026-07-24,-0.5625,17.7304,-2.9212,-3.2717,1.4362,0.6946,4.4114
2026-07-25,0.6782,15.7600,0.1269,0.6285,2.0656,-0.6378,0.3677
2026-07-26,0.4989,12.8803,1.7168,1.3291,0.9746,1.3139,2.4594
2026-07-27,-9.7762,0.5706,-3.1564,-0.2991,-8.3024,-2.6044,-4.8591
2026-07-28,11.8652,-0.0142,4.4841,2.5567,12.6942,3.9829,8.4260
2026-07-29,-0.1982,-0.0495,-0.2902,0.2434,-0.0155,0.1108,-6.2465
2026-07-30,-6.5423,-5.2854,-5.1855,-5.6754,-5.0182,-5.3938,-5.6935
2026-07-31,1.9972,-2.8473,-0.0412,1.4796,2.3789,1.3072,1.9011
2026-08-01,1.1465,-2.3954,-1.6377,-1.5170,-0.5084,-3.8614,-0.9667
2026-08-02,3.2774,0.3031,0.3973,1.0653,2.2419,-1.0730,2.4681
2026-08-03,-7.8402,2.4553,-5.2572,-1.4768,-6.8457,-5.0936,-3.9425
2026-08-04,4.7849,-4.0294,-0.6312,-3.8125,6.4900,-1.4744,6.1933
2026-08-05,1.6255,-2.2757,0.5943,-0.4402,2.5401,3.0456,0.3060
2026-08-06,9.1754,14.1595,4.6286,0.3034,10.7194,6.8544,8.1962
2026-08-07,7.6060,20.4372,0.5955,0.2520,9.5245,6.4358,4.4695
2026-08-08,1.3674,20.7002,1.7581,-1.5076,1.1125,3.9130,-1.8363
2026-08-09,-5.1118,10.8957,-1.7379,-2.8793,-3.1986,-0.5093,-0.8229
2026-08-10,-9.5766,8.8063,-5.0620,-0.1679,-6.4546,-4.2786,-3.5981
2026-08-11,2.4770,6.4098,1.0076,0.3748,6.4528,2.4599,4.2792
2026-08-12,-5.2888,-0.8300,-1.4040,-1.9057,-5.6076,-0.7759,-2.9680
2026-08-13,-3.3674,-12.2233,-1.8558,-0.4596,-3.5220,-1.3706,-3.0187
2026-08-14,6.2020,-13.3685,0.2750,-0.6686,4.8207,2.4363,4.2283
2026-08-15,15.6006,-1.2044,7.9303,8.4851,12.8362,11.3679,6.7523
2026-08-16,-7.6923,-3.8912,-5.6735,-6.7357,-9.2671,-5.8114,-7.5318
2026-08-17,-9.5652,-3.8791,-4.6997,-1.9030,-4.9549,-4.3163,-3.9721
2026-08-18,1.0781,-5.1912,1.8350,2.9569,2.0674,0.3573,1.9051
2026-08-19,-2.8810,-2.7809,-1.9092,-2.0433,-4.3623,-4.0597,-1.7700
2026-08-20,-1.7623,-1.1661,-2.9255,-2.7321,-2.4902,-4.3775,-3.0025
2026-08-21,-2.6158,-9.3722,-2.4855,-1.4560,-4.4650,-2.5857,-3.6432
2026-08-22,4.5700,-18.0199,-0.8947,-1.4197,1.9961,-3.1832,-1.5259
2026-08-23,7.1791,-4.8123,2.6446,1.8118,5.3834,3.0761,5.4321
2026-08-24,-1.2916,3.8961,-0.1998,1.3743,0.0509,1.9855,5.8074
2026-08-25,4.3914,7.3018,3.8521,3.2942,6.8591,4.7374,5.3774
2026-08-26,-2.2261,8.0254,-6.0628,-7.8901,-1.2910,-3.5959,-5.9181
2026-08-27,-2.9843,6.6816,0.3776,2.7861,-1.7208,2.9512,2.3044
2026-08-28,7.8059,18.0983,10.0471,9.6438,7.3565,9.8065,11.7254
2026-08-29,-4.1664,8.2316,-1.1216,-4.8694,-6.5480,-3.5251,-1.7099
2026-08-30,0.8594,1.8498,0.1384,-1.7553,1.2943,-1.0692,-0.6719
2026-08-31,-5.0152,-1.9923,-0.5962,0.1886,-4.0873,-0.7371,-3.3949
2026-09-01,-1.4386,-7.4657,-1.2202,-0.7510,-0.8540,-3.2125,-1.7631
2026-09-02,2.1877,-3.2885,-2.5434,-4.0590,2.0682,-4.5884,-1.9509
2026-09-03,0.7865,0.4705,-1.2448,-3.1409,0.0877,-3.2859,-1.9149
2026-09-04,7.1800,-0.1129,-1.4803,-3.0316,7.4275,3.0616,3.0747
2026-09-05,9.3130,13.9367,2.5332,-2.2984,10.0354,-0.6764,4.3451
2026-09-06,10.8729,25.2486,2.9640,1.2393,14.4559,1.9562,6.9481
2026-09-07,-10.5791,17.9119,-0.1459,-2.1442,-9.2675,1.2252,-5.6864
2026-09-08,-7.1985,11.0211,-1.3877,-3.1241,-2.7003,-4.1844,-4.4317
2026-09-09,-5.0320,3.1773,-0.9100,-2.1360,-3.3888,-3.1217,-1.8482
2026-09-10,-3.3757,-1.0836,-0.4362,-1.6127,-2.9304,-2.4538,-1.2038
2026-09-11,2.7550,-5.1674,-0.6527,-1.7279,2.4720,-1.3218,2.4557
2026-09-12,4.4739,-9.3654,1.2017,-2.0266,2.0282,-0.2541,-2.4401
2026-09-13,1.9383,-16.6692,0.4430,-0.0065,1.3410,0.6145,0.7714
2026-09-14,-7.4889,-13.7895,-4.1646,-2.5418,-7.1657,-4.7906,0.2574
2026-09-15,-2.5625,-9.4827,-1.4877,-1.2499,-1.1170,-3.8392,-2.9200
2026-09-16,-2.0667,-6.6564,1.2998,-0.7003,-2.3773,0.6436,0.2390
2026-09-17,3.7813,0.2577,1.6669,-4.1999,2.6149,-0.8824,2.0897
2026-09-18,4.0957,1.5658,0.1121,-2.6597,1.0830,-1.3973,0.1051
2026-09-19,1.2403,-1.5779,-0.6200,-2.5250,-0.4403,-3.9840,-3.8860
2026-09-20,4.5019,0.8973,2.9352,2.1070,4.8495,1.4337,1.1231
2026-09-21,-6.7110,1.7457,-1.5911,-0.7980,-6.6521,-2.2024,-0.2857
2026-09-22,-2.0876,2.2417,1.7548,0.5547,-0.0413,0.5724,1.4159
2026-09-23,-1.6670,2.6590,1.2960,0.3404,-1.6022,-0.4575,1.7739
2026-09-24,0.0482,-1.0338,-1.5065,-4.1457,-0.7979,-2.2621,0.2539
2026-09-25,6.2459,1.0105,0.0976,-2.1522,4.2578,-0.0253,1.7479
2026-09-26,20.4215,20.1481,10.4986,10.0432,18.4879,4.9295,9.6262
2026-09-27,16.3776,33.8019,10.5417,7.4004,13.5910,4.7310,7.2460
2026-09-28,-5.4067,35.6727,-1.4482,-1.9651,-6.6573,-3.7875,-0.8059
2026-09-29,0.2530,38.9159,6.3232,2.3277,6.1512,2.7770,2.5466
2026-09-30,-6.9624,31.4350,-0.4447,-2.7207,-6.6274,-4.7197,-4.2380
2026-10-01,-4.7352,25.1509,-0.6240,-0.4635,-4.1848,-3.4527,-2.8483
2026-10-02,10.6087,30.2900,7.7455,7.6186,10.4770,7.2088,10.1909
2026-10-03,-9.8633,-2.4766,-5.1391,-4.2789,-14.0633,-13.9066,-9.0965
